Timestamp,Open,High,Low,Close,Volume
1771809600.0,65111.0,65210.0,65080.0,65122.0,17.26133882
1771809660.0,65125.0,65259.0,65125.0,65213.0,4.93309767
1771809720.0,65214.0,65214.0,65067.0,65067.0,5.27519917
1771809780.0,65066.0,65259.0,65000.0,65126.0,16.23536809
1771809840.0,65104.0,65118.0,64926.0,65096.0,32.49164005
1771809900.0,65037.0,65088.0,65000.0,65060.0,9.01021266
1771809960.0,65069.0,65096.0,65000.0,65058.0,1.66515559
1771810020.0,65059.0,65293.0,65000.0,65190.0,33.09420784
1771810080.0,65190.0,65244.0,65087.0,65171.0,6.43417182
1771810140.0,65171.0,65172.0,65037.0,65037.0,2.96858722
1771810200.0,65037.0,65051.0,65000.0,65034.0,25.55936273
1771810260.0,65037.0,65154.0,65037.0,65109.0,2.56381598
1771810320.0,65112.0,65203.0,65104.0,65107.0,1.98250517
1771810380.0,65106.0,65120.0,65032.0,65087.0,2.61928623
1771810440.0,65087.0,65262.0,65087.0,65253.0,6.57031275
1771810500.0,65242.0,65242.0,65139.0,65217.0,1.62101069
1771810560.0,65211.0,65247.0,65191.0,65191.0,1.94965563
1771810620.0,65190.0,65301.0,65183.0,65256.0,19.70592072
1771810680.0,65255.0,65375.0,65255.0,65364.0,11.64580551
1771810740.0,65362.0,65362.0,65294.0,65359.0,5.42464219
1771810800.0,65378.0,65378.0,65199.0,65205.0,6.43401525
1771810860.0,65210.0,65234.0,65196.0,65196.0,1.40920719
1771810920.0,65201.0,65217.0,65147.0,65163.0,1.63263377
1771810980.0,65163.0,65163.0,65116.0,65133.0,1.26222677
1771811040.0,65125.0,65147.0,65108.0,65111.0,0.63404502
1771811100.0,65111.0,65152.0,65004.0,65004.0,36.06702646
1771811160.0,65004.0,65051.0,64746.0,64783.0,53.17276384
1771811220.0,64741.0,64885.0,64258.0,64869.0,48.04797074
1771811280.0,64874.0,64874.0,64653.0,64763.0,9.67137391
1771811340.0,64765.0,64765.0,64573.0,64651.0,22.95372138
1771811400.0,64652.0,64848.0,64615.0,64781.0,38.72100489
1771811460.0,64776.0,64776.0,64657.0,64657.0,4.92223182
1771811520.0,64644.0,64644.0,64537.0,64553.0,8.05397346
1771811580.0,64553.0,64561.0,64379.0,64436.0,37.95114039
1771811640.0,64443.0,64474.0,64380.0,64426.0,5.73417064
1771811700.0,64427.0,64520.0,64408.0,64479.0,3.35703542
1771811760.0,64479.0,64679.0,64479.0,64656.0,5.66973309
1771811820.0,64613.0,64650.0,64576.0,64591.0,23.70508503
1771811880.0,64591.0,64629.0,64583.0,64599.0,68.64440927
1771811940.0,64598.0,64598.0,64361.0,64409.0,45.57466491
1771812000.0,64408.0,64447.0,64329.0,64440.0,27.95034206
1771812060.0,64443.0,64457.0,64324.0,64413.0,3.93286319
1771812120.0,64425.0,64438.0,64352.0,64426.0,5.95287497
1771812180.0,64425.0,64578.0,64425.0,64553.0,6.40090645
1771812240.0,64552.0,64676.0,64496.0,64571.0,5.36276648
1771812300.0,64570.0,64685.0,64570.0,64601.0,2.51206317
1771812360.0,64610.0,64643.0,64583.0,64597.0,1.50676732
1771812420.0,64597.0,64620.0,64591.0,64598.0,4.1397977
1771812480.0,64596.0,64682.0,64596.0,64666.0,3.08702098
1771812540.0,64675.0,64715.0,64675.0,64715.0,34.43401843
1771812600.0,64715.0,64770.0,64661.0,64670.0,12.70821662
1771812660.0,64670.0,64682.0,64611.0,64611.0,1.96365149
1771812720.0,64610.0,64686.0,64578.0,64661.0,2.97338832
1771812780.0,64651.0,64725.0,64605.0,64715.0,2.28199712
1771812840.0,64714.0,64744.0,64696.0,64731.0,1.95626609
1771812900.0,64758.0,64767.0,64698.0,64708.0,1.97404834
1771812960.0,64708.0,64793.0,64705.0,64785.0,6.93272995
1771813020.0,64767.0,64790.0,64716.0,64773.0,1.38241599
1771813080.0,64734.0,64764.0,64687.0,64696.0,2.31291133
1771813140.0,64703.0,64713.0,64676.0,64682.0,4.78542394
1771813200.0,64682.0,64747.0,64682.0,64725.0,2.73850329
1771813260.0,64725.0,64741.0,64682.0,64687.0,0.44515753
1771813320.0,64685.0,64688.0,64585.0,64618.0,3.6122645
1771813380.0,64621.0,64621.0,64533.0,64561.0,2.98683719
1771813440.0,64563.0,64577.0,64502.0,64523.0,2.1709409
1771813500.0,64528.0,64581.0,64528.0,64580.0,1.22849366
1771813560.0,64582.0,64613.0,64546.0,64596.0,0.79664708
1771813620.0,64596.0,64637.0,64568.0,64620.0,7.53665642
1771813680.0,64620.0,64688.0,64620.0,64688.0,1.5155199
1771813740.0,64689.0,64748.0,64667.0,64748.0,0.77051539
1771813800.0,64738.0,64809.0,64738.0,64809.0,11.10811209
1771813860.0,64808.0,64871.0,64802.0,64870.0,5.43668708
1771813920.0,64871.0,64886.0,64804.0,64809.0,3.82407336
1771813980.0,64808.0,64876.0,64805.0,64872.0,6.14603656
1771814040.0,64871.0,64885.0,64852.0,64885.0,1.27997252
1771814100.0,64886.0,64887.0,64803.0,64821.0,2.27670967
1771814160.0,64821.0,64857.0,64821.0,64848.0,1.32876925
1771814220.0,64848.0,64883.0,64812.0,64812.0,1.15797343
1771814280.0,64806.0,64809.0,64770.0,64779.0,4.91847518
1771814340.0,64780.0,64784.0,64708.0,64749.0,5.83391406
1771814400.0,64748.0,64767.0,64681.0,64767.0,5.03138892
1771814460.0,64764.0,64764.0,64700.0,64710.0,2.91001242
1771814520.0,64701.0,64750.0,64677.0,64750.0,0.77935828
1771814580.0,64753.0,64763.0,64741.0,64763.0,1.22605769
1771814640.0,64767.0,64830.0,64767.0,64830.0,7.23535251
1771814700.0,64830.0,64876.0,64830.0,64844.0,2.311913
1771814760.0,64844.0,64858.0,64799.0,64813.0,1.95216803
1771814820.0,64813.0,64839.0,64795.0,64795.0,1.90151889
1771814880.0,64789.0,64814.0,64761.0,64788.0,11.12341091
1771814940.0,64782.0,64782.0,64756.0,64769.0,3.08211075
1771815000.0,64769.0,64816.0,64769.0,64814.0,1.97957999
1771815060.0,64809.0,64827.0,64787.0,64827.0,0.75908386
1771815120.0,64827.0,64832.0,64773.0,64783.0,2.93575219
1771815180.0,64790.0,64802.0,64756.0,64762.0,1.88552739
1771815240.0,64763.0,64763.0,64717.0,64727.0,1.10960303
1771815300.0,64727.0,64746.0,64699.0,64699.0,1.0586123
1771815360.0,64699.0,64726.0,64699.0,64705.0,2.01383928
1771815420.0,64705.0,64748.0,64705.0,64725.0,0.91561521
1771815480.0,64725.0,64757.0,64709.0,64746.0,1.66047183
1771815540.0,64746.0,64783.0,64746.0,64778.0,0.42578002
1771815600.0,64779.0,64782.0,64763.0,64781.0,1.42859047
1771815660.0,64782.0,64810.0,64776.0,64792.0,1.77247251
1771815720.0,64791.0,64799.0,64784.0,64799.0,0.15846494
1771815780.0,64799.0,64801.0,64781.0,64785.0,1.42195777
1771815840.0,64784.0,64887.0,64781.0,64881.0,2.26818454
1771815900.0,64881.0,64916.0,64875.0,64916.0,4.99235958
1771815960.0,64918.0,65035.0,64918.0,65013.0,14.99401998
1771816020.0,65012.0,65019.0,64998.0,65015.0,3.4868788
1771816080.0,65015.0,65015.0,64971.0,64974.0,0.77892048
1771816140.0,64975.0,64992.0,64961.0,64961.0,1.71490117
1771816200.0,64948.0,64948.0,64840.0,64851.0,2.41784034
1771816260.0,64852.0,64891.0,64836.0,64867.0,2.87322074
1771816320.0,64866.0,64899.0,64847.0,64899.0,0.50048063
1771816380.0,64899.0,64904.0,64874.0,64895.0,0.44823537
1771816440.0,64895.0,64939.0,64895.0,64929.0,1.45751558
1771816500.0,64919.0,64919.0,64883.0,64883.0,1.66547402
1771816560.0,64883.0,64883.0,64793.0,64793.0,0.95451595
1771816620.0,64794.0,64823.0,64778.0,64778.0,2.53880025
1771816680.0,64778.0,64778.0,64705.0,64738.0,3.5403907
1771816740.0,64741.0,64770.0,64740.0,64769.0,0.94870143
1771816800.0,64769.0,64776.0,64755.0,64755.0,0.47482377
1771816860.0,64718.0,64735.0,64706.0,64735.0,1.86829084
1771816920.0,64736.0,64756.0,64735.0,64756.0,0.2844288
1771816980.0,64756.0,64768.0,64735.0,64739.0,0.17724076
1771817040.0,64738.0,64751.0,64738.0,64749.0,0.87891159
1771817100.0,64744.0,64746.0,64734.0,64746.0,5.39132001
1771817160.0,64745.0,64745.0,64683.0,64684.0,0.21318142
1771817220.0,64684.0,64702.0,64684.0,64702.0,0.24387179
1771817280.0,64702.0,64752.0,64702.0,64752.0,0.36265202
1771817340.0,64753.0,64753.0,64737.0,64745.0,2.0126082
1771817400.0,64745.0,64850.0,64745.0,64847.0,1.57531483
1771817460.0,64847.0,64854.0,64765.0,64765.0,1.14055173
1771817520.0,64766.0,64815.0,64744.0,64777.0,4.61727065
1771817580.0,64778.0,64800.0,64701.0,64737.0,3.6601977
1771817640.0,64737.0,64763.0,64721.0,64763.0,1.52252143
1771817700.0,64761.0,64766.0,64740.0,64766.0,0.85258822
1771817760.0,64765.0,64863.0,64765.0,64846.0,6.05976718
1771817820.0,64847.0,64879.0,64847.0,64874.0,1.47555297
1771817880.0,64878.0,64894.0,64875.0,64881.0,0.83681495
1771817940.0,64881.0,64890.0,64881.0,64883.0,0.36653589
1771818000.0,64883.0,64923.0,64883.0,64923.0,1.05055551
1771818060.0,64924.0,64977.0,64924.0,64973.0,1.04973218
1771818120.0,64968.0,64971.0,64933.0,64933.0,1.61958085
1771818180.0,64932.0,64942.0,64926.0,64936.0,0.69743771
1771818240.0,64937.0,65003.0,64937.0,65002.0,1.14552724
1771818300.0,65003.0,65003.0,64960.0,64960.0,1.16902088
1771818360.0,64960.0,64960.0,64899.0,64899.0,1.17104471
1771818420.0,64899.0,64936.0,64899.0,64929.0,5.750801
1771818480.0,64925.0,64948.0,64921.0,64947.0,0.04730263
1771818540.0,64947.0,64947.0,64915.0,64918.0,0.89653762
1771818600.0,64918.0,64931.0,64918.0,64930.0,1.63478007
1771818660.0,64930.0,64933.0,64916.0,64933.0,1.59979162
1771818720.0,64933.0,64968.0,64919.0,64953.0,11.22887642
1771818780.0,64955.0,64994.0,64955.0,64976.0,0.58233391
1771818840.0,64975.0,64975.0,64968.0,64970.0,0.20116027
1771818900.0,64970.0,64974.0,64961.0,64973.0,1.40968743
1771818960.0,64974.0,64996.0,64974.0,64996.0,0.44517514
1771819020.0,64995.0,64995.0,64959.0,64960.0,0.35338135
1771819080.0,64960.0,64971.0,64948.0,64948.0,0.18744665
1771819140.0,64948.0,64948.0,64933.0,64933.0,0.69732674
1771819200.0,64933.0,64979.0,64933.0,64973.0,3.59173687
1771819260.0,64974.0,64985.0,64955.0,64966.0,1.58138333
1771819320.0,64966.0,64966.0,64933.0,64949.0,0.38053211
1771819380.0,64948.0,64948.0,64888.0,64900.0,1.42917626
1771819440.0,64900.0,64919.0,64886.0,64905.0,0.47376731
1771819500.0,64906.0,64913.0,64839.0,64839.0,5.86908503
1771819560.0,64839.0,64861.0,64817.0,64861.0,1.28533068
1771819620.0,64861.0,64861.0,64825.0,64850.0,1.07054033
1771819680.0,64849.0,64909.0,64845.0,64909.0,0.38353212
1771819740.0,64909.0,64929.0,64908.0,64928.0,1.03077778
1771819800.0,64928.0,64929.0,64920.0,64924.0,0.74399888
1771819860.0,64924.0,64960.0,64924.0,64960.0,0.7910003
1771819920.0,64960.0,64978.0,64957.0,64978.0,0.91330299
1771819980.0,64983.0,65014.0,64979.0,65012.0,2.36456297
1771820040.0,65008.0,65010.0,65006.0,65008.0,0.32204445
1771820100.0,65007.0,65007.0,64969.0,64969.0,0.26621722
1771820160.0,64961.0,64961.0,64893.0,64901.0,2.80350033
1771820220.0,64893.0,64913.0,64883.0,64913.0,0.30777471
1771820280.0,64900.0,64930.0,64900.0,64928.0,0.13150591
1771820340.0,64932.0,64955.0,64928.0,64937.0,1.54422367
1771820400.0,64933.0,64933.0,64817.0,64817.0,1.98833082
1771820460.0,64818.0,64818.0,64789.0,64810.0,0.52328805
1771820520.0,64803.0,64803.0,64789.0,64790.0,0.49443092
1771820580.0,64790.0,64790.0,64780.0,64780.0,0.79872245
1771820640.0,64780.0,64782.0,64779.0,64782.0,0.10834839
1771820700.0,64784.0,64784.0,64707.0,64732.0,3.19853379
1771820760.0,64731.0,64741.0,64731.0,64741.0,0.02478817
1771820820.0,64741.0,64758.0,64740.0,64758.0,0.22192824
1771820880.0,64766.0,64766.0,64751.0,64752.0,0.2221604
1771820940.0,64753.0,64761.0,64753.0,64760.0,0.61873741
1771821000.0,64760.0,64801.0,64754.0,64781.0,0.46374507
1771821060.0,64784.0,64808.0,64770.0,64774.0,1.05178996
1771821120.0,64774.0,64774.0,64747.0,64752.0,0.21744846
1771821180.0,64752.0,64775.0,64752.0,64760.0,0.72547149
1771821240.0,64760.0,64760.0,64751.0,64755.0,0.08994529
1771821300.0,64758.0,64759.0,64758.0,64759.0,0.0107584
1771821360.0,64759.0,64768.0,64740.0,64740.0,0.76647689
1771821420.0,64740.0,64740.0,64702.0,64702.0,0.6755651
1771821480.0,64703.0,64717.0,64703.0,64716.0,1.05749512
1771821540.0,64716.0,64716.0,64669.0,64670.0,1.58030222
1771821600.0,64681.0,64697.0,64675.0,64675.0,0.02603852
1771821660.0,64676.0,64700.0,64676.0,64676.0,1.03856756
1771821720.0,64673.0,64699.0,64673.0,64698.0,0.05776006
1771821780.0,64696.0,64706.0,64685.0,64706.0,0.34608722
1771821840.0,64706.0,64726.0,64706.0,64709.0,0.73410842
1771821900.0,64704.0,64717.0,64704.0,64707.0,0.47044636
1771821960.0,64701.0,64703.0,64700.0,64703.0,0.20142456
1771822020.0,64703.0,64714.0,64702.0,64714.0,0.34726391
1771822080.0,64714.0,64714.0,64700.0,64706.0,0.17985975
1771822140.0,64706.0,64706.0,64677.0,64692.0,9.89737111
1771822200.0,64692.0,64722.0,64692.0,64720.0,0.75900346
1771822260.0,64720.0,64730.0,64713.0,64713.0,0.61128911
1771822320.0,64713.0,64715.0,64701.0,64715.0,0.82814617
1771822380.0,64721.0,64742.0,64721.0,64742.0,0.68577094
1771822440.0,64743.0,64792.0,64743.0,64792.0,0.061321
1771822500.0,64792.0,64792.0,64791.0,64792.0,1.15177104
1771822560.0,64792.0,64809.0,64789.0,64809.0,0.58090012
1771822620.0,64809.0,64809.0,64789.0,64799.0,1.33199298
1771822680.0,64799.0,64803.0,64799.0,64803.0,0.0406087
1771822740.0,64803.0,64803.0,64800.0,64800.0,0.27201844
1771822800.0,64800.0,64832.0,64797.0,64808.0,0.58728708
1771822860.0,64808.0,64828.0,64803.0,64828.0,0.31113706
1771822920.0,64828.0,64840.0,64811.0,64819.0,1.1536968
1771822980.0,64819.0,64844.0,64817.0,64841.0,0.29555622
1771823040.0,64838.0,64856.0,64838.0,64855.0,0.0196508
1771823100.0,64855.0,64901.0,64855.0,64880.0,0.55933157
1771823160.0,64886.0,64929.0,64886.0,64928.0,0.03912028
1771823220.0,64929.0,64962.0,64922.0,64923.0,0.61630458
1771823280.0,64923.0,64932.0,64923.0,64932.0,0.22431367
1771823340.0,64932.0,64949.0,64932.0,64946.0,0.53248713
1771823400.0,64954.0,65151.0,64954.0,65125.0,18.92678932
1771823460.0,65125.0,65125.0,65082.0,65109.0,1.77785364
1771823520.0,65110.0,65110.0,65051.0,65056.0,1.47619905
1771823580.0,65050.0,65096.0,65049.0,65095.0,0.97928159
1771823640.0,65075.0,65091.0,65068.0,65080.0,1.20546303
1771823700.0,65080.0,65080.0,65070.0,65072.0,0.24383723
1771823760.0,65085.0,65106.0,65079.0,65093.0,0.16009682
1771823820.0,65094.0,65159.0,65094.0,65159.0,3.91777283
1771823880.0,65160.0,65193.0,65160.0,65175.0,0.86848766
1771823940.0,65175.0,65208.0,65084.0,65098.0,8.31138848
1771824000.0,65098.0,65098.0,65048.0,65066.0,0.50307157
1771824060.0,65065.0,65096.0,65059.0,65067.0,1.47040765
1771824120.0,65067.0,65084.0,65052.0,65084.0,1.19131547
1771824180.0,65083.0,65099.0,65080.0,65093.0,0.50272059
1771824240.0,65088.0,65088.0,65027.0,65027.0,1.12254361
1771824300.0,65031.0,65040.0,64913.0,64933.0,2.28001777
1771824360.0,64933.0,64933.0,64909.0,64921.0,1.96444316
1771824420.0,64921.0,64970.0,64921.0,64958.0,1.3529907
1771824480.0,64924.0,64984.0,64924.0,64984.0,2.23045937
1771824540.0,64984.0,65035.0,64984.0,65028.0,3.16844744
1771824600.0,65040.0,65084.0,65040.0,65051.0,1.48072104
1771824660.0,65044.0,65056.0,65044.0,65054.0,0.39951354
1771824720.0,65054.0,65119.0,65054.0,65106.0,3.82852052
1771824780.0,65106.0,65106.0,65086.0,65089.0,2.87852644
1771824840.0,65090.0,65090.0,65068.0,65081.0,0.63312447
1771824900.0,65081.0,65107.0,65081.0,65107.0,0.16127637
1771824960.0,65106.0,65106.0,65032.0,65052.0,4.84406377
1771825020.0,65051.0,65061.0,65014.0,65015.0,1.76401968
1771825080.0,65016.0,65033.0,65000.0,65029.0,0.28748157
1771825140.0,65032.0,65068.0,65032.0,65035.0,2.31843526
1771825200.0,65026.0,65031.0,65014.0,65028.0,0.65935562
1771825260.0,65027.0,65065.0,65027.0,65055.0,0.56561393
1771825320.0,65056.0,65056.0,65035.0,65036.0,0.05405188
1771825380.0,65034.0,65036.0,65033.0,65035.0,0.16179653
1771825440.0,65035.0,65035.0,65011.0,65012.0,0.73736084
1771825500.0,65010.0,65011.0,64987.0,65011.0,0.49798162
1771825560.0,65011.0,65035.0,65010.0,65034.0,0.09153582
1771825620.0,65035.0,65069.0,65011.0,65011.0,2.17045201
1771825680.0,65011.0,65011.0,64980.0,64981.0,0.44264403
1771825740.0,64980.0,64987.0,64953.0,64987.0,0.05621594
1771825800.0,64986.0,64995.0,64981.0,64994.0,1.81753034
1771825860.0,64995.0,65001.0,64994.0,65001.0,0.89796473
1771825920.0,65010.0,65010.0,64977.0,64981.0,0.07705529
1771825980.0,65004.0,65019.0,64991.0,64991.0,5.0497839
1771826040.0,64994.0,64997.0,64965.0,64993.0,0.43675282
1771826100.0,64993.0,64993.0,64973.0,64983.0,0.28066274
1771826160.0,64972.0,64977.0,64951.0,64976.0,0.42337515
1771826220.0,64975.0,64976.0,64975.0,64976.0,0.073858
1771826280.0,64977.0,65026.0,64977.0,65026.0,0.08053534
1771826340.0,65039.0,65048.0,65039.0,65042.0,0.22714566
1771826400.0,65052.0,65052.0,65010.0,65031.0,0.94697687
1771826460.0,65032.0,65046.0,65032.0,65032.0,0.23736044
1771826520.0,65029.0,65057.0,65029.0,65057.0,4.10147816
1771826580.0,65057.0,65081.0,65057.0,65080.0,1.28479647
1771826640.0,65080.0,65102.0,65070.0,65102.0,1.95766008
1771826700.0,65102.0,65122.0,65102.0,65122.0,4.40507523
1771826760.0,65121.0,65165.0,65115.0,65162.0,1.3857194
1771826820.0,65164.0,65165.0,65100.0,65122.0,2.43769605
1771826880.0,65122.0,65173.0,65122.0,65156.0,3.110934
1771826940.0,65156.0,65178.0,65156.0,65178.0,2.40685999
1771827000.0,65178.0,65179.0,65162.0,65179.0,0.40238411
1771827060.0,65183.0,65289.0,65183.0,65254.0,4.46691808
1771827120.0,65257.0,65299.0,65257.0,65281.0,3.17735672
1771827180.0,65283.0,65371.0,65283.0,65318.0,0.99005498
1771827240.0,65317.0,65345.0,65314.0,65345.0,0.17362525
1771827300.0,65344.0,65351.0,65295.0,65351.0,1.96425821
1771827360.0,65356.0,65357.0,65340.0,65344.0,0.09605124
1771827420.0,65345.0,65355.0,65326.0,65343.0,1.66280745
1771827480.0,65342.0,65342.0,65316.0,65316.0,0.11606264
1771827540.0,65315.0,65321.0,65296.0,65303.0,0.86801969
1771827600.0,65303.0,65336.0,65303.0,65330.0,0.67915517
1771827660.0,65337.0,65338.0,65330.0,65333.0,0.17835641
1771827720.0,65338.0,65439.0,65338.0,65438.0,1.73982355
1771827780.0,65436.0,65436.0,65400.0,65400.0,2.19790489
1771827840.0,65377.0,65386.0,65376.0,65378.0,0.26425687
1771827900.0,65372.0,65382.0,65350.0,65373.0,0.13438507
1771827960.0,65373.0,65381.0,65356.0,65361.0,0.90574244
1771828020.0,65361.0,65362.0,65301.0,65322.0,2.39267585
1771828080.0,65314.0,65332.0,65309.0,65332.0,0.4496301
1771828140.0,65332.0,65332.0,65306.0,65306.0,0.28701883
1771828200.0,65299.0,65306.0,65282.0,65285.0,0.64464263
1771828260.0,65282.0,65298.0,65279.0,65298.0,2.15519468
1771828320.0,65297.0,65340.0,65297.0,65335.0,3.68660048
1771828380.0,65336.0,65354.0,65334.0,65344.0,0.25815573
1771828440.0,65345.0,65402.0,65345.0,65402.0,0.16414511
1771828500.0,65401.0,65415.0,65401.0,65413.0,0.2344041
1771828560.0,65413.0,65579.0,65413.0,65508.0,5.18242017
1771828620.0,65502.0,65657.0,65500.0,65573.0,11.59362546
1771828680.0,65574.0,65656.0,65574.0,65607.0,1.84002349
1771828740.0,65605.0,65662.0,65588.0,65604.0,2.97134624
1771828800.0,65612.0,65626.0,65585.0,65585.0,1.54074991
1771828860.0,65586.0,65588.0,65501.0,65502.0,3.25184432
1771828920.0,65502.0,65539.0,65502.0,65539.0,0.54140612
1771828980.0,65538.0,65574.0,65537.0,65565.0,0.32289844
1771829040.0,65566.0,65568.0,65503.0,65519.0,1.66942787
1771829100.0,65520.0,65606.0,65517.0,65606.0,0.93409337
1771829160.0,65620.0,65667.0,65618.0,65665.0,1.0332405
1771829220.0,65665.0,65678.0,65647.0,65678.0,38.14321192
1771829280.0,65678.0,65692.0,65657.0,65664.0,3.89734228
1771829340.0,65664.0,65667.0,65631.0,65642.0,2.21623569
1771829400.0,65642.0,65702.0,65642.0,65684.0,2.3283465
1771829460.0,65702.0,65723.0,65673.0,65673.0,2.49579289
1771829520.0,65673.0,65718.0,65673.0,65694.0,1.88694731
1771829580.0,65695.0,65699.0,65657.0,65671.0,2.09104395
1771829640.0,65700.0,65781.0,65694.0,65780.0,6.75610997
1771829700.0,65780.0,65780.0,65715.0,65725.0,0.80452574
1771829760.0,65730.0,65749.0,65730.0,65734.0,1.48835622
1771829820.0,65733.0,65734.0,65699.0,65699.0,0.4379647
1771829880.0,65698.0,65778.0,65698.0,65761.0,28.4258981
1771829940.0,65760.0,65760.0,65741.0,65749.0,1.07783661
1771830000.0,65749.0,65796.0,65744.0,65796.0,2.15838576
1771830060.0,65796.0,65812.0,65761.0,65802.0,10.20868206
1771830120.0,65802.0,65804.0,65756.0,65758.0,1.28869155
1771830180.0,65753.0,65781.0,65752.0,65781.0,1.06784452
1771830240.0,65784.0,65812.0,65784.0,65812.0,0.57721886
1771830300.0,65812.0,65870.0,65801.0,65851.0,68.87703058
1771830360.0,65855.0,65865.0,65835.0,65856.0,3.58578505
1771830420.0,65861.0,65861.0,65817.0,65817.0,1.16966023
1771830480.0,65817.0,65817.0,65733.0,65734.0,2.36332131
1771830540.0,65732.0,65762.0,65732.0,65734.0,0.73944078
1771830600.0,65722.0,65760.0,65684.0,65755.0,5.12426143
1771830660.0,65755.0,65785.0,65742.0,65785.0,1.83520766
1771830720.0,65787.0,65854.0,65773.0,65851.0,2.34666455
1771830780.0,65847.0,65859.0,65833.0,65840.0,2.43830492
1771830840.0,65839.0,65839.0,65765.0,65768.0,0.73455054
1771830900.0,65768.0,65769.0,65739.0,65748.0,0.35148446
1771830960.0,65747.0,65747.0,65651.0,65713.0,6.1589165
1771831020.0,65713.0,65760.0,65713.0,65760.0,13.30936228
1771831080.0,65773.0,65828.0,65773.0,65828.0,10.68156666
1771831140.0,65821.0,65822.0,65780.0,65780.0,3.54956858
1771831200.0,65776.0,65776.0,65754.0,65759.0,1.41352768
1771831260.0,65758.0,65766.0,65717.0,65743.0,2.77374983
1771831320.0,65744.0,65758.0,65714.0,65714.0,0.66880441
1771831380.0,65724.0,65724.0,65703.0,65711.0,0.56451875
1771831440.0,65711.0,65736.0,65710.0,65729.0,0.80290023
1771831500.0,65729.0,65803.0,65729.0,65772.0,1.59507764
1771831560.0,65768.0,65768.0,65716.0,65720.0,0.46446775
1771831620.0,65709.0,65727.0,65709.0,65726.0,0.6348495
1771831680.0,65727.0,65727.0,65727.0,65727.0,0.00683029
1771831740.0,65728.0,65738.0,65685.0,65685.0,3.95669236
1771831800.0,65677.0,65722.0,65677.0,65722.0,0.65151845
1771831860.0,65721.0,65723.0,65697.0,65697.0,0.68365584
1771831920.0,65696.0,65723.0,65682.0,65716.0,0.51668539
1771831980.0,65721.0,65722.0,65700.0,65706.0,0.91637328
1771832040.0,65717.0,65757.0,65717.0,65757.0,0.08210225
1771832100.0,65760.0,65779.0,65760.0,65769.0,1.43446628
1771832160.0,65777.0,65777.0,65763.0,65774.0,3.98700725
1771832220.0,65774.0,65808.0,65774.0,65807.0,0.57901846
1771832280.0,65808.0,65822.0,65808.0,65821.0,0.05117277
1771832340.0,65822.0,65936.0,65822.0,65936.0,7.44499531
1771832400.0,65937.0,66000.0,65937.0,65976.0,7.29202845
1771832460.0,65988.0,65988.0,65937.0,65938.0,2.13345039
1771832520.0,65941.0,65960.0,65907.0,65923.0,0.28509818
1771832580.0,65924.0,65940.0,65907.0,65928.0,0.76367402
1771832640.0,65926.0,65937.0,65926.0,65936.0,0.11889299
1771832700.0,65933.0,65956.0,65933.0,65955.0,0.51829978
1771832760.0,65956.0,65969.0,65904.0,65904.0,0.46479945
1771832820.0,65911.0,65911.0,65880.0,65903.0,1.12567139
1771832880.0,65901.0,65924.0,65901.0,65924.0,0.12025093
1771832940.0,65928.0,65928.0,65902.0,65902.0,0.89740926
1771833000.0,65903.0,65908.0,65896.0,65908.0,0.3351008
1771833060.0,65908.0,65933.0,65908.0,65933.0,1.90853335
1771833120.0,65933.0,65933.0,65931.0,65933.0,0.17965868
1771833180.0,65939.0,65939.0,65920.0,65929.0,0.67057724
1771833240.0,65933.0,65962.0,65932.0,65961.0,0.01639701
1771833300.0,65935.0,65936.0,65923.0,65923.0,2.03643859
1771833360.0,65939.0,65952.0,65935.0,65935.0,0.52509171
1771833420.0,65935.0,65937.0,65924.0,65937.0,0.21597766
1771833480.0,65949.0,65949.0,65937.0,65937.0,0.55901368
1771833540.0,65950.0,65950.0,65945.0,65945.0,0.21369093
1771833600.0,65944.0,65944.0,65906.0,65940.0,1.03840005
1771833660.0,65942.0,65942.0,65818.0,65818.0,4.00146089
1771833720.0,65838.0,65883.0,65837.0,65846.0,1.46461578
1771833780.0,65860.0,65861.0,65756.0,65757.0,0.73041947
1771833840.0,65757.0,65806.0,65747.0,65806.0,2.94327622
1771833900.0,65805.0,65805.0,65782.0,65782.0,0.17444417
1771833960.0,65793.0,65798.0,65741.0,65747.0,2.61109503
1771834020.0,65761.0,65821.0,65761.0,65812.0,2.26525878
1771834080.0,65809.0,65817.0,65731.0,65772.0,2.51082169
1771834140.0,65762.0,65762.0,65711.0,65711.0,1.03515925
1771834200.0,65726.0,65758.0,65726.0,65743.0,6.92705389
1771834260.0,65743.0,65775.0,65743.0,65775.0,1.05218346
1771834320.0,65790.0,65804.0,65762.0,65790.0,1.17545163
1771834380.0,65786.0,65806.0,65778.0,65795.0,0.63440009
1771834440.0,65794.0,65826.0,65794.0,65826.0,0.70240608
1771834500.0,65840.0,65872.0,65830.0,65830.0,1.27342186
1771834560.0,65835.0,65835.0,65818.0,65820.0,0.09825434
1771834620.0,65820.0,65820.0,65775.0,65775.0,0.592496
1771834680.0,65764.0,65788.0,65746.0,65746.0,0.42063854
1771834740.0,65767.0,65770.0,65743.0,65756.0,5.11529489
1771834800.0,65755.0,65755.0,65718.0,65719.0,0.23259151
1771834860.0,65718.0,65739.0,65702.0,65726.0,0.80439427
1771834920.0,65725.0,65733.0,65699.0,65729.0,1.20596409
1771834980.0,65728.0,65728.0,65686.0,65686.0,0.07709161
1771835040.0,65680.0,65680.0,65618.0,65644.0,3.63951545
1771835100.0,65640.0,65641.0,65591.0,65639.0,3.61673653
1771835160.0,65639.0,65672.0,65623.0,65669.0,0.47984964
1771835220.0,65669.0,65687.0,65666.0,65687.0,3.37679982
1771835280.0,65687.0,65694.0,65685.0,65694.0,1.28839829
1771835340.0,65697.0,65697.0,65681.0,65682.0,0.27164254
1771835400.0,65681.0,65720.0,65662.0,65707.0,0.65395866
1771835460.0,65705.0,65725.0,65705.0,65719.0,0.0399409
1771835520.0,65720.0,65720.0,65680.0,65684.0,0.2127163
1771835580.0,65685.0,65685.0,65640.0,65640.0,0.22575562
1771835640.0,65640.0,65655.0,65611.0,65654.0,0.91671876
1771835700.0,65655.0,65655.0,65621.0,65635.0,0.30915242
1771835760.0,65632.0,65632.0,65609.0,65615.0,0.2867115
1771835820.0,65622.0,65627.0,65597.0,65627.0,1.18310425
1771835880.0,65628.0,65631.0,65577.0,65577.0,0.94789193
1771835940.0,65575.0,65616.0,65574.0,65610.0,0.96600668
1771836000.0,65610.0,65612.0,65600.0,65607.0,0.15913106
1771836060.0,65607.0,65607.0,65596.0,65601.0,0.05267988
1771836120.0,65600.0,65600.0,65592.0,65592.0,0.21837278
1771836180.0,65591.0,65591.0,65578.0,65588.0,0.1280876
1771836240.0,65588.0,65608.0,65587.0,65607.0,0.43826477
1771836300.0,65605.0,65631.0,65605.0,65609.0,1.45406255
1771836360.0,65609.0,65616.0,65605.0,65605.0,0.35004495
1771836420.0,65598.0,65631.0,65598.0,65631.0,1.23299737
1771836480.0,65633.0,65633.0,65597.0,65597.0,0.03262718
1771836540.0,65598.0,65600.0,65598.0,65599.0,0.23824632
1771836600.0,65600.0,65600.0,65591.0,65591.0,10.31117528
1771836660.0,65591.0,65599.0,65570.0,65592.0,20.81613582
1771836720.0,65592.0,65612.0,65554.0,65582.0,2.5724856
1771836780.0,65580.0,65599.0,65579.0,65599.0,0.84984779
1771836840.0,65599.0,65610.0,65571.0,65576.0,0.53731772
1771836900.0,65576.0,65620.0,65576.0,65613.0,0.67256703
1771836960.0,65613.0,65619.0,65613.0,65619.0,0.4526614
1771837020.0,65619.0,65671.0,65619.0,65670.0,0.85201948
1771837080.0,65671.0,65677.0,65665.0,65674.0,1.61971738
1771837140.0,65674.0,65674.0,65669.0,65669.0,0.02675241
1771837200.0,65667.0,65756.0,65661.0,65754.0,21.07997178
1771837260.0,65740.0,65743.0,65726.0,65729.0,1.79071275
1771837320.0,65730.0,65745.0,65730.0,65745.0,1.7023667
1771837380.0,65749.0,65805.0,65749.0,65800.0,4.65318226
1771837440.0,65803.0,65804.0,65795.0,65795.0,0.48709209
1771837500.0,65799.0,65799.0,65741.0,65742.0,2.75018059
1771837560.0,65750.0,65794.0,65750.0,65794.0,1.25139361
1771837620.0,65793.0,65793.0,65779.0,65791.0,0.41951708
1771837680.0,65791.0,65812.0,65791.0,65812.0,0.54660494
1771837740.0,65811.0,65811.0,65762.0,65765.0,0.48488048
1771837800.0,65773.0,65791.0,65773.0,65791.0,0.12623724
1771837860.0,65794.0,65818.0,65794.0,65818.0,0.20281397
1771837920.0,65817.0,65817.0,65778.0,65778.0,2.27625522
1771837980.0,65778.0,65797.0,65778.0,65797.0,0.28468516
1771838040.0,65815.0,65815.0,65809.0,65809.0,0.0575619
1771838100.0,65808.0,65808.0,65799.0,65802.0,0.29159042
1771838160.0,65802.0,65833.0,65801.0,65833.0,0.36879553
1771838220.0,65833.0,65833.0,65786.0,65786.0,0.7143141
1771838280.0,65786.0,65786.0,65729.0,65729.0,0.7438839
1771838340.0,65729.0,65731.0,65718.0,65731.0,0.61587071
1771838400.0,65731.0,65737.0,65731.0,65735.0,0.27761594
1771838460.0,65741.0,65741.0,65726.0,65726.0,1.27152523
1771838520.0,65727.0,65743.0,65727.0,65742.0,0.16291189
1771838580.0,65739.0,65739.0,65705.0,65710.0,0.51304718
1771838640.0,65716.0,65743.0,65704.0,65743.0,0.28434341
1771838700.0,65755.0,65766.0,65743.0,65765.0,0.1700775
1771838760.0,65765.0,65769.0,65755.0,65755.0,0.24503611
1771838820.0,65761.0,65761.0,65760.0,65760.0,0.00758169
1771838880.0,65788.0,65810.0,65788.0,65799.0,0.18896615
1771838940.0,65799.0,65862.0,65799.0,65841.0,2.4622708
1771839000.0,65840.0,65917.0,65820.0,65903.0,1.1868432
1771839060.0,65900.0,66071.0,65900.0,66062.0,5.25399928
1771839120.0,66062.0,66190.0,66062.0,66185.0,5.83326282
1771839180.0,66186.0,66236.0,66154.0,66156.0,6.00707763
1771839240.0,66165.0,66165.0,66141.0,66150.0,2.14633117
1771839300.0,66145.0,66193.0,66145.0,66167.0,0.43018103
1771839360.0,66182.0,66214.0,66178.0,66178.0,2.51969776
1771839420.0,66178.0,66299.0,66178.0,66281.0,4.79347652
1771839480.0,66273.0,66327.0,66273.0,66292.0,4.073907
1771839540.0,66307.0,66307.0,66272.0,66274.0,1.7710807
1771839600.0,66273.0,66291.0,66234.0,66244.0,1.08309097
1771839660.0,66258.0,66268.0,66248.0,66249.0,0.59503621
1771839720.0,66267.0,66272.0,66250.0,66250.0,0.4011254
1771839780.0,66251.0,66298.0,66251.0,66289.0,1.00129568
1771839840.0,66270.0,66282.0,66264.0,66268.0,0.33453885
1771839900.0,66290.0,66314.0,66277.0,66299.0,3.71857493
1771839960.0,66288.0,66399.0,66288.0,66377.0,11.40958817
1771840020.0,66400.0,66417.0,66366.0,66366.0,0.41340296
1771840080.0,66378.0,66378.0,66278.0,66282.0,2.56841487
1771840140.0,66282.0,66319.0,66282.0,66307.0,1.11289186
1771840200.0,66307.0,66313.0,66242.0,66247.0,2.4664934
1771840260.0,66247.0,66283.0,66247.0,66278.0,0.9201183
1771840320.0,66281.0,66378.0,66281.0,66378.0,0.73309569
1771840380.0,66377.0,66377.0,66341.0,66345.0,1.10115925
1771840440.0,66369.0,66449.0,66368.0,66445.0,1.32161658
1771840500.0,66439.0,66439.0,66395.0,66395.0,0.78801105
1771840560.0,66395.0,66437.0,66381.0,66437.0,0.85313999
1771840620.0,66438.0,66438.0,66386.0,66386.0,2.32746316
1771840680.0,66386.0,66395.0,66385.0,66385.0,1.19552965
1771840740.0,66374.0,66388.0,66374.0,66388.0,0.46514163
1771840800.0,66395.0,66396.0,66331.0,66341.0,1.6412844
1771840860.0,66345.0,66500.0,66345.0,66484.0,1.44853911
1771840920.0,66467.0,66575.0,66467.0,66505.0,18.00625995
1771840980.0,66522.0,66544.0,66451.0,66451.0,1.24282434
1771841040.0,66447.0,66467.0,66445.0,66467.0,0.63338517
1771841100.0,66477.0,66503.0,66364.0,66410.0,2.09756206
1771841160.0,66423.0,66432.0,66407.0,66410.0,0.64092857
1771841220.0,66407.0,66407.0,66374.0,66385.0,0.41800486
1771841280.0,66385.0,66419.0,66385.0,66404.0,3.68486325
1771841340.0,66402.0,66406.0,66343.0,66346.0,3.46252101
1771841400.0,66349.0,66371.0,66343.0,66347.0,8.8026867
1771841460.0,66347.0,66386.0,66347.0,66385.0,1.18156583
1771841520.0,66385.0,66388.0,66327.0,66327.0,8.16508086
1771841580.0,66320.0,66330.0,66320.0,66323.0,0.06559885
1771841640.0,66320.0,66320.0,66302.0,66302.0,2.06043298
1771841700.0,66304.0,66308.0,66273.0,66277.0,3.72628599
1771841760.0,66273.0,66301.0,66273.0,66300.0,0.51881846
1771841820.0,66316.0,66364.0,66316.0,66363.0,2.39612922
1771841880.0,66365.0,66388.0,66365.0,66376.0,0.78993095
1771841940.0,66378.0,66450.0,66373.0,66450.0,3.72121376
1771842000.0,66438.0,66476.0,66433.0,66476.0,0.45806212
1771842060.0,66479.0,66502.0,66460.0,66487.0,3.51926426
1771842120.0,66482.0,66482.0,66430.0,66446.0,1.61827339
1771842180.0,66436.0,66439.0,66436.0,66438.0,0.25264035
1771842240.0,66438.0,66438.0,66422.0,66434.0,0.32784228
1771842300.0,66434.0,66434.0,66421.0,66421.0,0.66592304
1771842360.0,66413.0,66426.0,66376.0,66413.0,2.03311207
1771842420.0,66392.0,66392.0,66390.0,66390.0,0.02383324
1771842480.0,66380.0,66380.0,66356.0,66356.0,0.0214393
1771842540.0,66354.0,66355.0,66346.0,66355.0,0.14220328
1771842600.0,66356.0,66356.0,66345.0,66355.0,0.10603913
1771842660.0,66359.0,66366.0,66359.0,66366.0,0.0227227
1771842720.0,66367.0,66367.0,66280.0,66280.0,1.12212882
1771842780.0,66279.0,66293.0,66273.0,66288.0,6.12921163
1771842840.0,66289.0,66290.0,66277.0,66285.0,2.74414566
1771842900.0,66285.0,66296.0,66283.0,66296.0,0.56284635
1771842960.0,66299.0,66302.0,66272.0,66273.0,0.37957081
1771843020.0,66272.0,66272.0,66257.0,66264.0,1.59483393
1771843080.0,66264.0,66264.0,66221.0,66241.0,3.88818856
1771843140.0,66243.0,66255.0,66240.0,66255.0,0.01246706
1771843200.0,66255.0,66316.0,66255.0,66316.0,0.9072582
1771843260.0,66323.0,66352.0,66318.0,66352.0,0.04095754
1771843320.0,66353.0,66353.0,66337.0,66347.0,0.43067586
1771843380.0,66350.0,66374.0,66350.0,66373.0,0.43484649
1771843440.0,66370.0,66370.0,66325.0,66334.0,0.34505719
1771843500.0,66334.0,66334.0,66281.0,66281.0,0.53294751
1771843560.0,66285.0,66305.0,66285.0,66304.0,0.04877555
1771843620.0,66304.0,66304.0,66267.0,66267.0,2.04669811
1771843680.0,66244.0,66293.0,66244.0,66284.0,1.49646429
1771843740.0,66284.0,66296.0,66284.0,66296.0,0.69660939
1771843800.0,66296.0,66305.0,66296.0,66305.0,0.58148586
1771843860.0,66306.0,66314.0,66289.0,66289.0,0.83290657
1771843920.0,66308.0,66340.0,66308.0,66340.0,0.7118118
1771843980.0,66343.0,66372.0,66343.0,66370.0,1.04642936
1771844040.0,66373.0,66373.0,66361.0,66364.0,0.26408367
1771844100.0,66363.0,66403.0,66363.0,66403.0,0.89314063
1771844160.0,66403.0,66403.0,66395.0,66396.0,0.21136255
1771844220.0,66396.0,66396.0,66367.0,66378.0,0.84224149
1771844280.0,66378.0,66378.0,66303.0,66304.0,0.52680499
1771844340.0,66317.0,66326.0,66314.0,66315.0,0.26995588
1771844400.0,66323.0,66323.0,66316.0,66316.0,0.46142774
1771844460.0,66316.0,66323.0,66316.0,66319.0,0.36646191
1771844520.0,66322.0,66322.0,66314.0,66314.0,0.23199135
1771844580.0,66316.0,66332.0,66316.0,66328.0,0.02924204
1771844640.0,66326.0,66326.0,66267.0,66267.0,0.69614846
1771844700.0,66247.0,66266.0,66247.0,66265.0,0.59150011
1771844760.0,66286.0,66319.0,66285.0,66319.0,1.54666204
1771844820.0,66319.0,66320.0,66294.0,66294.0,0.2046485
1771844880.0,66294.0,66314.0,66294.0,66298.0,0.7485118
1771844940.0,66296.0,66329.0,66296.0,66329.0,0.59083168
1771845000.0,66328.0,66362.0,66328.0,66354.0,0.61742039
1771845060.0,66356.0,66356.0,66356.0,66356.0,0.00630818
1771845120.0,66355.0,66355.0,66340.0,66340.0,0.01078943
1771845180.0,66340.0,66351.0,66340.0,66351.0,0.06650136
1771845240.0,66360.0,66376.0,66360.0,66363.0,1.11801832
1771845300.0,66365.0,66402.0,66365.0,66402.0,0.31002836
1771845360.0,66402.0,66439.0,66402.0,66433.0,1.18726859
1771845420.0,66432.0,66432.0,66412.0,66421.0,0.58323664
1771845480.0,66434.0,66435.0,66429.0,66432.0,0.17562994
1771845540.0,66433.0,66439.0,66432.0,66439.0,0.0490426
1771845600.0,66440.0,66467.0,66427.0,66467.0,17.86736541
1771845660.0,66470.0,66470.0,66416.0,66416.0,1.27399772
1771845720.0,66414.0,66414.0,66341.0,66341.0,0.18403683
1771845780.0,66334.0,66344.0,66334.0,66344.0,0.34616449
1771845840.0,66345.0,66345.0,66323.0,66323.0,0.51446892
1771845900.0,66322.0,66331.0,66316.0,66319.0,0.4119694
1771845960.0,66319.0,66324.0,66319.0,66322.0,0.04233105
1771846020.0,66322.0,66341.0,66322.0,66323.0,0.53203971
1771846080.0,66326.0,66333.0,66326.0,66327.0,0.14600115
1771846140.0,66327.0,66327.0,66308.0,66314.0,2.4337454
1771846200.0,66314.0,66314.0,66281.0,66286.0,2.1712196
1771846260.0,66287.0,66287.0,66276.0,66277.0,0.13840491
1771846320.0,66282.0,66312.0,66272.0,66300.0,1.9205545
1771846380.0,66286.0,66286.0,66240.0,66240.0,5.89618275
1771846440.0,66240.0,66267.0,66224.0,66267.0,12.73740811
1771846500.0,66267.0,66286.0,66267.0,66275.0,1.06799561
1771846560.0,66275.0,66275.0,66224.0,66225.0,0.35434229
1771846620.0,66224.0,66224.0,66145.0,66154.0,10.15556206
1771846680.0,66170.0,66170.0,66145.0,66152.0,0.6960746
1771846740.0,66150.0,66169.0,66148.0,66168.0,1.47399338
1771846800.0,66169.0,66186.0,66169.0,66183.0,0.0261378
1771846860.0,66175.0,66175.0,66130.0,66130.0,2.23797196
1771846920.0,66130.0,66157.0,66113.0,66128.0,2.70880471
1771846980.0,66129.0,66137.0,66129.0,66137.0,0.15930975
1771847040.0,66136.0,66136.0,66127.0,66127.0,0.22755799
1771847100.0,66127.0,66192.0,66127.0,66161.0,1.1768314
1771847160.0,66167.0,66169.0,66132.0,66132.0,0.17524926
1771847220.0,66126.0,66126.0,66112.0,66125.0,0.50491945
1771847280.0,66140.0,66143.0,66129.0,66143.0,0.69842482
1771847340.0,66151.0,66151.0,66130.0,66136.0,0.54003194
1771847400.0,66137.0,66198.0,66137.0,66198.0,2.3289968
1771847460.0,66198.0,66216.0,66189.0,66189.0,1.16409933
1771847520.0,66187.0,66191.0,66143.0,66191.0,2.35855508
1771847580.0,66191.0,66213.0,66191.0,66201.0,0.07052867
1771847640.0,66185.0,66185.0,66166.0,66175.0,0.2240036
1771847700.0,66174.0,66179.0,66174.0,66179.0,0.16432686
1771847760.0,66176.0,66179.0,66175.0,66179.0,0.26725575
1771847820.0,66179.0,66194.0,66179.0,66194.0,0.03824851
1771847880.0,66194.0,66194.0,66185.0,66189.0,0.14677257
1771847940.0,66186.0,66204.0,66186.0,66204.0,0.03703739
1771848000.0,66205.0,66211.0,66175.0,66197.0,1.41403414
1771848060.0,66198.0,66220.0,66198.0,66215.0,0.18321004
1771848120.0,66214.0,66214.0,66189.0,66197.0,1.51356646
1771848180.0,66183.0,66198.0,66173.0,66174.0,0.28415565
1771848240.0,66174.0,66194.0,66174.0,66183.0,0.22407896
1771848300.0,66182.0,66201.0,66175.0,66201.0,1.08932514
1771848360.0,66200.0,66200.0,66165.0,66166.0,0.0196778
1771848420.0,66179.0,66209.0,66178.0,66209.0,0.17629459
1771848480.0,66209.0,66252.0,66209.0,66252.0,0.86675799
1771848540.0,66253.0,66253.0,66189.0,66189.0,0.50832672
1771848600.0,66189.0,66208.0,66189.0,66208.0,0.14926337
1771848660.0,66217.0,66217.0,66209.0,66209.0,0.15680368
1771848720.0,66209.0,66218.0,66209.0,66218.0,0.00962266
1771848780.0,66217.0,66224.0,66210.0,66210.0,0.93371695
1771848840.0,66211.0,66222.0,66210.0,66217.0,0.11147571
1771848900.0,66217.0,66228.0,66217.0,66227.0,1.49942136
1771848960.0,66228.0,66228.0,66216.0,66216.0,0.20359331
1771849020.0,66211.0,66235.0,66211.0,66220.0,0.83567623
1771849080.0,66220.0,66220.0,66179.0,66218.0,0.44471383
1771849140.0,66218.0,66218.0,66180.0,66194.0,0.38601342
1771849200.0,66187.0,66187.0,66124.0,66128.0,1.99437979
1771849260.0,66137.0,66137.0,66055.0,66061.0,10.2964717
1771849320.0,66061.0,66080.0,66043.0,66080.0,2.30159922
1771849380.0,66080.0,66097.0,66077.0,66077.0,0.94643755
1771849440.0,66079.0,66108.0,66079.0,66108.0,0.50812246
1771849500.0,66108.0,66154.0,66108.0,66154.0,0.19505174
1771849560.0,66154.0,66154.0,66133.0,66148.0,0.64751425
1771849620.0,66149.0,66149.0,66136.0,66136.0,1.56948166
1771849680.0,66128.0,66138.0,66128.0,66135.0,0.93097853
1771849740.0,66136.0,66149.0,66135.0,66136.0,0.71092229
1771849800.0,66136.0,66136.0,66123.0,66123.0,0.61077467
1771849860.0,66107.0,66107.0,65986.0,65986.0,13.3504199
1771849920.0,65979.0,65995.0,65970.0,65970.0,3.28161161
1771849980.0,65966.0,65968.0,65923.0,65923.0,4.23530512
1771850040.0,65923.0,65957.0,65893.0,65953.0,4.53914166
1771850100.0,65952.0,66002.0,65952.0,65998.0,1.37468093
1771850160.0,66000.0,66168.0,66000.0,66168.0,21.72383814
1771850220.0,66168.0,66271.0,66168.0,66270.0,11.77251854
1771850280.0,66268.0,66359.0,66265.0,66313.0,11.19792783
1771850340.0,66280.0,66280.0,66246.0,66249.0,0.98014441
1771850400.0,66241.0,66287.0,66241.0,66287.0,1.92722671
1771850460.0,66287.0,66299.0,66287.0,66289.0,1.26352651
1771850520.0,66285.0,66288.0,66231.0,66263.0,1.76361406
1771850580.0,66264.0,66431.0,66264.0,66431.0,11.68211999
1771850640.0,66430.0,66490.0,66412.0,66415.0,14.95382358
1771850700.0,66415.0,66416.0,66378.0,66386.0,2.128511
1771850760.0,66391.0,66439.0,66391.0,66428.0,1.61948691
1771850820.0,66434.0,66495.0,66434.0,66482.0,1.90499744
1771850880.0,66475.0,66475.0,66384.0,66384.0,1.19895539
1771850940.0,66380.0,66381.0,66348.0,66363.0,1.51582181
1771851000.0,66363.0,66364.0,66322.0,66324.0,4.09863452
1771851060.0,66325.0,66357.0,66325.0,66346.0,1.00674817
1771851120.0,66343.0,66343.0,66329.0,66329.0,0.12866491
1771851180.0,66330.0,66359.0,66330.0,66350.0,4.81261033
1771851240.0,66346.0,66352.0,66337.0,66337.0,0.20284454
1771851300.0,66335.0,66335.0,66320.0,66321.0,0.60968402
1771851360.0,66329.0,66341.0,66256.0,66263.0,19.38551159
1771851420.0,66260.0,66277.0,66260.0,66263.0,1.19208271
1771851480.0,66256.0,66261.0,66256.0,66261.0,0.29403758
1771851540.0,66261.0,66270.0,66255.0,66270.0,0.78643346
1771851600.0,66270.0,66300.0,66269.0,66293.0,2.75334498
1771851660.0,66290.0,66290.0,66257.0,66268.0,0.62392702
1771851720.0,66269.0,66306.0,66269.0,66298.0,2.29529767
1771851780.0,66266.0,66283.0,66249.0,66249.0,1.35659967
1771851840.0,66262.0,66268.0,66252.0,66252.0,1.21261849
1771851900.0,66252.0,66266.0,66248.0,66266.0,1.81812718
1771851960.0,66267.0,66267.0,66243.0,66254.0,1.75128303
1771852020.0,66254.0,66321.0,66254.0,66293.0,1.76895883
1771852080.0,66293.0,66359.0,66287.0,66359.0,10.40812386
1771852140.0,66370.0,66371.0,66327.0,66328.0,0.3311584
1771852200.0,66323.0,66338.0,66315.0,66323.0,0.89688647
1771852260.0,66322.0,66322.0,66291.0,66291.0,0.74582932
1771852320.0,66291.0,66294.0,66291.0,66294.0,1.44863234
1771852380.0,66261.0,66261.0,66233.0,66233.0,2.29481908
1771852440.0,66233.0,66234.0,66216.0,66216.0,2.01609742
1771852500.0,66217.0,66225.0,66214.0,66223.0,2.62270551
1771852560.0,66223.0,66223.0,66193.0,66207.0,1.49519764
1771852620.0,66197.0,66207.0,66154.0,66155.0,4.58979586
1771852680.0,66160.0,66167.0,66130.0,66167.0,2.25682867
1771852740.0,66160.0,66185.0,66156.0,66184.0,0.51210872
1771852800.0,66184.0,66207.0,66164.0,66207.0,6.10098245
1771852860.0,66207.0,66252.0,66201.0,66222.0,1.98335543
1771852920.0,66221.0,66222.0,66202.0,66202.0,0.79720028
1771852980.0,66202.0,66202.0,66179.0,66187.0,0.11680959
1771853040.0,66186.0,66192.0,66169.0,66169.0,0.15238896
1771853100.0,66168.0,66199.0,66168.0,66178.0,1.27340629
1771853160.0,66172.0,66172.0,66131.0,66141.0,0.88189268
1771853220.0,66141.0,66183.0,66141.0,66183.0,1.30431104
1771853280.0,66177.0,66250.0,66177.0,66223.0,0.70722365
1771853340.0,66219.0,66238.0,66219.0,66222.0,2.08199915
1771853400.0,66221.0,66262.0,66219.0,66219.0,0.92953544
1771853460.0,66200.0,66263.0,66200.0,66238.0,0.5003421
1771853520.0,66198.0,66207.0,66173.0,66204.0,0.43349193
1771853580.0,66204.0,66248.0,66202.0,66203.0,1.42620637
1771853640.0,66211.0,66213.0,66198.0,66198.0,1.11572344
1771853700.0,66174.0,66205.0,66174.0,66201.0,0.18853393
1771853760.0,66202.0,66293.0,66194.0,66195.0,22.22702158
1771853820.0,66196.0,66202.0,66160.0,66191.0,0.36972177
1771853880.0,66198.0,66198.0,66171.0,66171.0,0.30435115
1771853940.0,66153.0,66174.0,66153.0,66174.0,0.31572883
1771854000.0,66210.0,66231.0,66207.0,66231.0,0.29498542
1771854060.0,66233.0,66272.0,66219.0,66264.0,0.70968606
1771854120.0,66256.0,66359.0,66243.0,66359.0,1.22628987
1771854180.0,66354.0,66418.0,66349.0,66355.0,26.14345741
1771854240.0,66354.0,66354.0,66332.0,66347.0,1.13139816
1771854300.0,66348.0,66367.0,66311.0,66311.0,2.14639273
1771854360.0,66305.0,66332.0,66288.0,66331.0,1.04986243
1771854420.0,66328.0,66336.0,66311.0,66320.0,1.15878714
1771854480.0,66320.0,66375.0,66308.0,66355.0,0.094323
1771854540.0,66355.0,66363.0,66337.0,66363.0,0.14421984
1771854600.0,66363.0,66364.0,66329.0,66362.0,1.37752866
1771854660.0,66362.0,66362.0,66328.0,66334.0,1.58469699
1771854720.0,66350.0,66371.0,66340.0,66340.0,0.77374768
1771854780.0,66323.0,66346.0,66320.0,66320.0,2.35041744
1771854840.0,66322.0,66322.0,66265.0,66265.0,2.13489531
1771854900.0,66253.0,66267.0,66161.0,66182.0,24.57957527
1771854960.0,66188.0,66193.0,66153.0,66153.0,1.61495124
1771855020.0,66153.0,66153.0,66147.0,66148.0,2.07089718
1771855080.0,66150.0,66150.0,66106.0,66113.0,5.45528941
1771855140.0,66118.0,66133.0,66118.0,66124.0,0.72099028
1771855200.0,66124.0,66175.0,66124.0,66162.0,2.11746341
1771855260.0,66157.0,66178.0,66137.0,66178.0,0.62785997
1771855320.0,66184.0,66184.0,66168.0,66171.0,0.31881523
1771855380.0,66174.0,66174.0,66117.0,66127.0,0.57493794
1771855440.0,66135.0,66175.0,66126.0,66175.0,0.25262009
1771855500.0,66186.0,66233.0,66186.0,66233.0,0.79951622
1771855560.0,66229.0,66229.0,66214.0,66222.0,0.2118882
1771855620.0,66223.0,66230.0,66199.0,66227.0,0.27196902
1771855680.0,66225.0,66246.0,66225.0,66231.0,0.32086073
1771855740.0,66230.0,66230.0,66226.0,66230.0,0.30065121
1771855800.0,66247.0,66248.0,66231.0,66233.0,0.54576297
1771855860.0,66244.0,66260.0,66234.0,66234.0,0.57727163
1771855920.0,66219.0,66230.0,66174.0,66230.0,1.18813209
1771855980.0,66230.0,66253.0,66230.0,66239.0,0.28844839
1771856040.0,66238.0,66258.0,66223.0,66242.0,2.01810728
1771856100.0,66248.0,66248.0,66220.0,66240.0,0.09316637
1771856160.0,66239.0,66239.0,66197.0,66197.0,0.24956664
1771856220.0,66181.0,66196.0,66172.0,66172.0,0.65136186
1771856280.0,66172.0,66172.0,66147.0,66147.0,0.33805036
1771856340.0,66140.0,66161.0,66123.0,66139.0,1.13170438
1771856400.0,66136.0,66136.0,66093.0,66097.0,1.86013811
1771856460.0,66097.0,66104.0,66097.0,66104.0,0.37832871
1771856520.0,66111.0,66111.0,66073.0,66085.0,0.79458761
1771856580.0,66086.0,66086.0,66058.0,66058.0,1.4775842
1771856640.0,66058.0,66065.0,66057.0,66058.0,0.40665331
1771856700.0,66064.0,66089.0,66060.0,66077.0,0.6907767
1771856760.0,66077.0,66087.0,66077.0,66087.0,0.28964939
1771856820.0,66086.0,66086.0,66057.0,66070.0,0.51015126
1771856880.0,66070.0,66079.0,66063.0,66079.0,0.35958106
1771856940.0,66091.0,66093.0,66087.0,66087.0,0.79603905
1771857000.0,66080.0,66175.0,66057.0,66105.0,2.56534732
1771857060.0,66097.0,66212.0,66097.0,66138.0,3.22475345
1771857120.0,66102.0,66216.0,66102.0,66141.0,3.17461988
1771857180.0,66141.0,66185.0,66117.0,66159.0,4.91724397
1771857240.0,66166.0,66166.0,65928.0,65930.0,14.10839856
1771857300.0,65912.0,66145.0,65909.0,66047.0,4.5704502
1771857360.0,66043.0,66043.0,65900.0,65919.0,7.79268182
1771857420.0,65902.0,65944.0,65796.0,65879.0,12.24114174
1771857480.0,65869.0,65923.0,65847.0,65912.0,2.43588889
1771857540.0,65909.0,65912.0,65842.0,65852.0,1.82158302
1771857600.0,65834.0,65838.0,65710.0,65714.0,10.98273508
1771857660.0,65702.0,65704.0,65560.0,65593.0,37.75814633
1771857720.0,65593.0,65706.0,65522.0,65706.0,13.6979865
1771857780.0,65710.0,65812.0,65627.0,65811.0,7.75089885
1771857840.0,65812.0,65878.0,65802.0,65818.0,36.32552662
1771857900.0,65798.0,65963.0,65798.0,65858.0,23.80776539
1771857960.0,65841.0,65846.0,65750.0,65812.0,4.36301659
1771858020.0,65830.0,65939.0,65762.0,65902.0,7.30904475
1771858080.0,65880.0,65904.0,65767.0,65780.0,1.66536835
1771858140.0,65788.0,65814.0,65615.0,65629.0,27.24221677
1771858200.0,65634.0,65962.0,65629.0,65961.0,30.01298429
1771858260.0,65956.0,66088.0,65956.0,66060.0,15.07133415
1771858320.0,66054.0,66089.0,65950.0,65998.0,4.86471161
1771858380.0,66003.0,66056.0,65971.0,66018.0,3.85658093
1771858440.0,66018.0,66019.0,65906.0,65931.0,2.11958438
1771858500.0,65930.0,66034.0,65928.0,65997.0,3.71871065
1771858560.0,66011.0,66034.0,65955.0,65984.0,4.90758285
1771858620.0,66011.0,66046.0,65969.0,65979.0,1.42644604
1771858680.0,65966.0,65966.0,65869.0,65872.0,2.07841573
1771858740.0,65871.0,65933.0,65871.0,65908.0,0.34879375
1771858800.0,65908.0,65976.0,65905.0,65956.0,5.77338218
1771858860.0,65945.0,66068.0,65945.0,65972.0,4.71934355
1771858920.0,65958.0,65992.0,65884.0,65886.0,3.54052268
1771858980.0,65865.0,65866.0,65757.0,65757.0,29.10791776
1771859040.0,65757.0,65790.0,65708.0,65736.0,11.17467723
1771859100.0,65736.0,65745.0,65721.0,65744.0,3.17248026
1771859160.0,65770.0,65890.0,65770.0,65880.0,14.73579414
1771859220.0,65875.0,65895.0,65829.0,65893.0,14.16487937
1771859280.0,65895.0,65895.0,65786.0,65836.0,3.80660789
1771859340.0,65828.0,65844.0,65773.0,65831.0,3.15202244
1771859400.0,65865.0,65969.0,65842.0,65969.0,1.38150814
1771859460.0,65969.0,66010.0,65954.0,66002.0,1.45133572
1771859520.0,66004.0,66004.0,65846.0,65858.0,1.67010016
1771859580.0,65875.0,65936.0,65875.0,65936.0,1.57387655
1771859640.0,65936.0,65989.0,65925.0,65937.0,1.4577783
1771859700.0,65945.0,65971.0,65916.0,65939.0,0.8976755
1771859760.0,65947.0,66000.0,65939.0,65964.0,2.32534521
1771859820.0,65986.0,66159.0,65957.0,66103.0,39.27334964
1771859880.0,66111.0,66223.0,66111.0,66168.0,8.51675165
1771859940.0,66161.0,66161.0,65997.0,65997.0,22.23530255
1771860000.0,65994.0,66009.0,65940.0,65992.0,9.80411094
1771860060.0,65992.0,66029.0,65950.0,65950.0,4.1989603
1771860120.0,65953.0,65953.0,65864.0,65873.0,4.32536922
1771860180.0,65886.0,65982.0,65878.0,65953.0,6.24909688
1771860240.0,65956.0,66004.0,65949.0,65960.0,2.09036093
1771860300.0,65910.0,65910.0,65794.0,65811.0,2.16987163
1771860360.0,65791.0,65810.0,65771.0,65803.0,2.63541706
1771860420.0,65800.0,65839.0,65770.0,65776.0,5.48374419
1771860480.0,65778.0,65793.0,65749.0,65749.0,31.10036347
1771860540.0,65749.0,65804.0,65749.0,65789.0,4.86651975
1771860600.0,65797.0,65797.0,65754.0,65761.0,2.82298429
1771860660.0,65759.0,65772.0,65752.0,65754.0,1.30079037
1771860720.0,65766.0,65793.0,65750.0,65783.0,1.39871096
1771860780.0,65791.0,65921.0,65791.0,65832.0,2.63774721
1771860840.0,65822.0,65842.0,65789.0,65789.0,0.66866271
1771860900.0,65790.0,65862.0,65790.0,65842.0,1.05039957
1771860960.0,65816.0,65859.0,65770.0,65859.0,1.25378252
1771861020.0,65882.0,65913.0,65866.0,65901.0,2.17448473
1771861080.0,65893.0,65923.0,65852.0,65865.0,0.41166428
1771861140.0,65847.0,65868.0,65823.0,65823.0,15.08989084
1771861200.0,65808.0,65808.0,65702.0,65747.0,7.89512639
1771861260.0,65748.0,65848.0,65748.0,65819.0,2.22548884
1771861320.0,65815.0,65815.0,65757.0,65779.0,1.43518213
1771861380.0,65791.0,65822.0,65782.0,65808.0,3.0453696
1771861440.0,65827.0,65827.0,65775.0,65790.0,0.66598807
1771861500.0,65784.0,65911.0,65784.0,65900.0,7.67456344
1771861560.0,65885.0,65885.0,65794.0,65800.0,4.12190387
1771861620.0,65802.0,65847.0,65796.0,65846.0,0.84727354
1771861680.0,65846.0,65846.0,65784.0,65803.0,2.60146302
1771861740.0,65811.0,65821.0,65789.0,65811.0,2.25237747
1771861800.0,65800.0,65826.0,65786.0,65791.0,3.04813187
1771861860.0,65786.0,65798.0,65702.0,65741.0,2.66206831
1771861920.0,65741.0,65741.0,65583.0,65588.0,16.83549312
1771861980.0,65589.0,65742.0,65589.0,65723.0,16.83550495
1771862040.0,65723.0,65723.0,65641.0,65642.0,21.38559182
1771862100.0,65639.0,65681.0,65639.0,65653.0,2.62276377
1771862160.0,65652.0,65661.0,65634.0,65651.0,2.16970485
1771862220.0,65648.0,65692.0,65630.0,65682.0,1.68016053
1771862280.0,65677.0,65706.0,65655.0,65706.0,2.65277547
1771862340.0,65705.0,65705.0,65648.0,65650.0,1.06029513
1771862400.0,65646.0,65650.0,65613.0,65650.0,2.75499714
1771862460.0,65644.0,65649.0,65585.0,65604.0,2.9888971
1771862520.0,65605.0,65658.0,65605.0,65611.0,2.47794372
1771862580.0,65590.0,65590.0,65473.0,65473.0,10.51385812
1771862640.0,65473.0,65473.0,65361.0,65388.0,11.57496908
1771862700.0,65396.0,65396.0,65348.0,65388.0,4.15044212
1771862760.0,65393.0,65393.0,65332.0,65332.0,4.33790428
1771862820.0,65332.0,65341.0,65281.0,65341.0,7.90713349
1771862880.0,65352.0,65472.0,65335.0,65401.0,5.78664947
1771862940.0,65391.0,65423.0,65353.0,65402.0,1.61468404
1771863000.0,65403.0,65546.0,65402.0,65538.0,2.95141445
1771863060.0,65535.0,65539.0,65466.0,65484.0,1.33006535
1771863120.0,65462.0,65462.0,65392.0,65392.0,1.27046554
1771863180.0,65391.0,65391.0,65175.0,65249.0,20.5078013
1771863240.0,65261.0,65261.0,65171.0,65204.0,5.76306569
1771863300.0,65206.0,65352.0,65206.0,65269.0,11.96812635
1771863360.0,65248.0,65306.0,65240.0,65306.0,3.40677407
1771863420.0,65311.0,65378.0,65308.0,65375.0,4.56786373
1771863480.0,65379.0,65501.0,65379.0,65442.0,3.75892925
1771863540.0,65443.0,65566.0,65443.0,65518.0,4.79945189
1771863600.0,65485.0,65540.0,65484.0,65534.0,5.14854012
1771863660.0,65519.0,65553.0,65494.0,65537.0,2.80881015
1771863720.0,65546.0,65546.0,65415.0,65424.0,5.55797605
1771863780.0,65430.0,65448.0,65415.0,65447.0,4.65884352
1771863840.0,65447.0,65447.0,65380.0,65382.0,0.7052137
1771863900.0,65382.0,65437.0,65382.0,65412.0,2.27401729
1771863960.0,65412.0,65441.0,65401.0,65437.0,3.84400583
1771864020.0,65419.0,65584.0,65408.0,65578.0,4.66237494
1771864080.0,65586.0,65648.0,65563.0,65637.0,3.83416262
1771864140.0,65636.0,65636.0,65611.0,65636.0,0.36406454
1771864200.0,65635.0,65708.0,65626.0,65708.0,2.14776081
1771864260.0,65717.0,65717.0,65570.0,65589.0,1.38801
1771864320.0,65595.0,65605.0,65570.0,65577.0,1.26364246
1771864380.0,65574.0,65609.0,65536.0,65550.0,1.04710433
1771864440.0,65549.0,65549.0,65483.0,65488.0,2.63452327
1771864500.0,65483.0,65523.0,65439.0,65522.0,0.96580682
1771864560.0,65502.0,65562.0,65468.0,65562.0,1.40931921
1771864620.0,65563.0,65623.0,65563.0,65612.0,1.42505383
1771864680.0,65612.0,65613.0,65551.0,65610.0,5.78966606
1771864740.0,65606.0,65608.0,65571.0,65579.0,3.31845473
1771864800.0,65580.0,65592.0,65547.0,65573.0,1.38223485
1771864860.0,65574.0,65618.0,65567.0,65618.0,0.9667013
1771864920.0,65610.0,65619.0,65581.0,65594.0,1.65774299
1771864980.0,65589.0,65611.0,65565.0,65605.0,1.54384463
1771865040.0,65603.0,65605.0,65574.0,65574.0,6.39354395
1771865100.0,65571.0,65595.0,65510.0,65540.0,2.64662492
1771865160.0,65549.0,65549.0,65402.0,65440.0,3.89994365
1771865220.0,65476.0,65476.0,65346.0,65409.0,6.01534273
1771865280.0,65399.0,65401.0,65331.0,65334.0,1.58609007
1771865340.0,65362.0,65392.0,65362.0,65392.0,2.4570879
1771865400.0,65373.0,65422.0,65373.0,65412.0,0.81198791
1771865460.0,65412.0,65466.0,65365.0,65415.0,1.12889428
1771865520.0,65412.0,65437.0,65398.0,65437.0,0.41873616
1771865580.0,65430.0,65456.0,65424.0,65441.0,1.37852499
1771865640.0,65443.0,65443.0,65379.0,65379.0,0.84431694
1771865700.0,65395.0,65395.0,65374.0,65388.0,0.87290199
1771865760.0,65370.0,65381.0,65346.0,65377.0,1.31204055
1771865820.0,65370.0,65381.0,65312.0,65312.0,0.17409634
1771865880.0,65302.0,65327.0,65300.0,65303.0,2.07970198
1771865940.0,65305.0,65346.0,65305.0,65346.0,0.85451477
1771866000.0,65352.0,65407.0,65352.0,65406.0,1.87943904
1771866060.0,65407.0,65425.0,65388.0,65396.0,0.85032047
1771866120.0,65396.0,65396.0,65342.0,65366.0,2.77878999
1771866180.0,65378.0,65378.0,65323.0,65344.0,0.85162546
1771866240.0,65327.0,65403.0,65309.0,65403.0,0.54742965
1771866300.0,65403.0,65422.0,65392.0,65397.0,1.7666995
1771866360.0,65391.0,65437.0,65366.0,65425.0,2.03158541
1771866420.0,65426.0,65426.0,65374.0,65398.0,1.55348509
1771866480.0,65378.0,65399.0,65376.0,65378.0,0.91619506
1771866540.0,65378.0,65381.0,65324.0,65353.0,0.82342817
1771866600.0,65338.0,65364.0,65312.0,65349.0,1.35548722
1771866660.0,65349.0,65365.0,65298.0,65329.0,1.67483901
1771866720.0,65320.0,65360.0,65320.0,65339.0,1.13806202
1771866780.0,65333.0,65333.0,65286.0,65287.0,1.45544889
1771866840.0,65283.0,65291.0,65046.0,65052.0,18.06154213
1771866900.0,65074.0,65161.0,65055.0,65126.0,4.77651148
1771866960.0,65121.0,65126.0,65093.0,65103.0,3.11060253
1771867020.0,65096.0,65132.0,64958.0,65037.0,5.74882339
1771867080.0,65016.0,65023.0,64907.0,64985.0,2.75211529
1771867140.0,64973.0,64973.0,64783.0,64783.0,8.89651975
1771867200.0,64784.0,64839.0,64778.0,64818.0,3.90717421
1771867260.0,64805.0,64814.0,64691.0,64787.0,40.41475666
1771867320.0,64798.0,64828.0,64769.0,64794.0,6.98408834
1771867380.0,64795.0,64878.0,64754.0,64799.0,3.53467489
1771867440.0,64806.0,64806.0,64694.0,64722.0,3.69547466
1771867500.0,64740.0,64753.0,64729.0,64743.0,2.06959578
1771867560.0,64737.0,64739.0,64638.0,64736.0,16.57819505
1771867620.0,64752.0,64817.0,64752.0,64759.0,9.01579589
1771867680.0,64763.0,64763.0,64593.0,64635.0,11.5469521
1771867740.0,64632.0,64632.0,64576.0,64576.0,4.46612045
1771867800.0,64576.0,64583.0,64562.0,64572.0,5.54713374
1771867860.0,64562.0,64601.0,64537.0,64601.0,3.94821817
1771867920.0,64605.0,64623.0,64567.0,64600.0,1.42633879
1771867980.0,64622.0,64674.0,64622.0,64655.0,1.41773829
1771868040.0,64649.0,64659.0,64553.0,64560.0,1.93972912
1771868100.0,64592.0,64602.0,64531.0,64536.0,1.35044246
1771868160.0,64524.0,64526.0,64438.0,64438.0,5.20488259
1771868220.0,64440.0,64455.0,64337.0,64427.0,11.01886419
1771868280.0,64427.0,64479.0,64416.0,64437.0,6.45267679
1771868340.0,64434.0,64435.0,64390.0,64390.0,3.59790979
1771868400.0,64365.0,64455.0,64305.0,64446.0,12.57020031
1771868460.0,64449.0,64645.0,64449.0,64617.0,20.52080024
1771868520.0,64614.0,64614.0,64464.0,64476.0,4.93708275
1771868580.0,64490.0,64520.0,64486.0,64486.0,2.56082944
1771868640.0,64492.0,64515.0,64462.0,64462.0,1.91651551
1771868700.0,64455.0,64542.0,64455.0,64539.0,1.78217029
1771868760.0,64542.0,64542.0,64372.0,64472.0,6.27493915
1771868820.0,64504.0,64504.0,64428.0,64434.0,1.05605218
1771868880.0,64436.0,64500.0,64420.0,64447.0,3.34553509
1771868940.0,64444.0,64455.0,64413.0,64442.0,3.26261743
1771869000.0,64441.0,64450.0,64421.0,64446.0,1.76918702
1771869060.0,64439.0,64439.0,64198.0,64198.0,70.27902507
1771869120.0,64228.0,64428.0,64161.0,64428.0,36.63788378
1771869180.0,64428.0,64536.0,64416.0,64524.0,7.40601954
1771869240.0,64523.0,64523.0,64454.0,64495.0,11.00332449
1771869300.0,64487.0,64581.0,64484.0,64568.0,1.21573588
1771869360.0,64556.0,64615.0,64556.0,64608.0,3.67969885
1771869420.0,64599.0,64686.0,64562.0,64682.0,4.39868704
1771869480.0,64682.0,64778.0,64669.0,64729.0,7.43393125
1771869540.0,64710.0,64801.0,64687.0,64801.0,15.56085916
1771869600.0,64805.0,64805.0,64695.0,64705.0,8.66248426
1771869660.0,64714.0,64762.0,64684.0,64699.0,3.04187003
1771869720.0,64699.0,64736.0,64668.0,64698.0,1.09270671
1771869780.0,64701.0,64770.0,64701.0,64747.0,5.5215693
1771869840.0,64742.0,64861.0,64738.0,64794.0,6.98370777
1771869900.0,64792.0,64811.0,64722.0,64723.0,3.02571392
1771869960.0,64724.0,64724.0,64644.0,64647.0,1.92671506
1771870020.0,64651.0,64763.0,64651.0,64759.0,1.63237767
1771870080.0,64762.0,64828.0,64726.0,64819.0,5.22223489
1771870140.0,64812.0,64850.0,64781.0,64819.0,1.96429479
1771870200.0,64816.0,64835.0,64741.0,64771.0,4.42184637
1771870260.0,64773.0,64777.0,64698.0,64749.0,1.17820947
1771870320.0,64753.0,64818.0,64753.0,64812.0,2.28867355
1771870380.0,64810.0,64810.0,64717.0,64726.0,1.93630874
1771870440.0,64732.0,64814.0,64732.0,64792.0,2.12912172
1771870500.0,64778.0,64799.0,64748.0,64777.0,3.05685638
1771870560.0,64778.0,64778.0,64684.0,64698.0,1.19346127
1771870620.0,64699.0,64786.0,64699.0,64756.0,1.43402435
1771870680.0,64756.0,64758.0,64712.0,64715.0,0.48927285
1771870740.0,64717.0,64719.0,64638.0,64644.0,0.99724958
1771870800.0,64632.0,64680.0,64608.0,64680.0,3.447655
1771870860.0,64682.0,64682.0,64656.0,64656.0,1.19375524
1771870920.0,64671.0,64739.0,64671.0,64681.0,1.59434668
1771870980.0,64716.0,64833.0,64716.0,64833.0,2.37264408
1771871040.0,64845.0,64913.0,64818.0,64868.0,8.30446153
1771871100.0,64863.0,64894.0,64861.0,64862.0,2.71262108
1771871160.0,64840.0,64841.0,64776.0,64796.0,2.51483241
1771871220.0,64797.0,64805.0,64780.0,64786.0,0.50327412
1771871280.0,64786.0,64813.0,64786.0,64807.0,0.78236432
1771871340.0,64800.0,64810.0,64787.0,64807.0,0.26503396
1771871400.0,64817.0,64817.0,64767.0,64767.0,0.28983229
1771871460.0,64752.0,64759.0,64730.0,64740.0,1.01395138
1771871520.0,64760.0,64808.0,64760.0,64808.0,2.52427287
1771871580.0,64835.0,64835.0,64768.0,64821.0,0.47507031
1771871640.0,64835.0,64956.0,64835.0,64956.0,2.17080186
1771871700.0,64983.0,64983.0,64943.0,64946.0,0.16533018
1771871760.0,64946.0,65136.0,64946.0,65135.0,6.06969391
1771871820.0,65151.0,65168.0,65100.0,65100.0,1.97601434
1771871880.0,65096.0,65096.0,65061.0,65067.0,0.6927089
1771871940.0,65050.0,65101.0,65024.0,65086.0,1.15067738
1771872000.0,65071.0,65080.0,65011.0,65032.0,0.40706943
1771872060.0,65005.0,65013.0,64977.0,64989.0,0.95529712
1771872120.0,64987.0,64992.0,64964.0,64986.0,0.41469045
1771872180.0,64986.0,64986.0,64911.0,64918.0,0.73151995
1771872240.0,64914.0,64914.0,64885.0,64886.0,1.71352124
1771872300.0,64875.0,64881.0,64776.0,64796.0,1.22196496
1771872360.0,64796.0,64834.0,64796.0,64832.0,1.0974495
1771872420.0,64831.0,64831.0,64736.0,64774.0,1.37720444
1771872480.0,64774.0,64812.0,64774.0,64812.0,1.03982034
1771872540.0,64819.0,64827.0,64811.0,64811.0,1.17008779
1771872600.0,64810.0,64810.0,64755.0,64782.0,0.30513425
1771872660.0,64781.0,64801.0,64768.0,64788.0,3.26655344
1771872720.0,64772.0,64779.0,64743.0,64743.0,0.69942424
1771872780.0,64730.0,64779.0,64728.0,64779.0,0.50571277
1771872840.0,64766.0,64766.0,64725.0,64730.0,1.04861419
1771872900.0,64728.0,64744.0,64728.0,64731.0,0.37152799
1771872960.0,64730.0,64730.0,64626.0,64636.0,3.50538837
1771873020.0,64639.0,64671.0,64639.0,64663.0,1.74488818
1771873080.0,64664.0,64665.0,64576.0,64582.0,0.36957853
1771873140.0,64596.0,64649.0,64596.0,64628.0,0.71941883
1771873200.0,64628.0,64689.0,64628.0,64684.0,1.27846962
1771873260.0,64684.0,64732.0,64674.0,64732.0,1.87542107
1771873320.0,64734.0,64734.0,64654.0,64682.0,2.25935326
1771873380.0,64660.0,64708.0,64655.0,64686.0,2.47314558
1771873440.0,64684.0,64684.0,64595.0,64608.0,3.41204718
1771873500.0,64609.0,64656.0,64609.0,64653.0,1.85122669
1771873560.0,64652.0,64770.0,64633.0,64768.0,2.63769676
1771873620.0,64751.0,64756.0,64709.0,64756.0,1.53753545
1771873680.0,64723.0,64723.0,64705.0,64721.0,0.74872188
1771873740.0,64721.0,64776.0,64702.0,64771.0,1.21557494
1771873800.0,64772.0,64794.0,64749.0,64780.0,1.04273535
1771873860.0,64780.0,64816.0,64780.0,64816.0,2.87433207
1771873920.0,64817.0,64825.0,64775.0,64779.0,1.57720866
1771873980.0,64779.0,64782.0,64746.0,64760.0,1.90305325
1771874040.0,64760.0,64760.0,64685.0,64687.0,1.97654107
1771874100.0,64688.0,64699.0,64652.0,64669.0,1.93022508
1771874160.0,64667.0,64667.0,64581.0,64583.0,4.80821392
1771874220.0,64591.0,64638.0,64584.0,64593.0,4.07380183
1771874280.0,64585.0,64645.0,64585.0,64630.0,7.35299858
1771874340.0,64629.0,64629.0,64598.0,64606.0,1.4397371
1771874400.0,64611.0,64656.0,64611.0,64625.0,1.35663259
1771874460.0,64624.0,64624.0,64477.0,64534.0,3.74286026
1771874520.0,64531.0,64532.0,64373.0,64378.0,7.20635836
1771874580.0,64374.0,64464.0,64374.0,64464.0,3.85303839
1771874640.0,64464.0,64474.0,64398.0,64469.0,5.04292114
1771874700.0,64474.0,64484.0,64460.0,64460.0,2.94479435
1771874760.0,64461.0,64488.0,64461.0,64479.0,2.02219089
1771874820.0,64479.0,64510.0,64468.0,64503.0,0.80845759
1771874880.0,64503.0,64503.0,64473.0,64473.0,2.61944287
1771874940.0,64471.0,64471.0,64434.0,64439.0,0.91178049
1771875000.0,64447.0,64453.0,64407.0,64443.0,4.48733211
1771875060.0,64443.0,64547.0,64438.0,64508.0,4.04420026
1771875120.0,64507.0,64523.0,64450.0,64462.0,1.72441099
1771875180.0,64462.0,64464.0,64398.0,64398.0,0.27711645
1771875240.0,64398.0,64415.0,64318.0,64319.0,4.7733564
1771875300.0,64319.0,64354.0,64296.0,64354.0,2.09437962
1771875360.0,64354.0,64354.0,64263.0,64336.0,2.34058531
1771875420.0,64331.0,64380.0,64324.0,64344.0,1.70859891
1771875480.0,64342.0,64356.0,64241.0,64241.0,6.48703005
1771875540.0,64242.0,64274.0,64098.0,64130.0,13.72236494
1771875600.0,64129.0,64253.0,64129.0,64234.0,18.44906834
1771875660.0,64234.0,64280.0,64221.0,64268.0,4.01760935
1771875720.0,64268.0,64337.0,64254.0,64254.0,9.16527582
1771875780.0,64251.0,64251.0,64182.0,64182.0,3.82677051
1771875840.0,64182.0,64212.0,64118.0,64201.0,4.01593839
1771875900.0,64208.0,64284.0,64208.0,64277.0,2.45590567
1771875960.0,64284.0,64306.0,64246.0,64270.0,5.96740019
1771876020.0,64275.0,64300.0,64202.0,64211.0,2.57665463
1771876080.0,64194.0,64215.0,64170.0,64201.0,2.98252867
1771876140.0,64196.0,64208.0,64097.0,64146.0,10.86293242
1771876200.0,64160.0,64189.0,64121.0,64146.0,2.34590275
1771876260.0,64157.0,64224.0,64157.0,64205.0,5.24997618
1771876320.0,64207.0,64209.0,64165.0,64171.0,2.51699609
1771876380.0,64171.0,64235.0,64164.0,64235.0,1.61513922
1771876440.0,64240.0,64263.0,64233.0,64243.0,1.87416465
1771876500.0,64242.0,64277.0,64230.0,64246.0,3.18994098
1771876560.0,64250.0,64333.0,64250.0,64304.0,2.90129585
1771876620.0,64306.0,64325.0,64301.0,64315.0,1.51637152
1771876680.0,64314.0,64347.0,64293.0,64331.0,1.79558772
1771876740.0,64329.0,64329.0,64275.0,64276.0,0.94904154
1771876800.0,64275.0,64301.0,64268.0,64284.0,9.88463471
1771876860.0,64284.0,64323.0,64284.0,64305.0,2.25447041
1771876920.0,64305.0,64326.0,64230.0,64241.0,0.67477827
1771876980.0,64235.0,64246.0,64217.0,64242.0,2.39719044
1771877040.0,64241.0,64352.0,64241.0,64350.0,25.30316024
1771877100.0,64350.0,64350.0,64245.0,64252.0,1.7603899
1771877160.0,64252.0,64294.0,64238.0,64238.0,2.69333576
1771877220.0,64227.0,64252.0,64185.0,64203.0,2.49474726
1771877280.0,64208.0,64229.0,64206.0,64214.0,1.1473647
1771877340.0,64216.0,64216.0,64135.0,64173.0,1.34743024
1771877400.0,64172.0,64172.0,64119.0,64120.0,0.72630963
1771877460.0,64120.0,64159.0,64120.0,64159.0,3.11463744
1771877520.0,64163.0,64163.0,64046.0,64054.0,20.09529535
1771877580.0,64054.0,64102.0,63909.0,63943.0,16.97861221
1771877640.0,63943.0,63974.0,63914.0,63949.0,5.61672258
1771877700.0,63948.0,64049.0,63916.0,63984.0,2.81779563
1771877760.0,63983.0,64083.0,63983.0,64045.0,20.0172301
1771877820.0,64040.0,64040.0,63868.0,63933.0,13.97322607
1771877880.0,63933.0,64038.0,63922.0,64026.0,6.27637106
1771877940.0,64026.0,64038.0,63997.0,63998.0,2.01817259
1771878000.0,63998.0,64025.0,63974.0,63974.0,5.80826161
1771878060.0,63975.0,64021.0,63975.0,64008.0,2.04799867
1771878120.0,64006.0,64040.0,63971.0,64022.0,4.97413286
1771878180.0,64022.0,64166.0,64022.0,64102.0,3.4979644
1771878240.0,64118.0,64118.0,64024.0,64053.0,5.61346892
1771878300.0,64059.0,64086.0,64050.0,64051.0,1.42960742
1771878360.0,64053.0,64095.0,64049.0,64092.0,0.86846341
1771878420.0,64092.0,64092.0,63971.0,64007.0,3.1485784
1771878480.0,64008.0,64008.0,63938.0,63976.0,2.70924996
1771878540.0,63970.0,64006.0,63970.0,63990.0,2.60558417
1771878600.0,63992.0,64097.0,63992.0,64097.0,1.68570243
1771878660.0,64077.0,64174.0,64041.0,64171.0,2.20845424
1771878720.0,64167.0,64249.0,64120.0,64249.0,7.09261521
1771878780.0,64249.0,64253.0,64196.0,64221.0,2.3075051
1771878840.0,64218.0,64251.0,64218.0,64234.0,1.21157788
1771878900.0,64231.0,64231.0,64174.0,64174.0,1.1877872
1771878960.0,64178.0,64327.0,64178.0,64303.0,3.8104995
1771879020.0,64305.0,64305.0,64228.0,64258.0,1.098348
1771879080.0,64258.0,64258.0,64230.0,64246.0,1.39214489
1771879140.0,64239.0,64252.0,64215.0,64215.0,2.78861821
1771879200.0,64225.0,64225.0,64155.0,64155.0,1.41508846
1771879260.0,64158.0,64202.0,64158.0,64199.0,1.44234215
1771879320.0,64203.0,64203.0,64163.0,64202.0,0.82054925
1771879380.0,64200.0,64242.0,64200.0,64241.0,3.0199564
1771879440.0,64243.0,64246.0,64239.0,64241.0,0.43668058
1771879500.0,64243.0,64277.0,64240.0,64264.0,1.41219088
1771879560.0,64256.0,64268.0,64233.0,64252.0,1.09073318
1771879620.0,64251.0,64266.0,64246.0,64256.0,1.75896114
1771879680.0,64247.0,64251.0,64226.0,64238.0,1.06340179
1771879740.0,64238.0,64283.0,64238.0,64267.0,1.8194481
1771879800.0,64267.0,64338.0,64222.0,64273.0,6.34945507
1771879860.0,64269.0,64405.0,64258.0,64382.0,4.24761941
1771879920.0,64382.0,64382.0,64324.0,64362.0,2.37267484
1771879980.0,64369.0,64369.0,64329.0,64331.0,1.88334173
1771880040.0,64332.0,64390.0,64321.0,64388.0,1.89655988
1771880100.0,64369.0,64391.0,64338.0,64383.0,0.87326435
1771880160.0,64378.0,64438.0,64378.0,64384.0,3.00318689
1771880220.0,64388.0,64439.0,64388.0,64421.0,0.42903756
1771880280.0,64422.0,64469.0,64417.0,64453.0,0.72005162
1771880340.0,64446.0,64455.0,64422.0,64454.0,1.8211438
1771880400.0,64451.0,64565.0,64441.0,64458.0,4.4341808
1771880460.0,64458.0,64574.0,64450.0,64574.0,3.04636111
1771880520.0,64574.0,64583.0,64505.0,64519.0,7.75976234
1771880580.0,64520.0,64626.0,64520.0,64620.0,8.70582977
1771880640.0,64619.0,64652.0,64614.0,64632.0,4.34958629
1771880700.0,64627.0,64647.0,64593.0,64631.0,1.75696756
1771880760.0,64639.0,64659.0,64636.0,64659.0,0.58467191
1771880820.0,64660.0,64677.0,64654.0,64677.0,2.9195997
1771880880.0,64677.0,64677.0,64647.0,64647.0,1.19028652
1771880940.0,64640.0,64640.0,64491.0,64501.0,3.38903257
1771881000.0,64501.0,64575.0,64501.0,64575.0,0.77976092
1771881060.0,64575.0,64592.0,64575.0,64588.0,1.47668118
1771881120.0,64588.0,64613.0,64588.0,64604.0,1.8372288
1771881180.0,64591.0,64591.0,64572.0,64582.0,0.45375271
1771881240.0,64583.0,64610.0,64566.0,64584.0,1.79760484
1771881300.0,64586.0,64586.0,64541.0,64579.0,0.83705485
1771881360.0,64578.0,64607.0,64578.0,64588.0,0.44930959
1771881420.0,64577.0,64587.0,64571.0,64575.0,0.22969504
1771881480.0,64579.0,64597.0,64578.0,64597.0,1.69449593
1771881540.0,64592.0,64626.0,64592.0,64602.0,0.54182452
1771881600.0,64602.0,64626.0,64598.0,64626.0,2.31431589
1771881660.0,64626.0,64629.0,64611.0,64628.0,0.60424933
1771881720.0,64624.0,64624.0,64564.0,64585.0,0.66241292
1771881780.0,64585.0,64585.0,64542.0,64545.0,1.80683123
1771881840.0,64500.0,64542.0,64500.0,64542.0,0.47003019
1771881900.0,64542.0,64582.0,64542.0,64579.0,3.23329874
1771881960.0,64573.0,64573.0,64519.0,64519.0,0.17562962
1771882020.0,64517.0,64524.0,64517.0,64522.0,0.27712349
1771882080.0,64523.0,64530.0,64523.0,64530.0,1.32072543
1771882140.0,64530.0,64543.0,64530.0,64543.0,0.31154565
1771882200.0,64543.0,64551.0,64542.0,64551.0,0.3723021
1771882260.0,64549.0,64556.0,64549.0,64552.0,0.83285912
1771882320.0,64555.0,64562.0,64540.0,64541.0,1.13179426
1771882380.0,64541.0,64559.0,64541.0,64558.0,0.20789056
1771882440.0,64554.0,64579.0,64554.0,64577.0,0.74979271
1771882500.0,64576.0,64576.0,64571.0,64575.0,0.20434542
1771882560.0,64575.0,64575.0,64523.0,64523.0,0.2100179
1771882620.0,64524.0,64535.0,64520.0,64526.0,0.91543624
1771882680.0,64526.0,64578.0,64526.0,64560.0,0.78732467
1771882740.0,64560.0,64560.0,64528.0,64532.0,0.4233438
1771882800.0,64532.0,64607.0,64532.0,64591.0,2.36473028
1771882860.0,64608.0,64670.0,64608.0,64669.0,1.32924824
1771882920.0,64677.0,64746.0,64676.0,64720.0,112.00252293
1771882980.0,64719.0,64761.0,64706.0,64711.0,11.05192276
1771883040.0,64712.0,64712.0,64613.0,64613.0,7.07038803
1771883100.0,64625.0,64626.0,64612.0,64622.0,2.26280561
1771883160.0,64629.0,64640.0,64629.0,64634.0,0.58478534
1771883220.0,64638.0,64657.0,64638.0,64657.0,0.23699519
1771883280.0,64660.0,64682.0,64660.0,64682.0,0.47933913
1771883340.0,64679.0,64703.0,64675.0,64699.0,0.94451981
1771883400.0,64698.0,64698.0,64675.0,64694.0,0.81476857
1771883460.0,64698.0,64699.0,64686.0,64687.0,1.73375579
1771883520.0,64688.0,64688.0,64638.0,64638.0,0.98389548
1771883580.0,64637.0,64637.0,64609.0,64611.0,0.05445316
1771883640.0,64611.0,64611.0,64582.0,64583.0,0.5744693
1771883700.0,64583.0,64583.0,64582.0,64583.0,0.14956298
1771883760.0,64591.0,64591.0,64583.0,64583.0,0.40645038
1771883820.0,64584.0,64584.0,64584.0,64584.0,0.01044792
1771883880.0,64586.0,64586.0,64548.0,64548.0,1.72561759
1771883940.0,64548.0,64557.0,64545.0,64557.0,1.315556
1771884000.0,64564.0,64574.0,64564.0,64567.0,0.25172285
1771884060.0,64566.0,64566.0,64546.0,64546.0,0.28450218
1771884120.0,64564.0,64690.0,64564.0,64685.0,1.79644854
1771884180.0,64699.0,64721.0,64694.0,64705.0,0.88455634
1771884240.0,64704.0,64757.0,64691.0,64757.0,0.8388623
1771884300.0,64757.0,64848.0,64741.0,64788.0,11.65334896
1771884360.0,64786.0,64788.0,64766.0,64766.0,0.50765762
1771884420.0,64758.0,64765.0,64758.0,64765.0,1.14505238
1771884480.0,64776.0,64862.0,64775.0,64849.0,3.05175181
1771884540.0,64844.0,64923.0,64832.0,64897.0,6.78788053
1771884600.0,64913.0,64913.0,64817.0,64817.0,2.10660818
1771884660.0,64813.0,64880.0,64805.0,64880.0,1.44978743
1771884720.0,64881.0,64973.0,64881.0,64959.0,23.42853164
1771884780.0,64963.0,64963.0,64865.0,64947.0,4.08302891
1771884840.0,64946.0,64957.0,64912.0,64957.0,1.37044121
1771884900.0,64950.0,64954.0,64907.0,64953.0,1.19169107
1771884960.0,64953.0,64994.0,64922.0,64977.0,2.5464987
1771885020.0,64977.0,64980.0,64928.0,64980.0,0.60559243
1771885080.0,64966.0,64975.0,64893.0,64910.0,8.19053292
1771885140.0,64911.0,64918.0,64897.0,64907.0,2.49606113
1771885200.0,64887.0,64887.0,64883.0,64884.0,0.54117866
1771885260.0,64888.0,64888.0,64843.0,64845.0,0.14869983
1771885320.0,64843.0,64873.0,64830.0,64869.0,1.12803092
1771885380.0,64871.0,64948.0,64871.0,64936.0,2.18524006
1771885440.0,64937.0,64964.0,64937.0,64955.0,2.80059005
1771885500.0,64945.0,64945.0,64928.0,64933.0,1.17233438
1771885560.0,64938.0,64946.0,64937.0,64946.0,0.49986549
1771885620.0,64954.0,64954.0,64937.0,64937.0,0.34090053
1771885680.0,64936.0,64936.0,64932.0,64933.0,0.00893107
1771885740.0,64937.0,64937.0,64924.0,64924.0,0.15673868
1771885800.0,64922.0,64922.0,64885.0,64891.0,0.77510893
1771885860.0,64875.0,64875.0,64838.0,64848.0,0.27691188
1771885920.0,64860.0,64870.0,64860.0,64870.0,0.0344716
1771885980.0,64870.0,64882.0,64870.0,64881.0,0.07605023
1771886040.0,64885.0,64893.0,64884.0,64893.0,0.02428016
1771886100.0,64896.0,64905.0,64875.0,64875.0,1.24603342
1771886160.0,64871.0,64872.0,64867.0,64872.0,0.10248128
1771886220.0,64872.0,64885.0,64865.0,64885.0,1.02812082
1771886280.0,64880.0,64880.0,64837.0,64851.0,2.21444565
1771886340.0,64851.0,64861.0,64851.0,64861.0,0.56035114
1771886400.0,64861.0,64861.0,64779.0,64779.0,1.37109877
1771886460.0,64782.0,64845.0,64782.0,64845.0,1.92117736
1771886520.0,64859.0,64860.0,64789.0,64789.0,0.52576359
1771886580.0,64783.0,64804.0,64783.0,64787.0,2.69161722
1771886640.0,64786.0,64786.0,64741.0,64774.0,2.20923834
1771886700.0,64774.0,64824.0,64774.0,64807.0,1.66887229
1771886760.0,64807.0,64844.0,64807.0,64821.0,0.78525379
1771886820.0,64822.0,64822.0,64792.0,64792.0,0.00396264
1771886880.0,64782.0,64793.0,64759.0,64793.0,1.20251755
1771886940.0,64793.0,64820.0,64792.0,64820.0,0.29497105
1771887000.0,64821.0,64833.0,64820.0,64820.0,0.7214579
1771887060.0,64820.0,64856.0,64820.0,64856.0,0.7952132
1771887120.0,64824.0,64831.0,64821.0,64821.0,0.31315883
1771887180.0,64817.0,64817.0,64777.0,64777.0,0.02525494
1771887240.0,64760.0,64760.0,64672.0,64690.0,0.6089552
1771887300.0,64669.0,64679.0,64636.0,64679.0,28.58296514
1771887360.0,64684.0,64751.0,64684.0,64732.0,1.72753055
1771887420.0,64732.0,64732.0,64716.0,64720.0,1.8080798
1771887480.0,64721.0,64756.0,64721.0,64755.0,0.05834093
1771887540.0,64748.0,64748.0,64698.0,64703.0,0.92571289
1771887600.0,64703.0,64725.0,64684.0,64715.0,3.31607187
1771887660.0,64701.0,64747.0,64699.0,64714.0,0.62735737
1771887720.0,64715.0,64724.0,64688.0,64716.0,1.79418027
1771887780.0,64719.0,64746.0,64709.0,64720.0,1.12283367
1771887840.0,64720.0,64747.0,64712.0,64747.0,0.78987647
1771887900.0,64747.0,64754.0,64718.0,64729.0,1.42005426
1771887960.0,64737.0,64792.0,64737.0,64792.0,0.73142665
1771888020.0,64792.0,64860.0,64792.0,64859.0,0.8871088
1771888080.0,64859.0,64873.0,64812.0,64812.0,0.708555
1771888140.0,64812.0,64872.0,64812.0,64872.0,0.48398551
1771888200.0,64872.0,64875.0,64852.0,64875.0,0.22446221
1771888260.0,64875.0,64879.0,64865.0,64875.0,1.63686863
1771888320.0,64875.0,64875.0,64859.0,64860.0,1.50449111
1771888380.0,64859.0,64859.0,64837.0,64837.0,0.2275139
1771888440.0,64836.0,64858.0,64836.0,64845.0,0.22435355
1771888500.0,64845.0,64871.0,64845.0,64863.0,0.30470845
1771888560.0,64863.0,64864.0,64850.0,64864.0,0.27360679
1771888620.0,64864.0,64878.0,64864.0,64869.0,0.01951957
1771888680.0,64869.0,64869.0,64868.0,64868.0,0.02035351
1771888740.0,64866.0,64866.0,64825.0,64825.0,0.46273013
1771888800.0,64826.0,64832.0,64826.0,64832.0,0.07628049
1771888860.0,64834.0,64840.0,64765.0,64769.0,3.02206516
1771888920.0,64769.0,64781.0,64767.0,64780.0,0.79448888
1771888980.0,64779.0,64801.0,64779.0,64801.0,0.0431201
1771889040.0,64800.0,64800.0,64791.0,64799.0,0.05990541
1771889100.0,64799.0,64799.0,64776.0,64776.0,0.01877472
1771889160.0,64776.0,64800.0,64776.0,64800.0,1.23534767
1771889220.0,64800.0,64809.0,64800.0,64809.0,0.17495351
1771889280.0,64809.0,64815.0,64804.0,64815.0,0.08171582
1771889340.0,64815.0,64815.0,64814.0,64815.0,0.19900866
1771889400.0,64815.0,64816.0,64812.0,64816.0,0.28769907
1771889460.0,64816.0,64819.0,64816.0,64818.0,0.15691817
1771889520.0,64819.0,64824.0,64806.0,64806.0,10.46755888
1771889580.0,64807.0,64820.0,64807.0,64820.0,0.42461316
1771889640.0,64819.0,64831.0,64814.0,64831.0,13.1326719
1771889700.0,64831.0,64862.0,64831.0,64862.0,7.14960438
1771889760.0,64862.0,64865.0,64821.0,64821.0,5.91063448
1771889820.0,64785.0,64788.0,64736.0,64737.0,0.43585252
1771889880.0,64737.0,64762.0,64737.0,64757.0,0.37421675
1771889940.0,64757.0,64757.0,64720.0,64720.0,0.34551121
1771890000.0,64714.0,64714.0,64681.0,64699.0,1.44879163
1771890060.0,64693.0,64705.0,64689.0,64705.0,0.64671148
1771890120.0,64706.0,64736.0,64701.0,64705.0,0.31038546
1771890180.0,64705.0,64705.0,64643.0,64643.0,1.87136968
1771890240.0,64640.0,64640.0,64592.0,64596.0,4.54536921
1771890300.0,64597.0,64619.0,64595.0,64595.0,0.39488396
1771890360.0,64597.0,64610.0,64596.0,64610.0,1.84720766
1771890420.0,64610.0,64630.0,64608.0,64630.0,0.59783629
1771890480.0,64638.0,64663.0,64621.0,64621.0,0.44800511
1771890540.0,64621.0,64623.0,64585.0,64597.0,0.94449999
1771890600.0,64597.0,64597.0,64584.0,64587.0,0.90705247
1771890660.0,64587.0,64587.0,64554.0,64558.0,3.35304451
1771890720.0,64568.0,64579.0,64568.0,64572.0,0.08909569
1771890780.0,64572.0,64586.0,64572.0,64575.0,0.25388582
1771890840.0,64573.0,64582.0,64561.0,64561.0,0.81413908
1771890900.0,64561.0,64564.0,64530.0,64533.0,4.06909305
1771890960.0,64534.0,64554.0,64533.0,64554.0,0.27798017
1771891020.0,64554.0,64572.0,64554.0,64572.0,0.29727453
1771891080.0,64580.0,64640.0,64580.0,64615.0,0.7147005
1771891140.0,64614.0,64645.0,64614.0,64630.0,19.98130739
1771891200.0,64630.0,64741.0,64630.0,64741.0,2.69323029
1771891260.0,64743.0,64744.0,64696.0,64696.0,1.04092669
1771891320.0,64695.0,64695.0,64656.0,64662.0,1.02860684
1771891380.0,64662.0,64684.0,64639.0,64684.0,1.44777943
1771891440.0,64685.0,64685.0,64675.0,64676.0,2.25263138
1771891500.0,64676.0,64676.0,64650.0,64650.0,0.67462396
1771891560.0,64650.0,64661.0,64648.0,64659.0,0.09269411
1771891620.0,64656.0,64663.0,64656.0,64663.0,0.59605451
1771891680.0,64663.0,64663.0,64649.0,64662.0,0.16590916
1771891740.0,64670.0,64732.0,64669.0,64725.0,0.78075523
1771891800.0,64725.0,64745.0,64723.0,64738.0,0.07158991
1771891860.0,64737.0,64785.0,64729.0,64785.0,1.30661397
1771891920.0,64800.0,64854.0,64800.0,64844.0,0.62486449
1771891980.0,64816.0,64821.0,64816.0,64821.0,0.45921843
1771892040.0,64828.0,64856.0,64815.0,64856.0,11.24594891
1771892100.0,64856.0,64878.0,64856.0,64878.0,20.83082537
1771892160.0,64869.0,64879.0,64869.0,64878.0,0.583434
1771892220.0,64879.0,64917.0,64879.0,64910.0,6.96035894
1771892280.0,64907.0,64917.0,64905.0,64912.0,0.93644284
1771892340.0,64917.0,64940.0,64917.0,64939.0,2.0884144
1771892400.0,64941.0,64960.0,64940.0,64941.0,3.97635287
1771892460.0,64948.0,64984.0,64948.0,64974.0,1.15878733
1771892520.0,64955.0,64955.0,64925.0,64934.0,1.90717931
1771892580.0,64925.0,64934.0,64919.0,64919.0,0.43672106
1771892640.0,64908.0,64908.0,64873.0,64873.0,0.67866858
1771892700.0,64857.0,64869.0,64799.0,64799.0,2.29857497
1771892760.0,64798.0,64842.0,64778.0,64835.0,0.90619911
1771892820.0,64836.0,64837.0,64806.0,64807.0,19.31671773
1771892880.0,64807.0,64824.0,64803.0,64823.0,7.11177012
1771892940.0,64823.0,64826.0,64817.0,64820.0,29.0231043
1771893000.0,64820.0,64824.0,64790.0,64817.0,8.77398704
1771893060.0,64817.0,64847.0,64817.0,64833.0,17.85518133
1771893120.0,64831.0,64846.0,64821.0,64846.0,1.85843578
1771893180.0,64848.0,64848.0,64819.0,64834.0,0.50071844
1771893240.0,64827.0,64848.0,64826.0,64848.0,0.39894748
1771893300.0,64848.0,64867.0,64842.0,64842.0,1.80167482
1771893360.0,64842.0,64897.0,64842.0,64897.0,1.87129503
1771893420.0,64898.0,64927.0,64898.0,64927.0,0.28465346
1771893480.0,64926.0,64926.0,64874.0,64889.0,1.10021944
1771893540.0,64889.0,64913.0,64887.0,64906.0,0.97251066
1771893600.0,64918.0,64937.0,64918.0,64937.0,0.21926009
1771893660.0,64943.0,64954.0,64943.0,64954.0,0.66140798
1771893720.0,64954.0,64958.0,64952.0,64952.0,0.77733847
1771893780.0,64935.0,64935.0,64909.0,64916.0,1.01048882
1771893840.0,64916.0,64920.0,64894.0,64894.0,1.08650702
1771893900.0,64887.0,64905.0,64884.0,64905.0,0.3038264
1771893960.0,64904.0,64932.0,64901.0,64909.0,0.89232792
1771894020.0,64916.0,64919.0,64910.0,64910.0,0.0316687
1771894080.0,64910.0,64922.0,64879.0,64897.0,0.14433558
1771894140.0,64899.0,64942.0,64899.0,64942.0,0.37031159
1771894200.0,64960.0,64969.0,64956.0,64961.0,0.72546197
1771894260.0,64960.0,64963.0,64944.0,64962.0,0.2919825
1771894320.0,64962.0,64962.0,64938.0,64949.0,0.31773504
1771894380.0,64949.0,64949.0,64917.0,64917.0,1.04254762
1771894440.0,64925.0,64936.0,64925.0,64931.0,0.18357754
1771894500.0,64931.0,64931.0,64859.0,64859.0,0.06116302
1771894560.0,64859.0,64872.0,64842.0,64872.0,0.40875429
1771894620.0,64895.0,64895.0,64886.0,64893.0,0.0304668
1771894680.0,64910.0,64919.0,64906.0,64909.0,0.50817322
1771894740.0,64910.0,64910.0,64910.0,64910.0,0.02773057
1771894800.0,64909.0,64909.0,64849.0,64857.0,0.55438544
1771894860.0,64866.0,64875.0,64813.0,64813.0,0.61986838
1771894920.0,64783.0,64784.0,64756.0,64781.0,6.39738644
1771894980.0,64752.0,64752.0,64702.0,64732.0,4.23444283
1771895040.0,64738.0,64774.0,64738.0,64764.0,0.50880634
1771895100.0,64761.0,64763.0,64731.0,64740.0,0.96707233
1771895160.0,64735.0,64735.0,64713.0,64713.0,2.10930556
1771895220.0,64709.0,64741.0,64709.0,64741.0,0.38132057
1771895280.0,64746.0,64757.0,64722.0,64727.0,1.07292521
1771895340.0,64732.0,64732.0,64615.0,64615.0,30.35872277
1771895400.0,64615.0,64615.0,64575.0,64586.0,5.85075019
1771895460.0,64590.0,64590.0,64537.0,64537.0,7.41655395
1771895520.0,64538.0,64571.0,64406.0,64406.0,13.49221655
1771895580.0,64407.0,64425.0,64236.0,64237.0,27.00600403
1771895640.0,64237.0,64366.0,64237.0,64299.0,10.3449446
1771895700.0,64306.0,64350.0,64110.0,64110.0,14.23199213
1771895760.0,64111.0,64111.0,63507.0,63601.0,61.65558743
1771895820.0,63598.0,63598.0,63432.0,63506.0,18.3206676
1771895880.0,63505.0,63867.0,63442.0,63866.0,42.34090167
1771895940.0,63846.0,63898.0,63706.0,63747.0,11.96941838
1771896000.0,63747.0,64213.0,63700.0,64127.0,18.35166298
1771896060.0,64127.0,64138.0,63943.0,63944.0,7.63033311
1771896120.0,63944.0,64038.0,63842.0,63999.0,16.86137734
1771896180.0,64001.0,64121.0,64001.0,64089.0,12.72008457
1771896240.0,64093.0,64282.0,64093.0,64217.0,19.42256466
1771896300.0,64215.0,64429.0,64215.0,64429.0,13.76270545
1771896360.0,64428.0,64452.0,64330.0,64341.0,6.05840258
1771896420.0,64345.0,64446.0,64341.0,64442.0,3.38685844
1771896480.0,64442.0,64501.0,64442.0,64468.0,9.50640029
1771896540.0,64464.0,64469.0,64355.0,64398.0,18.44460587
1771896600.0,64399.0,64496.0,64391.0,64464.0,5.45706434
1771896660.0,64464.0,64506.0,64352.0,64441.0,5.43950879
1771896720.0,64447.0,64477.0,64421.0,64460.0,3.39171876
1771896780.0,64448.0,64537.0,64425.0,64514.0,7.33967586
1771896840.0,64523.0,64561.0,64460.0,64484.0,7.59096638
1771896900.0,64491.0,64526.0,64456.0,64501.0,14.60657537
1771896960.0,64503.0,64530.0,64497.0,64521.0,1.11172427
1771897020.0,64504.0,64509.0,64376.0,64376.0,4.72974596
1771897080.0,64398.0,64414.0,64350.0,64373.0,1.91464356
1771897140.0,64380.0,64380.0,64107.0,64122.0,41.70596932
1771897200.0,64124.0,64276.0,64059.0,64238.0,25.60121136
1771897260.0,64237.0,64298.0,64115.0,64298.0,7.13073057
1771897320.0,64304.0,64377.0,64298.0,64373.0,2.28059232
1771897380.0,64379.0,64379.0,64285.0,64285.0,0.85367567
1771897440.0,64293.0,64312.0,64289.0,64302.0,1.51705895
1771897500.0,64313.0,64384.0,64259.0,64384.0,1.53660797
1771897560.0,64344.0,64344.0,64206.0,64206.0,1.47975932
1771897620.0,64182.0,64229.0,64164.0,64205.0,0.83760077
1771897680.0,64154.0,64154.0,64052.0,64100.0,9.8762843
1771897740.0,64100.0,64268.0,64100.0,64268.0,6.98044345
1771897800.0,64276.0,64292.0,64225.0,64225.0,3.80765419
1771897860.0,64226.0,64284.0,64215.0,64275.0,0.45111675
1771897920.0,64314.0,64314.0,64238.0,64238.0,1.50949887
1771897980.0,64240.0,64276.0,64239.0,64272.0,7.83097215
1771898040.0,64261.0,64261.0,64205.0,64237.0,2.49020735
1771898100.0,64222.0,64230.0,64150.0,64151.0,2.49295739
1771898160.0,64151.0,64186.0,64146.0,64162.0,0.90981844
1771898220.0,64151.0,64151.0,64122.0,64135.0,0.46593071
1771898280.0,64136.0,64158.0,64122.0,64122.0,1.55394635
1771898340.0,64122.0,64149.0,64122.0,64137.0,1.84224179
1771898400.0,64136.0,64158.0,64116.0,64116.0,0.75677462
1771898460.0,64115.0,64151.0,64096.0,64131.0,1.46784969
1771898520.0,64154.0,64230.0,64144.0,64201.0,3.00098199
1771898580.0,64185.0,64214.0,64161.0,64192.0,1.29765047
1771898640.0,64186.0,64186.0,63983.0,64018.0,12.98703168
1771898700.0,64008.0,64103.0,63982.0,64103.0,2.93117086
1771898760.0,64103.0,64149.0,64061.0,64064.0,2.4200117
1771898820.0,64052.0,64149.0,64052.0,64133.0,3.37119579
1771898880.0,64100.0,64134.0,64081.0,64082.0,3.35965398
1771898940.0,64076.0,64094.0,64035.0,64094.0,2.16175043
1771899000.0,64097.0,64220.0,64097.0,64217.0,2.74008718
1771899060.0,64216.0,64228.0,64177.0,64228.0,1.16325396
1771899120.0,64227.0,64296.0,64215.0,64215.0,2.69738787
1771899180.0,64213.0,64217.0,64160.0,64215.0,1.27332936
1771899240.0,64215.0,64244.0,64200.0,64223.0,1.2865615
1771899300.0,64238.0,64285.0,64219.0,64251.0,1.53093735
1771899360.0,64246.0,64246.0,64117.0,64149.0,2.74784862
1771899420.0,64148.0,64148.0,64058.0,64058.0,1.1777712
1771899480.0,64047.0,64068.0,64005.0,64067.0,1.17873774
1771899540.0,64068.0,64164.0,64068.0,64124.0,2.05870354
1771899600.0,64124.0,64159.0,64108.0,64129.0,1.53931712
1771899660.0,64126.0,64175.0,64123.0,64131.0,0.57239355
1771899720.0,64130.0,64130.0,64107.0,64107.0,0.42439418
1771899780.0,64107.0,64162.0,64107.0,64152.0,1.00269176
1771899840.0,64149.0,64183.0,64149.0,64176.0,0.09177751
1771899900.0,64182.0,64240.0,64155.0,64238.0,2.47417761
1771899960.0,64238.0,64238.0,64185.0,64201.0,1.05303933
1771900020.0,64194.0,64253.0,64181.0,64252.0,0.77873442
1771900080.0,64256.0,64286.0,64253.0,64278.0,1.93379007
1771900140.0,64279.0,64292.0,64279.0,64292.0,1.31559455
1771900200.0,64291.0,64336.0,64289.0,64318.0,26.84809749
1771900260.0,64327.0,64336.0,64293.0,64336.0,3.64318823
1771900320.0,64336.0,64468.0,64336.0,64444.0,11.01003953
1771900380.0,64443.0,64464.0,64362.0,64362.0,9.39634516
1771900440.0,64368.0,64368.0,64320.0,64359.0,1.09683992
1771900500.0,64338.0,64338.0,64261.0,64265.0,1.13427825
1771900560.0,64267.0,64267.0,64244.0,64259.0,0.50708542
1771900620.0,64258.0,64258.0,64165.0,64190.0,3.2891986
1771900680.0,64193.0,64236.0,64193.0,64236.0,0.02461541
1771900740.0,64242.0,64265.0,64234.0,64253.0,0.74358871
1771900800.0,64245.0,64251.0,64194.0,64197.0,0.58156431
1771900860.0,64188.0,64202.0,64188.0,64202.0,0.4554176
1771900920.0,64200.0,64206.0,64177.0,64178.0,0.06016342
1771900980.0,64167.0,64167.0,64113.0,64113.0,6.67312117
1771901040.0,64114.0,64126.0,64113.0,64113.0,12.16629001
1771901100.0,64113.0,64113.0,64067.0,64099.0,13.21027604
1771901160.0,64102.0,64132.0,64099.0,64128.0,2.87049617
1771901220.0,64123.0,64153.0,64117.0,64120.0,3.2248657
1771901280.0,64120.0,64148.0,64115.0,64148.0,0.95744186
1771901340.0,64144.0,64149.0,64140.0,64146.0,0.26100341
1771901400.0,64137.0,64141.0,64115.0,64119.0,0.31039012
1771901460.0,64121.0,64136.0,64117.0,64128.0,0.43411593
1771901520.0,64132.0,64132.0,64076.0,64113.0,0.52883518
1771901580.0,64105.0,64105.0,64067.0,64067.0,2.37972945
1771901640.0,64067.0,64070.0,64065.0,64067.0,0.46691485
1771901700.0,64071.0,64152.0,64066.0,64128.0,1.27100749
1771901760.0,64115.0,64115.0,64092.0,64095.0,0.25924683
1771901820.0,64095.0,64142.0,64095.0,64110.0,0.5163688
1771901880.0,64107.0,64107.0,64093.0,64100.0,1.38625197
1771901940.0,64104.0,64104.0,64096.0,64096.0,0.11077751
1771902000.0,64077.0,64077.0,64013.0,64060.0,9.03106132
1771902060.0,64042.0,64042.0,63936.0,63936.0,9.51703084
1771902120.0,63936.0,63936.0,63847.0,63868.0,11.33685957
1771902180.0,63852.0,63852.0,63623.0,63671.0,25.74404108
1771902240.0,63674.0,63834.0,63674.0,63830.0,6.37623005
1771902300.0,63842.0,63859.0,63708.0,63723.0,3.54539434
1771902360.0,63709.0,63748.0,63646.0,63733.0,4.22267822
1771902420.0,63761.0,63856.0,63760.0,63841.0,3.51773919
1771902480.0,63831.0,63841.0,63743.0,63836.0,1.9864328
1771902540.0,63836.0,63836.0,63777.0,63777.0,2.69518084
1771902600.0,63768.0,63827.0,63768.0,63786.0,1.62860251
1771902660.0,63776.0,63799.0,63697.0,63697.0,2.48168632
1771902720.0,63680.0,63751.0,63680.0,63704.0,1.37349868
1771902780.0,63726.0,63730.0,63679.0,63680.0,1.23353282
1771902840.0,63679.0,63679.0,63538.0,63669.0,11.5676839
1771902900.0,63660.0,63672.0,63578.0,63598.0,3.65323946
1771902960.0,63592.0,63768.0,63566.0,63695.0,2.76361203
1771903020.0,63702.0,63783.0,63670.0,63762.0,3.91900476
1771903080.0,63738.0,63771.0,63673.0,63748.0,1.31674912
1771903140.0,63748.0,63788.0,63743.0,63788.0,1.10437056
1771903200.0,63789.0,63830.0,63788.0,63830.0,1.44574338
1771903260.0,63829.0,63829.0,63780.0,63799.0,0.24793871
1771903320.0,63783.0,63803.0,63740.0,63744.0,2.39810584
1771903380.0,63745.0,63745.0,63675.0,63694.0,0.87798359
1771903440.0,63700.0,63731.0,63692.0,63692.0,0.87191128
1771903500.0,63691.0,63691.0,63656.0,63682.0,0.40481085
1771903560.0,63681.0,63681.0,63658.0,63660.0,0.61874922
1771903620.0,63657.0,63727.0,63657.0,63696.0,2.18817076
1771903680.0,63688.0,63722.0,63681.0,63722.0,0.4737218
1771903740.0,63695.0,63695.0,63655.0,63689.0,2.54305051
1771903800.0,63685.0,63699.0,63667.0,63699.0,0.77280034
1771903860.0,63698.0,63717.0,63692.0,63699.0,0.30347812
1771903920.0,63705.0,63742.0,63650.0,63650.0,0.98433455
1771903980.0,63656.0,63656.0,63618.0,63634.0,3.19789716
1771904040.0,63641.0,63664.0,63638.0,63664.0,2.39855456
1771904100.0,63652.0,63684.0,63650.0,63650.0,1.76268068
1771904160.0,63630.0,63671.0,63630.0,63631.0,0.88348425
1771904220.0,63662.0,63662.0,63641.0,63650.0,0.66102163
1771904280.0,63649.0,63721.0,63639.0,63719.0,2.41410678
1771904340.0,63698.0,63698.0,63652.0,63671.0,0.07708793
1771904400.0,63675.0,63753.0,63675.0,63753.0,1.04896245
1771904460.0,63761.0,63761.0,63710.0,63729.0,1.05388664
1771904520.0,63731.0,63754.0,63721.0,63721.0,0.8863112
1771904580.0,63702.0,63702.0,63636.0,63641.0,2.60633767
1771904640.0,63649.0,63668.0,63649.0,63649.0,0.50365516
1771904700.0,63649.0,63656.0,63644.0,63656.0,1.18189054
1771904760.0,63656.0,63656.0,63637.0,63637.0,0.78521146
1771904820.0,63647.0,63651.0,63547.0,63548.0,11.73444802
1771904880.0,63552.0,63585.0,63516.0,63517.0,7.65814625
1771904940.0,63517.0,63584.0,63517.0,63535.0,1.07235464
1771905000.0,63526.0,63526.0,63202.0,63471.0,64.85675153
1771905060.0,63473.0,63553.0,63385.0,63421.0,20.88906434
1771905120.0,63418.0,63523.0,63418.0,63523.0,3.31046967
1771905180.0,63526.0,63589.0,63485.0,63589.0,1.53484382
1771905240.0,63589.0,63635.0,63572.0,63594.0,1.93797606
1771905300.0,63607.0,63644.0,63545.0,63548.0,1.52707304
1771905360.0,63539.0,63588.0,63532.0,63533.0,0.57285915
1771905420.0,63540.0,63553.0,63527.0,63536.0,1.60506159
1771905480.0,63542.0,63571.0,63538.0,63540.0,0.30685128
1771905540.0,63540.0,63557.0,63538.0,63557.0,0.79204794
1771905600.0,63567.0,63602.0,63554.0,63583.0,1.3000478
1771905660.0,63566.0,63585.0,63531.0,63545.0,1.06491889
1771905720.0,63578.0,63578.0,63525.0,63542.0,0.83118901
1771905780.0,63561.0,63561.0,63477.0,63504.0,1.26733351
1771905840.0,63508.0,63508.0,63469.0,63480.0,0.61927889
1771905900.0,63482.0,63484.0,63371.0,63427.0,1.80634164
1771905960.0,63421.0,63487.0,63311.0,63366.0,13.13995306
1771906020.0,63396.0,63426.0,63171.0,63294.0,31.8110328
1771906080.0,63294.0,63343.0,63294.0,63343.0,1.56089123
1771906140.0,63342.0,63342.0,63219.0,63272.0,6.03325716
1771906200.0,63277.0,63399.0,63277.0,63399.0,2.52846418
1771906260.0,63410.0,63410.0,63308.0,63308.0,1.61060827
1771906320.0,63295.0,63295.0,63200.0,63225.0,4.39131153
1771906380.0,63221.0,63221.0,63084.0,63084.0,9.52941337
1771906440.0,63084.0,63103.0,62969.0,62989.0,34.16145733
1771906500.0,62987.0,63000.0,62948.0,62953.0,2.2643662
1771906560.0,62953.0,62977.0,62910.0,62914.0,3.19616955
1771906620.0,62922.0,62975.0,62899.0,62948.0,3.36401733
1771906680.0,62937.0,62975.0,62850.0,62931.0,6.25351002
1771906740.0,62921.0,62982.0,62921.0,62948.0,4.91898826
1771906800.0,62946.0,63015.0,62946.0,63003.0,3.21749308
1771906860.0,63002.0,63166.0,62967.0,63166.0,5.42334698
1771906920.0,63162.0,63352.0,63133.0,63352.0,4.30631473
1771906980.0,63352.0,63372.0,63274.0,63342.0,5.97430663
1771907040.0,63323.0,63329.0,63252.0,63255.0,1.23671339
1771907100.0,63258.0,63329.0,63258.0,63329.0,2.11325713
1771907160.0,63330.0,63342.0,63117.0,63133.0,12.72131067
1771907220.0,63135.0,63213.0,63135.0,63209.0,1.91250043
1771907280.0,63209.0,63212.0,63164.0,63186.0,2.15476861
1771907340.0,63186.0,63194.0,63165.0,63193.0,0.87026907
1771907400.0,63193.0,63199.0,63102.0,63128.0,4.53529786
1771907460.0,63127.0,63127.0,62975.0,63003.0,6.08304318
1771907520.0,63002.0,63087.0,62995.0,63076.0,1.96475495
1771907580.0,63057.0,63122.0,63057.0,63099.0,1.11694542
1771907640.0,63087.0,63121.0,63072.0,63121.0,3.59610725
1771907700.0,63121.0,63189.0,63121.0,63188.0,2.51340466
1771907760.0,63198.0,63198.0,63164.0,63195.0,0.75288711
1771907820.0,63198.0,63257.0,63193.0,63257.0,1.3132833
1771907880.0,63262.0,63280.0,63245.0,63280.0,0.75651581
1771907940.0,63280.0,63281.0,63226.0,63281.0,4.61756257
1771908000.0,63281.0,63327.0,63269.0,63327.0,0.41971974
1771908060.0,63327.0,63327.0,63286.0,63286.0,0.88865757
1771908120.0,63300.0,63324.0,63300.0,63308.0,1.29699358
1771908180.0,63307.0,63307.0,63243.0,63265.0,0.65889097
1771908240.0,63270.0,63329.0,63259.0,63316.0,1.42514765
1771908300.0,63315.0,63358.0,63314.0,63358.0,1.48841939
1771908360.0,63364.0,63371.0,63323.0,63370.0,2.30149985
1771908420.0,63370.0,63370.0,63345.0,63356.0,0.63973092
1771908480.0,63353.0,63361.0,63295.0,63297.0,2.28280436
1771908540.0,63281.0,63318.0,63280.0,63314.0,0.1744697
1771908600.0,63311.0,63333.0,63294.0,63333.0,0.83932009
1771908660.0,63325.0,63325.0,63297.0,63299.0,1.54471004
1771908720.0,63299.0,63299.0,63258.0,63262.0,0.57923616
1771908780.0,63263.0,63268.0,63246.0,63254.0,0.57969392
1771908840.0,63254.0,63274.0,63235.0,63238.0,1.14400548
1771908900.0,63237.0,63276.0,63222.0,63248.0,3.37740882
1771908960.0,63223.0,63266.0,63223.0,63266.0,0.46163571
1771909020.0,63265.0,63282.0,63235.0,63272.0,1.63777971
1771909080.0,63278.0,63307.0,63278.0,63307.0,0.1810348
1771909140.0,63320.0,63354.0,63320.0,63354.0,0.42778672
1771909200.0,63351.0,63351.0,63288.0,63320.0,1.3055857
1771909260.0,63323.0,63323.0,63289.0,63304.0,0.46300869
1771909320.0,63291.0,63305.0,63291.0,63305.0,0.28314669
1771909380.0,63288.0,63288.0,63250.0,63263.0,0.99886788
1771909440.0,63259.0,63336.0,63259.0,63333.0,0.56403074
1771909500.0,63361.0,63497.0,63354.0,63475.0,8.26821128
1771909560.0,63472.0,63472.0,63444.0,63461.0,0.92761886
1771909620.0,63461.0,63494.0,63451.0,63480.0,1.13293277
1771909680.0,63472.0,63472.0,63427.0,63452.0,1.1929331
1771909740.0,63454.0,63467.0,63454.0,63467.0,0.67139373
1771909800.0,63482.0,63500.0,63474.0,63500.0,11.5884203
1771909860.0,63500.0,63500.0,63470.0,63485.0,1.49223123
1771909920.0,63485.0,63515.0,63485.0,63514.0,31.64160576
1771909980.0,63507.0,63507.0,63467.0,63483.0,5.96948967
1771910040.0,63482.0,63482.0,63473.0,63473.0,0.36095405
1771910100.0,63469.0,63469.0,63389.0,63394.0,1.82207946
1771910160.0,63405.0,63442.0,63397.0,63397.0,1.3122127
1771910220.0,63383.0,63383.0,63351.0,63367.0,1.13711104
1771910280.0,63385.0,63385.0,63336.0,63336.0,0.75560236
1771910340.0,63327.0,63327.0,63222.0,63232.0,2.27059098
1771910400.0,63242.0,63246.0,63155.0,63198.0,2.92772618
1771910460.0,63197.0,63242.0,63193.0,63193.0,2.53415719
1771910520.0,63179.0,63179.0,62984.0,62986.0,23.21198762
1771910580.0,62988.0,63033.0,62939.0,62940.0,31.82007435
1771910640.0,62940.0,62990.0,62696.0,62700.0,29.33329255
1771910700.0,62732.0,62843.0,62732.0,62805.0,5.06684743
1771910760.0,62805.0,62855.0,62784.0,62832.0,3.51997958
1771910820.0,62830.0,62830.0,62733.0,62733.0,3.61640896
1771910880.0,62724.0,62832.0,62724.0,62832.0,1.96340892
1771910940.0,62830.0,62866.0,62805.0,62805.0,5.03554949
1771911000.0,62805.0,62900.0,62805.0,62835.0,4.68474578
1771911060.0,62835.0,62835.0,62713.0,62820.0,4.40283199
1771911120.0,62827.0,62946.0,62814.0,62916.0,6.23741512
1771911180.0,62921.0,62977.0,62921.0,62973.0,0.77047544
1771911240.0,62954.0,62972.0,62913.0,62924.0,3.92798311
1771911300.0,62930.0,62939.0,62882.0,62931.0,2.27432817
1771911360.0,62938.0,62973.0,62925.0,62968.0,1.54828104
1771911420.0,62964.0,63030.0,62939.0,62952.0,6.469272
1771911480.0,62952.0,62969.0,62911.0,62927.0,1.49837103
1771911540.0,62928.0,62959.0,62900.0,62957.0,2.91492473
1771911600.0,62944.0,62944.0,62884.0,62891.0,0.92176341
1771911660.0,62887.0,62921.0,62884.0,62921.0,0.77818486
1771911720.0,62918.0,62931.0,62909.0,62920.0,0.33547499
1771911780.0,62936.0,62939.0,62927.0,62930.0,0.2578863
1771911840.0,62942.0,62974.0,62942.0,62974.0,1.47367563
1771911900.0,62954.0,62993.0,62944.0,62987.0,2.10488977
1771911960.0,62987.0,63023.0,62935.0,63023.0,0.53667877
1771912020.0,63028.0,63028.0,62958.0,62970.0,0.56971238
1771912080.0,62977.0,63041.0,62975.0,63027.0,2.72465442
1771912140.0,63018.0,63018.0,62982.0,62982.0,0.97297634
1771912200.0,62982.0,63015.0,62939.0,62953.0,0.92194388
1771912260.0,62967.0,62995.0,62967.0,62994.0,0.10391647
1771912320.0,62994.0,63034.0,62994.0,63034.0,0.28181068
1771912380.0,63036.0,63041.0,63030.0,63041.0,0.03241642
1771912440.0,63043.0,63058.0,63039.0,63058.0,0.40370624
1771912500.0,63058.0,63070.0,63031.0,63042.0,1.34673664
1771912560.0,63042.0,63044.0,63042.0,63042.0,0.57590054
1771912620.0,63038.0,63080.0,63038.0,63080.0,0.43549395
1771912680.0,63080.0,63087.0,63071.0,63081.0,0.57661427
1771912740.0,63081.0,63084.0,63080.0,63084.0,0.00974159
1771912800.0,63083.0,63083.0,63049.0,63067.0,1.45455218
1771912860.0,63067.0,63108.0,63038.0,63038.0,2.04266266
1771912920.0,63023.0,63048.0,62987.0,62999.0,0.59473994
1771912980.0,62999.0,63066.0,62999.0,63034.0,2.67620921
1771913040.0,63028.0,63028.0,62879.0,62881.0,1.58827076
1771913100.0,62892.0,62944.0,62892.0,62909.0,1.4770897
1771913160.0,62917.0,62983.0,62917.0,62980.0,1.49278035
1771913220.0,63004.0,63009.0,62984.0,63007.0,1.58467393
1771913280.0,63011.0,63055.0,63011.0,63050.0,0.48122214
1771913340.0,63053.0,63191.0,63052.0,63190.0,1.31954691
1771913400.0,63205.0,63205.0,63177.0,63177.0,0.28512048
1771913460.0,63176.0,63176.0,63122.0,63138.0,1.31204743
1771913520.0,63137.0,63137.0,63124.0,63132.0,0.55988145
1771913580.0,63123.0,63123.0,63089.0,63099.0,3.35156605
1771913640.0,63077.0,63116.0,63077.0,63116.0,0.81816373
1771913700.0,63116.0,63144.0,63093.0,63144.0,2.67685487
1771913760.0,63143.0,63153.0,63139.0,63153.0,0.07892608
1771913820.0,63152.0,63160.0,63152.0,63159.0,0.15737105
1771913880.0,63157.0,63223.0,63157.0,63218.0,0.90021601
1771913940.0,63217.0,63217.0,63189.0,63204.0,0.24921654
1771914000.0,63214.0,63227.0,63202.0,63227.0,1.16424411
1771914060.0,63229.0,63231.0,63183.0,63196.0,1.32726248
1771914120.0,63192.0,63227.0,63167.0,63227.0,0.23026391
1771914180.0,63244.0,63244.0,63218.0,63232.0,0.50015006
1771914240.0,63228.0,63244.0,63205.0,63244.0,0.7768834
1771914300.0,63247.0,63290.0,63207.0,63207.0,9.07858017
1771914360.0,63203.0,63204.0,63158.0,63158.0,5.78556572
1771914420.0,63157.0,63190.0,63157.0,63183.0,1.40592101
1771914480.0,63186.0,63224.0,63186.0,63224.0,2.30097653
1771914540.0,63223.0,63223.0,63181.0,63189.0,4.44228434
1771914600.0,63189.0,63235.0,63181.0,63235.0,1.69499797
1771914660.0,63221.0,63221.0,63192.0,63192.0,0.14370936
1771914720.0,63188.0,63210.0,63167.0,63210.0,0.51629536
1771914780.0,63231.0,63295.0,63231.0,63283.0,1.31587046
1771914840.0,63282.0,63282.0,63255.0,63280.0,0.50769631
1771914900.0,63281.0,63296.0,63252.0,63252.0,0.69631201
1771914960.0,63247.0,63247.0,63152.0,63160.0,2.26028014
1771915020.0,63162.0,63188.0,63162.0,63182.0,0.09129006
1771915080.0,63184.0,63242.0,63184.0,63235.0,1.3991157
1771915140.0,63219.0,63236.0,63219.0,63220.0,0.13627779
1771915200.0,63219.0,63240.0,63215.0,63220.0,0.05738196
1771915260.0,63221.0,63250.0,63221.0,63250.0,0.22385574
1771915320.0,63250.0,63259.0,63250.0,63255.0,0.2455798
1771915380.0,63254.0,63290.0,63254.0,63277.0,0.38779559
1771915440.0,63271.0,63271.0,63234.0,63236.0,0.48405547
1771915500.0,63236.0,63236.0,63142.0,63146.0,5.56190612
1771915560.0,63155.0,63163.0,63096.0,63105.0,1.46130227
1771915620.0,63130.0,63160.0,63114.0,63130.0,3.20507211
1771915680.0,63142.0,63161.0,63135.0,63153.0,1.86986085
1771915740.0,63154.0,63191.0,63154.0,63183.0,2.13033288
1771915800.0,63184.0,63202.0,63165.0,63202.0,0.04808266
1771915860.0,63197.0,63207.0,63168.0,63168.0,0.18724876
1771915920.0,63119.0,63137.0,63045.0,63058.0,1.93323844
1771915980.0,63058.0,63080.0,63046.0,63046.0,0.29020517
1771916040.0,63044.0,63070.0,63020.0,63024.0,0.82587803
1771916100.0,63027.0,63027.0,62932.0,62955.0,3.34291182
1771916160.0,62971.0,63028.0,62963.0,63001.0,1.04489433
1771916220.0,63002.0,63053.0,62996.0,63053.0,0.65646609
1771916280.0,63053.0,63064.0,63037.0,63047.0,1.45402346
1771916340.0,63047.0,63062.0,63047.0,63058.0,0.68408731
1771916400.0,63057.0,63077.0,63053.0,63077.0,0.58846484
1771916460.0,63076.0,63097.0,63068.0,63080.0,2.22408197
1771916520.0,63088.0,63140.0,63087.0,63121.0,1.7332783
1771916580.0,63123.0,63136.0,63098.0,63098.0,1.57650185
1771916640.0,63090.0,63090.0,62907.0,62910.0,3.81930745
1771916700.0,62930.0,62970.0,62901.0,62970.0,0.71151382
1771916760.0,62970.0,63102.0,62957.0,63102.0,1.66839103
1771916820.0,63107.0,63231.0,63107.0,63209.0,1.93668904
1771916880.0,63205.0,63226.0,63173.0,63226.0,4.53827635
1771916940.0,63226.0,63288.0,63207.0,63288.0,4.13975988
1771917000.0,63294.0,63294.0,63226.0,63226.0,4.15458777
1771917060.0,63227.0,63269.0,63227.0,63269.0,0.57658015
1771917120.0,63269.0,63341.0,63269.0,63338.0,3.95450685
1771917180.0,63338.0,63345.0,63317.0,63320.0,0.16900687
1771917240.0,63319.0,63319.0,63317.0,63317.0,0.03394615
1771917300.0,63317.0,63322.0,63294.0,63303.0,1.12047458
1771917360.0,63302.0,63302.0,63250.0,63257.0,6.18039414
1771917420.0,63255.0,63277.0,63203.0,63211.0,1.38192575
1771917480.0,63212.0,63212.0,63183.0,63207.0,0.91012084
1771917540.0,63207.0,63222.0,63187.0,63196.0,1.18039635
1771917600.0,63198.0,63214.0,63161.0,63163.0,1.28701817
1771917660.0,63163.0,63192.0,63163.0,63169.0,1.07266862
1771917720.0,63161.0,63163.0,63141.0,63150.0,0.70975516
1771917780.0,63143.0,63179.0,63143.0,63178.0,0.57645321
1771917840.0,63173.0,63267.0,63173.0,63236.0,1.73085635
1771917900.0,63220.0,63254.0,63188.0,63188.0,6.89357946
1771917960.0,63188.0,63222.0,63188.0,63212.0,2.44252048
1771918020.0,63213.0,63273.0,63213.0,63243.0,4.29268971
1771918080.0,63245.0,63274.0,63245.0,63262.0,0.25829893
1771918140.0,63262.0,63262.0,63261.0,63262.0,0.26294044
1771918200.0,63263.0,63270.0,63260.0,63260.0,0.93098082
1771918260.0,63248.0,63253.0,63223.0,63237.0,1.00586325
1771918320.0,63236.0,63285.0,63236.0,63276.0,1.63719255
1771918380.0,63276.0,63276.0,63221.0,63233.0,0.25193843
1771918440.0,63233.0,63240.0,63195.0,63219.0,2.31752405
1771918500.0,63219.0,63219.0,63163.0,63166.0,0.46273447
1771918560.0,63161.0,63206.0,63161.0,63185.0,0.99487196
1771918620.0,63177.0,63223.0,63177.0,63217.0,0.31589296
1771918680.0,63202.0,63214.0,63202.0,63208.0,0.45701048
1771918740.0,63194.0,63203.0,63193.0,63203.0,0.41525496
1771918800.0,63202.0,63202.0,63151.0,63155.0,1.09790763
1771918860.0,63158.0,63159.0,63122.0,63122.0,0.36648949
1771918920.0,63117.0,63117.0,63082.0,63091.0,3.30330201
1771918980.0,63082.0,63090.0,63082.0,63089.0,0.30553444
1771919040.0,63074.0,63082.0,63074.0,63082.0,0.13496686
1771919100.0,63081.0,63090.0,63074.0,63083.0,0.18703588
1771919160.0,63079.0,63079.0,63023.0,63042.0,1.20200915
1771919220.0,63043.0,63065.0,63016.0,63043.0,0.98474338
1771919280.0,63015.0,63046.0,63013.0,63013.0,0.67682479
1771919340.0,63013.0,63022.0,62990.0,63014.0,1.81381268
1771919400.0,63019.0,63081.0,63019.0,63081.0,0.28777265
1771919460.0,63086.0,63092.0,63031.0,63032.0,0.74603779
1771919520.0,63032.0,63060.0,63016.0,63044.0,0.27271416
1771919580.0,63030.0,63051.0,63017.0,63041.0,0.17161798
1771919640.0,63041.0,63090.0,63041.0,63073.0,0.51236466
1771919700.0,63058.0,63096.0,63055.0,63091.0,0.73028263
1771919760.0,63098.0,63141.0,63098.0,63126.0,1.22752651
1771919820.0,63127.0,63147.0,63127.0,63139.0,1.10792405
1771919880.0,63138.0,63144.0,63121.0,63144.0,1.98239843
1771919940.0,63138.0,63171.0,63138.0,63170.0,0.26592006
1771920000.0,63163.0,63163.0,63139.0,63139.0,0.18766063
1771920060.0,63132.0,63132.0,63035.0,63035.0,0.24059648
1771920120.0,63005.0,63055.0,63001.0,63036.0,1.14388023
1771920180.0,63036.0,63162.0,63036.0,63162.0,2.29088586
1771920240.0,63156.0,63156.0,63081.0,63104.0,0.90562846
1771920300.0,63107.0,63131.0,63107.0,63129.0,0.89895154
1771920360.0,63115.0,63138.0,63097.0,63097.0,2.83687509
1771920420.0,63098.0,63098.0,63069.0,63092.0,0.58435301
1771920480.0,63092.0,63132.0,63086.0,63117.0,1.6005339
1771920540.0,63130.0,63181.0,63126.0,63177.0,0.34276252
1771920600.0,63178.0,63252.0,63178.0,63210.0,2.37682355
1771920660.0,63210.0,63241.0,63205.0,63205.0,3.01223232
1771920720.0,63205.0,63222.0,63183.0,63210.0,5.44345781
1771920780.0,63215.0,63247.0,63215.0,63234.0,1.13680073
1771920840.0,63234.0,63234.0,63204.0,63204.0,0.23894776
1771920900.0,63191.0,63216.0,63165.0,63172.0,0.39572166
1771920960.0,63173.0,63212.0,63139.0,63203.0,0.75414248
1771921020.0,63204.0,63216.0,63150.0,63150.0,0.36899689
1771921080.0,63150.0,63164.0,63104.0,63104.0,0.73891975
1771921140.0,63102.0,63129.0,63079.0,63083.0,2.33105486
1771921200.0,63091.0,63105.0,63072.0,63105.0,0.80722097
1771921260.0,63100.0,63141.0,63093.0,63141.0,0.73420614
1771921320.0,63140.0,63197.0,63140.0,63197.0,0.88987003
1771921380.0,63208.0,63232.0,63195.0,63230.0,2.01279588
1771921440.0,63231.0,63299.0,63231.0,63290.0,1.9860266
1771921500.0,63290.0,63290.0,63245.0,63246.0,1.68001182
1771921560.0,63246.0,63247.0,63202.0,63223.0,0.45760987
1771921620.0,63230.0,63251.0,63230.0,63251.0,0.41104873
1771921680.0,63251.0,63260.0,63251.0,63252.0,0.13522472
1771921740.0,63248.0,63278.0,63248.0,63273.0,1.42938815
1771921800.0,63273.0,63289.0,63254.0,63277.0,0.5737111
1771921860.0,63285.0,63346.0,63285.0,63333.0,1.19138349
1771921920.0,63310.0,63370.0,63310.0,63370.0,1.21415807
1771921980.0,63385.0,63400.0,63349.0,63349.0,0.5659917
1771922040.0,63346.0,63361.0,63344.0,63355.0,0.68643185
1771922100.0,63354.0,63354.0,63282.0,63282.0,1.85961187
1771922160.0,63275.0,63328.0,63275.0,63328.0,6.41231191
1771922220.0,63328.0,63341.0,63319.0,63333.0,0.99004066
1771922280.0,63331.0,63346.0,63323.0,63346.0,0.79309104
1771922340.0,63345.0,63357.0,63333.0,63350.0,1.1983183
1771922400.0,63351.0,63384.0,63351.0,63380.0,1.2129985
1771922460.0,63379.0,63383.0,63371.0,63371.0,1.29329662
1771922520.0,63372.0,63372.0,63321.0,63321.0,0.87336517
1771922580.0,63322.0,63358.0,63322.0,63358.0,0.85774848
1771922640.0,63358.0,63381.0,63358.0,63369.0,0.86507981
1771922700.0,63368.0,63407.0,63368.0,63406.0,1.13927561
1771922760.0,63406.0,63406.0,63386.0,63388.0,1.1160877
1771922820.0,63388.0,63395.0,63355.0,63361.0,2.23788739
1771922880.0,63371.0,63392.0,63348.0,63351.0,6.41138242
1771922940.0,63351.0,63375.0,63351.0,63354.0,1.18388966
1771923000.0,63342.0,63342.0,63332.0,63338.0,0.26104534
1771923060.0,63338.0,63360.0,63329.0,63329.0,1.57157272
1771923120.0,63329.0,63357.0,63329.0,63348.0,2.22367814
1771923180.0,63346.0,63376.0,63345.0,63368.0,0.37251753
1771923240.0,63368.0,63369.0,63362.0,63369.0,0.37645818
1771923300.0,63374.0,63404.0,63345.0,63358.0,1.3407007
1771923360.0,63362.0,63382.0,63362.0,63381.0,1.30156522
1771923420.0,63382.0,63409.0,63382.0,63400.0,5.04381877
1771923480.0,63375.0,63394.0,63375.0,63394.0,0.1325145
1771923540.0,63393.0,63393.0,63380.0,63380.0,1.44900452
1771923600.0,63375.0,63391.0,63372.0,63391.0,0.27474364
1771923660.0,63391.0,63391.0,63348.0,63350.0,1.8974506
1771923720.0,63329.0,63361.0,63329.0,63358.0,0.69234973
1771923780.0,63361.0,63389.0,63349.0,63350.0,0.79429122
1771923840.0,63350.0,63350.0,63282.0,63305.0,1.51071471
1771923900.0,63305.0,63352.0,63305.0,63312.0,1.02296159
1771923960.0,63305.0,63316.0,63280.0,63280.0,1.74687424
1771924020.0,63269.0,63295.0,63254.0,63272.0,1.60134928
1771924080.0,63276.0,63278.0,63228.0,63236.0,0.78165121
1771924140.0,63235.0,63247.0,63228.0,63239.0,0.33226649
1771924200.0,63233.0,63243.0,63231.0,63231.0,1.25219999
1771924260.0,63231.0,63241.0,63193.0,63241.0,0.39744186
1771924320.0,63243.0,63243.0,63229.0,63243.0,0.77240406
1771924380.0,63244.0,63244.0,63223.0,63227.0,0.85189363
1771924440.0,63232.0,63258.0,63228.0,63258.0,0.61388724
1771924500.0,63258.0,63275.0,63233.0,63237.0,1.32756685
1771924560.0,63236.0,63236.0,63195.0,63218.0,2.00333032
1771924620.0,63211.0,63211.0,63198.0,63206.0,1.11532001
1771924680.0,63206.0,63221.0,63201.0,63207.0,2.16107683
1771924740.0,63204.0,63207.0,63153.0,63154.0,2.14099309
1771924800.0,63154.0,63162.0,63134.0,63162.0,4.91158327
1771924860.0,63161.0,63179.0,63154.0,63158.0,1.96571129
1771924920.0,63153.0,63153.0,63147.0,63152.0,0.81708377
1771924980.0,63139.0,63147.0,63101.0,63124.0,2.57866138
1771925040.0,63116.0,63143.0,63116.0,63131.0,0.80158529
1771925100.0,63113.0,63118.0,63099.0,63099.0,1.397602
1771925160.0,63098.0,63119.0,63084.0,63084.0,22.21063026
1771925220.0,63082.0,63112.0,63076.0,63110.0,14.98021702
1771925280.0,63111.0,63139.0,63100.0,63116.0,3.38544774
1771925340.0,63096.0,63125.0,63090.0,63118.0,3.72230194
1771925400.0,63117.0,63139.0,63109.0,63139.0,1.94712888
1771925460.0,63139.0,63156.0,63137.0,63137.0,1.10302624
1771925520.0,63135.0,63135.0,63077.0,63077.0,0.58058802
1771925580.0,63082.0,63108.0,63078.0,63098.0,5.86194082
1771925640.0,63099.0,63109.0,63065.0,63065.0,0.75905781
1771925700.0,63065.0,63071.0,62931.0,62931.0,4.94806559
1771925760.0,62930.0,62981.0,62925.0,62975.0,1.74026522
1771925820.0,62971.0,62979.0,62947.0,62976.0,0.51154937
1771925880.0,62979.0,63078.0,62979.0,63077.0,1.9080739
1771925940.0,63076.0,63076.0,63033.0,63047.0,3.15262818
1771926000.0,63041.0,63177.0,63041.0,63177.0,1.02630209
1771926060.0,63171.0,63173.0,63135.0,63136.0,2.10754644
1771926120.0,63124.0,63136.0,63124.0,63131.0,1.25977294
1771926180.0,63136.0,63137.0,63124.0,63136.0,0.28151578
1771926240.0,63136.0,63142.0,63135.0,63137.0,0.81742249
1771926300.0,63130.0,63130.0,63103.0,63103.0,1.30081207
1771926360.0,63089.0,63093.0,63034.0,63034.0,3.21815491
1771926420.0,63034.0,63042.0,63029.0,63042.0,0.74912068
1771926480.0,63042.0,63103.0,63042.0,63103.0,1.47822497
1771926540.0,63102.0,63131.0,63102.0,63118.0,0.94235354
1771926600.0,63124.0,63226.0,63121.0,63226.0,2.02656266
1771926660.0,63223.0,63234.0,63178.0,63229.0,2.39827287
1771926720.0,63229.0,63229.0,63213.0,63216.0,2.03802604
1771926780.0,63216.0,63226.0,63216.0,63219.0,0.25890328
1771926840.0,63205.0,63211.0,63190.0,63209.0,0.94631219
1771926900.0,63208.0,63208.0,63162.0,63167.0,0.47436748
1771926960.0,63171.0,63194.0,63171.0,63192.0,0.26651126
1771927020.0,63210.0,63228.0,63210.0,63227.0,0.52588588
1771927080.0,63228.0,63228.0,63225.0,63225.0,0.46700575
1771927140.0,63222.0,63231.0,63222.0,63229.0,0.71377559
1771927200.0,63231.0,63231.0,63164.0,63173.0,3.70355921
1771927260.0,63175.0,63175.0,63142.0,63147.0,1.30207259
1771927320.0,63147.0,63180.0,63147.0,63176.0,1.12001304
1771927380.0,63175.0,63180.0,63171.0,63180.0,0.71532942
1771927440.0,63180.0,63186.0,63172.0,63172.0,0.17063749
1771927500.0,63173.0,63195.0,63172.0,63195.0,0.34013337
1771927560.0,63195.0,63195.0,63161.0,63181.0,1.00466457
1771927620.0,63196.0,63196.0,63150.0,63150.0,0.74057325
1771927680.0,63110.0,63159.0,63101.0,63159.0,1.36087024
1771927740.0,63162.0,63176.0,63162.0,63176.0,0.32149442
1771927800.0,63175.0,63175.0,63146.0,63146.0,0.53228021
1771927860.0,63144.0,63201.0,63144.0,63201.0,0.06024589
1771927920.0,63188.0,63218.0,63188.0,63217.0,0.86407406
1771927980.0,63218.0,63267.0,63218.0,63244.0,0.69947004
1771928040.0,63246.0,63246.0,63207.0,63207.0,0.40739256
1771928100.0,63207.0,63207.0,63144.0,63152.0,0.20110855
1771928160.0,63152.0,63217.0,63152.0,63217.0,0.55277257
1771928220.0,63247.0,63257.0,63238.0,63257.0,0.34454655
1771928280.0,63252.0,63252.0,63233.0,63233.0,0.65819002
1771928340.0,63229.0,63243.0,63216.0,63242.0,0.28971543
1771928400.0,63243.0,63278.0,63243.0,63264.0,1.22133363
1771928460.0,63272.0,63285.0,63271.0,63280.0,0.04430899
1771928520.0,63279.0,63279.0,63244.0,63253.0,0.38373118
1771928580.0,63275.0,63277.0,63263.0,63263.0,0.12755055
1771928640.0,63255.0,63261.0,63241.0,63245.0,0.66882129
1771928700.0,63247.0,63251.0,63247.0,63251.0,1.17154678
1771928760.0,63251.0,63292.0,63251.0,63290.0,0.20323354
1771928820.0,63291.0,63293.0,63288.0,63293.0,0.24852632
1771928880.0,63293.0,63297.0,63263.0,63264.0,2.22114744
1771928940.0,63263.0,63263.0,63252.0,63254.0,0.16917232
1771929000.0,63254.0,63271.0,63254.0,63267.0,0.45272128
1771929060.0,63269.0,63289.0,63269.0,63280.0,0.10399593
1771929120.0,63285.0,63291.0,63284.0,63284.0,0.31548149
1771929180.0,63280.0,63280.0,63195.0,63195.0,0.59248867
1771929240.0,63205.0,63235.0,63205.0,63233.0,0.96510315
1771929300.0,63233.0,63268.0,63229.0,63261.0,0.56220172
1771929360.0,63261.0,63267.0,63234.0,63243.0,0.4004346
1771929420.0,63240.0,63240.0,63223.0,63223.0,0.48909421
1771929480.0,63217.0,63220.0,63203.0,63203.0,1.06771229
1771929540.0,63213.0,63218.0,63164.0,63164.0,4.9685454
1771929600.0,63163.0,63165.0,63134.0,63153.0,1.59788427
1771929660.0,63140.0,63154.0,63140.0,63154.0,0.06279251
1771929720.0,63154.0,63179.0,63154.0,63179.0,0.58432755
1771929780.0,63184.0,63184.0,63142.0,63160.0,0.1316752
1771929840.0,63163.0,63193.0,63163.0,63193.0,0.48161551
1771929900.0,63191.0,63199.0,63187.0,63190.0,0.02568552
1771929960.0,63190.0,63207.0,63172.0,63172.0,0.44340953
1771930020.0,63180.0,63198.0,63179.0,63192.0,0.11612894
1771930080.0,63190.0,63190.0,63157.0,63168.0,0.1999586
1771930140.0,63165.0,63179.0,63165.0,63178.0,0.25658603
1771930200.0,63179.0,63353.0,63179.0,63353.0,4.89856715
1771930260.0,63320.0,63320.0,63299.0,63301.0,0.27643037
1771930320.0,63310.0,63341.0,63310.0,63315.0,0.20124592
1771930380.0,63315.0,63315.0,63307.0,63309.0,0.42845223
1771930440.0,63308.0,63313.0,63306.0,63306.0,0.48833248
1771930500.0,63306.0,63306.0,63286.0,63287.0,0.40662997
1771930560.0,63284.0,63284.0,63270.0,63274.0,0.05676412
1771930620.0,63277.0,63295.0,63276.0,63295.0,0.10524581
1771930680.0,63294.0,63294.0,63286.0,63286.0,0.14924515
1771930740.0,63286.0,63291.0,63278.0,63278.0,0.06856164
1771930800.0,63278.0,63293.0,63273.0,63293.0,0.38833789
1771930860.0,63309.0,63309.0,63296.0,63296.0,0.54370115
1771930920.0,63295.0,63300.0,63293.0,63296.0,0.5667314
1771930980.0,63275.0,63300.0,63275.0,63300.0,0.16908775
1771931040.0,63301.0,63301.0,63290.0,63290.0,1.26506544
1771931100.0,63289.0,63289.0,63234.0,63234.0,0.64560579
1771931160.0,63231.0,63231.0,63219.0,63219.0,0.41354436
1771931220.0,63219.0,63219.0,63201.0,63201.0,0.21556537
1771931280.0,63202.0,63218.0,63202.0,63210.0,0.60795587
1771931340.0,63213.0,63213.0,63178.0,63178.0,0.19788532
1771931400.0,63188.0,63198.0,63182.0,63189.0,0.17215659
1771931460.0,63189.0,63204.0,63189.0,63198.0,0.41924246
1771931520.0,63197.0,63197.0,63186.0,63186.0,0.04238883
1771931580.0,63186.0,63217.0,63186.0,63217.0,0.07521537
1771931640.0,63217.0,63226.0,63203.0,63203.0,0.50933696
1771931700.0,63188.0,63203.0,63179.0,63203.0,0.31770649
1771931760.0,63207.0,63207.0,63181.0,63184.0,0.21752982
1771931820.0,63189.0,63189.0,63172.0,63177.0,0.3210446
1771931880.0,63181.0,63207.0,63181.0,63198.0,0.54673717
1771931940.0,63197.0,63203.0,63179.0,63201.0,0.46960315
1771932000.0,63199.0,63209.0,63199.0,63205.0,0.02672821
1771932060.0,63205.0,63205.0,63167.0,63167.0,0.63823379
1771932120.0,63165.0,63180.0,63165.0,63177.0,0.1774485
1771932180.0,63188.0,63195.0,63143.0,63143.0,0.44575191
1771932240.0,63156.0,63166.0,63156.0,63160.0,0.13703474
1771932300.0,63159.0,63189.0,63158.0,63164.0,2.49178699
1771932360.0,63159.0,63201.0,63148.0,63193.0,1.391147
1771932420.0,63193.0,63222.0,63168.0,63196.0,6.09891757
1771932480.0,63181.0,63183.0,63167.0,63183.0,0.52583782
1771932540.0,63195.0,63195.0,63165.0,63165.0,2.3767164
1771932600.0,63164.0,63164.0,63135.0,63157.0,1.22377603
1771932660.0,63158.0,63163.0,63141.0,63143.0,0.84495071
1771932720.0,63141.0,63153.0,63072.0,63108.0,2.036915
1771932780.0,63108.0,63108.0,63047.0,63082.0,1.3859259
1771932840.0,63084.0,63126.0,63084.0,63125.0,0.0814837
1771932900.0,63122.0,63122.0,63086.0,63089.0,0.50772199
1771932960.0,63102.0,63109.0,63101.0,63109.0,1.61908815
1771933020.0,63109.0,63109.0,63059.0,63059.0,0.68188742
1771933080.0,63064.0,63134.0,63064.0,63133.0,1.37155724
1771933140.0,63133.0,63255.0,63133.0,63239.0,3.94375351
1771933200.0,63238.0,63238.0,63202.0,63207.0,0.57052727
1771933260.0,63207.0,63220.0,63184.0,63212.0,3.17069182
1771933320.0,63212.0,63236.0,63197.0,63198.0,2.42865652
1771933380.0,63197.0,63205.0,63188.0,63205.0,0.07570684
1771933440.0,63205.0,63218.0,63199.0,63199.0,0.75485898
1771933500.0,63185.0,63203.0,63181.0,63198.0,0.97866796
1771933560.0,63184.0,63201.0,63157.0,63157.0,2.36795841
1771933620.0,63157.0,63165.0,63156.0,63165.0,0.04211204
1771933680.0,63168.0,63183.0,63168.0,63177.0,0.03948798
1771933740.0,63177.0,63217.0,63177.0,63213.0,2.51201015
1771933800.0,63213.0,63224.0,63211.0,63211.0,0.64721586
1771933860.0,63209.0,63209.0,63177.0,63177.0,0.43404105
1771933920.0,63194.0,63201.0,63194.0,63198.0,0.13539023
1771933980.0,63202.0,63202.0,63196.0,63196.0,0.03258505
1771934040.0,63193.0,63196.0,63190.0,63195.0,0.27380854
1771934100.0,63195.0,63195.0,63193.0,63194.0,0.74450654
1771934160.0,63197.0,63199.0,63191.0,63191.0,0.65121441
1771934220.0,63189.0,63189.0,63182.0,63188.0,0.33628797
1771934280.0,63187.0,63191.0,63187.0,63191.0,0.31672438
1771934340.0,63191.0,63229.0,63191.0,63220.0,0.07247864
1771934400.0,63218.0,63226.0,63184.0,63185.0,0.36030692
1771934460.0,63177.0,63191.0,63150.0,63150.0,0.71763641
1771934520.0,63149.0,63153.0,63121.0,63131.0,1.56520218
1771934580.0,63144.0,63162.0,63132.0,63149.0,0.23494522
1771934640.0,63147.0,63147.0,63107.0,63134.0,0.16928188
1771934700.0,63143.0,63193.0,63136.0,63184.0,0.20783971
1771934760.0,63184.0,63192.0,63165.0,63184.0,0.52620313
1771934820.0,63173.0,63196.0,63173.0,63196.0,2.79447565
1771934880.0,63191.0,63195.0,63186.0,63186.0,0.60853388
1771934940.0,63190.0,63220.0,63190.0,63200.0,3.06246099
1771935000.0,63204.0,63215.0,63204.0,63215.0,0.30232572
1771935060.0,63212.0,63212.0,63205.0,63205.0,0.14476136
1771935120.0,63205.0,63275.0,63204.0,63275.0,0.66334126
1771935180.0,63275.0,63287.0,63251.0,63287.0,0.67428004
1771935240.0,63288.0,63288.0,63258.0,63258.0,0.77037328
1771935300.0,63253.0,63267.0,63241.0,63267.0,0.53214521
1771935360.0,63267.0,63299.0,63267.0,63288.0,0.97862959
1771935420.0,63280.0,63280.0,63248.0,63269.0,0.71173762
1771935480.0,63262.0,63262.0,63228.0,63228.0,1.27028017
1771935540.0,63228.0,63228.0,63217.0,63227.0,1.15472864
1771935600.0,63233.0,63233.0,63222.0,63224.0,0.69469561
1771935660.0,63220.0,63229.0,63220.0,63228.0,0.39867723
1771935720.0,63239.0,63264.0,63239.0,63256.0,0.59434042
1771935780.0,63243.0,63243.0,63229.0,63234.0,4.46503285
1771935840.0,63233.0,63275.0,63229.0,63270.0,0.8341673
1771935900.0,63266.0,63266.0,63262.0,63264.0,0.0283297
1771935960.0,63264.0,63306.0,63264.0,63291.0,1.10209086
1771936020.0,63291.0,63299.0,63285.0,63298.0,0.36217738
1771936080.0,63297.0,63304.0,63280.0,63304.0,0.63302382
1771936140.0,63307.0,63328.0,63307.0,63313.0,1.2057879
1771936200.0,63302.0,63324.0,63293.0,63304.0,0.64312683
1771936260.0,63303.0,63319.0,63297.0,63319.0,0.25835739
1771936320.0,63319.0,63319.0,63295.0,63304.0,0.29393689
1771936380.0,63308.0,63308.0,63248.0,63270.0,0.52183721
1771936440.0,63288.0,63288.0,63255.0,63255.0,0.02407091
1771936500.0,63258.0,63258.0,63250.0,63250.0,0.18995412
1771936560.0,63250.0,63250.0,63221.0,63221.0,0.0428064
1771936620.0,63227.0,63227.0,63212.0,63216.0,0.15191267
1771936680.0,63215.0,63215.0,63185.0,63192.0,1.95390725
1771936740.0,63171.0,63185.0,63093.0,63093.0,2.88425563
1771936800.0,63098.0,63107.0,63086.0,63095.0,1.65698912
1771936860.0,63091.0,63093.0,63082.0,63093.0,2.80114631
1771936920.0,63093.0,63095.0,63089.0,63091.0,0.43379193
1771936980.0,63102.0,63102.0,63081.0,63082.0,0.19027303
1771937040.0,63097.0,63112.0,63097.0,63110.0,0.88022773
1771937100.0,63106.0,63106.0,63090.0,63101.0,0.01269791
1771937160.0,63098.0,63107.0,63071.0,63075.0,0.49074296
1771937220.0,63059.0,63083.0,63058.0,63070.0,1.22794361
1771937280.0,63070.0,63080.0,62999.0,63024.0,5.20673588
1771937340.0,63015.0,63041.0,62997.0,63005.0,0.71947105
1771937400.0,63005.0,63018.0,63003.0,63013.0,1.16548973
1771937460.0,63015.0,63015.0,62958.0,62994.0,6.16453789
1771937520.0,62994.0,63093.0,62994.0,63093.0,2.26549888
1771937580.0,63100.0,63122.0,63050.0,63050.0,5.71589618
1771937640.0,63048.0,63067.0,63046.0,63052.0,0.24834225
1771937700.0,63052.0,63057.0,63030.0,63030.0,0.6014647
1771937760.0,63026.0,63028.0,63026.0,63028.0,0.53266058
1771937820.0,63028.0,63034.0,62976.0,62992.0,3.12774593
1771937880.0,62991.0,62991.0,62961.0,62961.0,0.66198033
1771937940.0,62961.0,62983.0,62961.0,62971.0,3.15841371
1771938000.0,62963.0,63002.0,62963.0,62991.0,1.52458402
1771938060.0,62997.0,63048.0,62991.0,63037.0,2.45632082
1771938120.0,63039.0,63039.0,62913.0,62959.0,4.52620165
1771938180.0,62952.0,62994.0,62920.0,62933.0,0.48410304
1771938240.0,62933.0,62969.0,62923.0,62969.0,0.16515966
1771938300.0,62963.0,62965.0,62913.0,62913.0,0.18832229
1771938360.0,62918.0,62949.0,62918.0,62946.0,0.03410373
1771938420.0,62945.0,63005.0,62936.0,62994.0,0.63369854
1771938480.0,62993.0,63025.0,62993.0,63007.0,0.63773549
1771938540.0,63007.0,63014.0,62980.0,63014.0,1.79039053
1771938600.0,63013.0,63069.0,63013.0,63069.0,0.82978147
1771938660.0,63072.0,63081.0,63057.0,63080.0,0.64800844
1771938720.0,63079.0,63084.0,63060.0,63061.0,0.60102793
1771938780.0,63079.0,63082.0,63053.0,63064.0,0.17520714
1771938840.0,63069.0,63083.0,63068.0,63068.0,0.58102494
1771938900.0,63081.0,63089.0,63081.0,63083.0,0.35797784
1771938960.0,63083.0,63090.0,63036.0,63057.0,0.51322721
1771939020.0,63051.0,63062.0,63047.0,63048.0,1.06843201
1771939080.0,63034.0,63034.0,62986.0,62990.0,2.66536758
1771939140.0,62990.0,63038.0,62984.0,63028.0,7.31092167
1771939200.0,63027.0,63027.0,62926.0,62931.0,2.84646091
1771939260.0,62931.0,62963.0,62929.0,62935.0,3.06370612
1771939320.0,62935.0,62953.0,62871.0,62916.0,11.16521664
1771939380.0,62917.0,62928.0,62871.0,62871.0,1.37434837
1771939440.0,62872.0,62928.0,62872.0,62923.0,1.41587015
1771939500.0,62922.0,62956.0,62919.0,62955.0,0.55612065
1771939560.0,62956.0,62963.0,62897.0,62918.0,1.19933073
1771939620.0,62919.0,62919.0,62886.0,62894.0,0.922149
1771939680.0,62896.0,62899.0,62876.0,62884.0,1.21059355
1771939740.0,62890.0,62902.0,62887.0,62902.0,3.17375799
1771939800.0,62902.0,62936.0,62891.0,62895.0,1.17880175
1771939860.0,62903.0,62909.0,62892.0,62905.0,0.52810712
1771939920.0,62900.0,62900.0,62525.0,62525.0,35.79526488
1771939980.0,62525.0,62871.0,62525.0,62836.0,15.46086806
1771940040.0,62846.0,62871.0,62677.0,62687.0,8.57561782
1771940100.0,62685.0,62685.0,62630.0,62654.0,7.10159746
1771940160.0,62661.0,62772.0,62616.0,62736.0,9.0297735
1771940220.0,62740.0,62837.0,62738.0,62777.0,9.45111216
1771940280.0,62792.0,62905.0,62780.0,62884.0,8.66369428
1771940340.0,62886.0,62962.0,62877.0,62941.0,20.60653178
1771940400.0,62936.0,63014.0,62919.0,63008.0,19.5740968
1771940460.0,63003.0,63033.0,62964.0,63023.0,6.96170696
1771940520.0,63023.0,63061.0,62992.0,63019.0,7.23750995
1771940580.0,63026.0,63026.0,62949.0,62969.0,2.61905118
1771940640.0,62955.0,62971.0,62912.0,62919.0,6.87325859
1771940700.0,62919.0,62931.0,62883.0,62897.0,2.90212991
1771940760.0,62884.0,62929.0,62883.0,62929.0,0.88644266
1771940820.0,62928.0,63016.0,62928.0,63016.0,4.39781412
1771940880.0,63017.0,63017.0,62959.0,62987.0,1.61122832
1771940940.0,62995.0,63000.0,62934.0,62934.0,0.8670552
1771941000.0,62928.0,62928.0,62896.0,62908.0,3.23222955
1771941060.0,62911.0,62950.0,62911.0,62950.0,3.70259169
1771941120.0,62953.0,62968.0,62946.0,62961.0,1.20167195
1771941180.0,62949.0,62978.0,62921.0,62975.0,0.38294929
1771941240.0,62964.0,62975.0,62950.0,62969.0,0.79791748
1771941300.0,62960.0,62978.0,62952.0,62952.0,0.85795111
1771941360.0,62957.0,62982.0,62957.0,62975.0,0.54699077
1771941420.0,62975.0,62987.0,62965.0,62977.0,1.18656427
1771941480.0,62973.0,63002.0,62942.0,62942.0,1.45324032
1771941540.0,62934.0,62936.0,62892.0,62892.0,1.35013964
1771941600.0,62892.0,62892.0,62820.0,62840.0,8.07238898
1771941660.0,62839.0,62859.0,62795.0,62840.0,7.19887308
1771941720.0,62841.0,62910.0,62832.0,62850.0,6.41418508
1771941780.0,62850.0,62859.0,62833.0,62846.0,0.45280812
1771941840.0,62834.0,62834.0,62788.0,62788.0,1.56508764
1771941900.0,62783.0,62856.0,62753.0,62852.0,2.65464739
1771941960.0,62852.0,62938.0,62851.0,62931.0,0.9509939
1771942020.0,62928.0,63000.0,62928.0,62977.0,2.64653611
1771942080.0,62977.0,62977.0,62933.0,62943.0,0.91551523
1771942140.0,62943.0,62957.0,62902.0,62902.0,0.10213724
1771942200.0,62903.0,62938.0,62899.0,62919.0,6.12591205
1771942260.0,62932.0,62953.0,62931.0,62953.0,2.42732119
1771942320.0,62952.0,62952.0,62889.0,62889.0,2.18176385
1771942380.0,62888.0,62911.0,62874.0,62874.0,0.6806064
1771942440.0,62872.0,62930.0,62864.0,62930.0,2.16814359
1771942500.0,62935.0,62972.0,62919.0,62924.0,1.7422741
1771942560.0,62919.0,62919.0,62787.0,62828.0,2.70992051
1771942620.0,62822.0,62933.0,62822.0,62933.0,0.64257184
1771942680.0,62942.0,62942.0,62856.0,62856.0,0.32870287
1771942740.0,62857.0,62866.0,62846.0,62852.0,1.46716556
1771942800.0,62834.0,62941.0,62834.0,62930.0,0.20331816
1771942860.0,62928.0,62937.0,62915.0,62933.0,0.16694899
1771942920.0,62933.0,62938.0,62919.0,62926.0,0.44056483
1771942980.0,62927.0,62938.0,62927.0,62937.0,0.32065343
1771943040.0,62938.0,62957.0,62921.0,62936.0,8.7496734
1771943100.0,62936.0,62953.0,62916.0,62953.0,0.89357059
1771943160.0,62952.0,62969.0,62950.0,62968.0,41.64886596
1771943220.0,62966.0,62997.0,62960.0,62989.0,34.89428724
1771943280.0,62989.0,63020.0,62989.0,63000.0,7.36625401
1771943340.0,63000.0,63000.0,62957.0,62973.0,6.23368862
1771943400.0,62992.0,63032.0,62974.0,63031.0,2.45469827
1771943460.0,63031.0,63046.0,62854.0,62854.0,3.30644145
1771943520.0,62849.0,62962.0,62779.0,62910.0,6.17912949
1771943580.0,62902.0,62902.0,62806.0,62808.0,2.51171438
1771943640.0,62803.0,62876.0,62788.0,62813.0,6.5813987
1771943700.0,62814.0,63008.0,62785.0,62971.0,2.04592323
1771943760.0,62953.0,63075.0,62903.0,62998.0,6.4810448
1771943820.0,62998.0,62998.0,62862.0,62980.0,7.31938518
1771943880.0,63047.0,63260.0,63016.0,63217.0,11.82949078
1771943940.0,63213.0,63229.0,63138.0,63158.0,2.86183817
1771944000.0,63170.0,63274.0,63127.0,63256.0,5.53045345
1771944060.0,63252.0,63417.0,63247.0,63415.0,29.14386266
1771944120.0,63417.0,63451.0,63292.0,63303.0,11.42307203
1771944180.0,63298.0,63314.0,63223.0,63279.0,8.03957198
1771944240.0,63279.0,63372.0,63259.0,63335.0,5.86683791
1771944300.0,63334.0,63424.0,63272.0,63338.0,2.28809201
1771944360.0,63324.0,63435.0,63322.0,63404.0,3.16989795
1771944420.0,63404.0,63432.0,63330.0,63432.0,2.22486509
1771944480.0,63438.0,63669.0,63437.0,63457.0,18.22900266
1771944540.0,63479.0,63594.0,63476.0,63558.0,4.63721985
1771944600.0,63581.0,63586.0,63455.0,63468.0,3.57657067
1771944660.0,63470.0,63607.0,63470.0,63607.0,1.65234702
1771944720.0,63614.0,63789.0,63586.0,63785.0,22.32258869
1771944780.0,63765.0,63823.0,63654.0,63676.0,4.54664875
1771944840.0,63694.0,63694.0,63639.0,63650.0,9.21133357
1771944900.0,63650.0,63682.0,63526.0,63541.0,1.75498278
1771944960.0,63552.0,63570.0,63539.0,63561.0,2.2173815
1771945020.0,63557.0,63599.0,63486.0,63486.0,2.78995295
1771945080.0,63490.0,63498.0,63447.0,63454.0,1.69914827
1771945140.0,63468.0,63474.0,63416.0,63452.0,2.47201924
1771945200.0,63456.0,63466.0,63379.0,63406.0,34.28285251
1771945260.0,63398.0,63450.0,63374.0,63444.0,5.56721978
1771945320.0,63452.0,63481.0,63318.0,63382.0,13.21391183
1771945380.0,63411.0,63475.0,63409.0,63462.0,11.88884082
1771945440.0,63459.0,63469.0,63403.0,63403.0,5.95187865
1771945500.0,63406.0,63486.0,63406.0,63461.0,4.29405908
1771945560.0,63461.0,63580.0,63438.0,63494.0,5.30897294
1771945620.0,63477.0,63516.0,63415.0,63422.0,2.26014309
1771945680.0,63450.0,63450.0,63394.0,63414.0,2.13078058
1771945740.0,63419.0,63540.0,63418.0,63539.0,1.7917953
1771945800.0,63522.0,63579.0,63498.0,63527.0,2.2916599
1771945860.0,63534.0,63668.0,63508.0,63641.0,21.26592525
1771945920.0,63633.0,63653.0,63523.0,63527.0,3.16379007
1771945980.0,63505.0,63543.0,63497.0,63503.0,2.08452287
1771946040.0,63520.0,63597.0,63518.0,63553.0,1.37829451
1771946100.0,63571.0,63634.0,63551.0,63609.0,6.51031634
1771946160.0,63605.0,63759.0,63605.0,63746.0,24.96407153
1771946220.0,63740.0,63761.0,63672.0,63716.0,4.35214864
1771946280.0,63719.0,63719.0,63611.0,63676.0,5.36354674
1771946340.0,63683.0,63806.0,63678.0,63799.0,5.6543798
1771946400.0,63774.0,63809.0,63751.0,63772.0,1.98699941
1771946460.0,63779.0,63814.0,63652.0,63660.0,2.17148178
1771946520.0,63672.0,63800.0,63663.0,63755.0,2.43889964
1771946580.0,63755.0,63875.0,63696.0,63867.0,9.8083587
1771946640.0,63868.0,63947.0,63858.0,63898.0,9.58325733
1771946700.0,63884.0,63888.0,63813.0,63847.0,2.29133477
1771946760.0,63858.0,63873.0,63839.0,63856.0,3.49957453
1771946820.0,63847.0,63864.0,63733.0,63774.0,2.94217965
1771946880.0,63779.0,63795.0,63755.0,63777.0,2.87172537
1771946940.0,63795.0,63950.0,63794.0,63942.0,3.35437355
1771947000.0,63932.0,63952.0,63909.0,63913.0,3.27007119
1771947060.0,63907.0,63920.0,63850.0,63896.0,2.6218469
1771947120.0,63897.0,63975.0,63897.0,63965.0,3.88385513
1771947180.0,63951.0,63951.0,63891.0,63907.0,4.23975686
1771947240.0,63895.0,63933.0,63891.0,63909.0,3.4526171
1771947300.0,63909.0,63922.0,63796.0,63798.0,4.48924354
1771947360.0,63802.0,63877.0,63790.0,63843.0,2.68155414
1771947420.0,63856.0,63856.0,63804.0,63810.0,2.27457372
1771947480.0,63811.0,63818.0,63768.0,63769.0,0.80089374
1771947540.0,63769.0,63784.0,63743.0,63770.0,4.95773735
1771947600.0,63771.0,63815.0,63753.0,63815.0,3.51862512
1771947660.0,63815.0,63815.0,63667.0,63667.0,21.72094702
1771947720.0,63662.0,63714.0,63657.0,63714.0,15.6837547
1771947780.0,63724.0,63753.0,63692.0,63753.0,4.56680341
1771947840.0,63773.0,63791.0,63741.0,63741.0,1.03678991
1771947900.0,63741.0,63762.0,63718.0,63762.0,1.50279412
1771947960.0,63757.0,63807.0,63757.0,63781.0,1.45315696
1771948020.0,63789.0,63859.0,63732.0,63785.0,0.80667601
1771948080.0,63788.0,63850.0,63779.0,63827.0,1.07389905
1771948140.0,63827.0,63874.0,63827.0,63874.0,0.6705807
1771948200.0,63845.0,63847.0,63763.0,63765.0,4.00759843
1771948260.0,63777.0,63839.0,63772.0,63827.0,3.99476237
1771948320.0,63809.0,63820.0,63759.0,63810.0,0.82007722
1771948380.0,63798.0,63859.0,63796.0,63859.0,0.50331508
1771948440.0,63873.0,63874.0,63839.0,63839.0,0.61382255
1771948500.0,63848.0,63973.0,63848.0,63951.0,1.42146273
1771948560.0,63959.0,63974.0,63937.0,63943.0,2.5997376
1771948620.0,63942.0,64021.0,63940.0,63995.0,6.78361749
1771948680.0,63979.0,64002.0,63939.0,63956.0,4.31888192
1771948740.0,63952.0,63979.0,63945.0,63976.0,1.35202007
1771948800.0,63975.0,64012.0,63956.0,63994.0,5.64568087
1771948860.0,63993.0,64082.0,63973.0,64082.0,7.62117639
1771948920.0,64081.0,64349.0,64081.0,64349.0,17.30292712
1771948980.0,64359.0,64360.0,64269.0,64281.0,4.18334867
1771949040.0,64293.0,64414.0,64292.0,64309.0,12.46346664
1771949100.0,64309.0,64329.0,64251.0,64251.0,11.99198759
1771949160.0,64252.0,64305.0,64231.0,64232.0,16.65005643
1771949220.0,64235.0,64248.0,64163.0,64208.0,3.02794905
1771949280.0,64215.0,64221.0,64170.0,64189.0,5.60987283
1771949340.0,64185.0,64269.0,64185.0,64215.0,4.62900001
1771949400.0,64192.0,64192.0,64067.0,64134.0,3.97415497
1771949460.0,64130.0,64130.0,64044.0,64106.0,33.90850231
1771949520.0,64106.0,64186.0,64106.0,64160.0,4.04844018
1771949580.0,64147.0,64254.0,64147.0,64232.0,2.59530402
1771949640.0,64236.0,64245.0,64166.0,64166.0,1.07998289
1771949700.0,64165.0,64215.0,64126.0,64143.0,4.06011558
1771949760.0,64165.0,64180.0,64067.0,64067.0,1.82527206
1771949820.0,64067.0,64067.0,64014.0,64034.0,3.76989412
1771949880.0,64034.0,64085.0,64032.0,64073.0,2.0257893
1771949940.0,64077.0,64133.0,64072.0,64133.0,1.28205488
1771950000.0,64144.0,64145.0,64079.0,64081.0,1.24948541
1771950060.0,64085.0,64133.0,64073.0,64094.0,1.91997796
1771950120.0,64094.0,64094.0,64026.0,64069.0,0.76324284
1771950180.0,64069.0,64087.0,64034.0,64072.0,0.43995305
1771950240.0,64061.0,64061.0,63998.0,64015.0,6.04514517
1771950300.0,64015.0,64062.0,64015.0,64062.0,0.75574792
1771950360.0,64040.0,64055.0,64009.0,64009.0,0.72834882
1771950420.0,64009.0,64011.0,63999.0,63999.0,0.91979535
1771950480.0,63998.0,63998.0,63882.0,63937.0,14.99426529
1771950540.0,63938.0,63985.0,63893.0,63947.0,8.29488265
1771950600.0,63954.0,63963.0,63821.0,63844.0,18.00269756
1771950660.0,63817.0,63821.0,63733.0,63733.0,16.48216942
1771950720.0,63736.0,63756.0,63699.0,63711.0,6.70996739
1771950780.0,63711.0,63771.0,63711.0,63757.0,3.52693305
1771950840.0,63765.0,63783.0,63738.0,63744.0,0.89920785
1771950900.0,63746.0,63866.0,63746.0,63805.0,4.01146532
1771950960.0,63784.0,63798.0,63743.0,63783.0,1.05745886
1771951020.0,63787.0,63907.0,63769.0,63901.0,2.0988652
1771951080.0,63905.0,63947.0,63897.0,63942.0,3.52580567
1771951140.0,63953.0,63969.0,63881.0,63955.0,2.00752242
1771951200.0,63948.0,64114.0,63948.0,64108.0,6.25764604
1771951260.0,64104.0,64104.0,64027.0,64067.0,4.93956592
1771951320.0,64066.0,64081.0,64028.0,64073.0,3.27753872
1771951380.0,64079.0,64087.0,64035.0,64078.0,0.575931
1771951440.0,64073.0,64082.0,64037.0,64040.0,0.4191271
1771951500.0,64049.0,64058.0,63997.0,63997.0,2.51421937
1771951560.0,63991.0,64005.0,63965.0,63994.0,2.11422952
1771951620.0,64012.0,64046.0,64009.0,64032.0,1.25501412
1771951680.0,64031.0,64042.0,64004.0,64012.0,0.68309451
1771951740.0,64011.0,64011.0,63886.0,63886.0,3.12448429
1771951800.0,63888.0,63928.0,63860.0,63912.0,5.65162326
1771951860.0,63920.0,63927.0,63883.0,63888.0,1.68995068
1771951920.0,63886.0,63886.0,63835.0,63849.0,1.95240338
1771951980.0,63850.0,63877.0,63816.0,63875.0,0.67575207
1771952040.0,63870.0,63926.0,63860.0,63910.0,1.28285444
1771952100.0,63911.0,63974.0,63906.0,63959.0,1.93775833
1771952160.0,63959.0,64066.0,63959.0,64066.0,1.80040624
1771952220.0,64075.0,64132.0,64066.0,64126.0,3.03866274
1771952280.0,64126.0,64230.0,64126.0,64226.0,6.04171223
1771952340.0,64227.0,64282.0,64222.0,64273.0,8.1022752
1771952400.0,64268.0,64281.0,64243.0,64243.0,1.71447185
1771952460.0,64247.0,64282.0,64247.0,64269.0,0.76243185
1771952520.0,64282.0,64282.0,64163.0,64195.0,41.89678192
1771952580.0,64196.0,64243.0,64191.0,64207.0,1.80682205
1771952640.0,64213.0,64298.0,64213.0,64252.0,13.57740733
1771952700.0,64264.0,64321.0,64264.0,64321.0,2.5988738
1771952760.0,64321.0,64321.0,64288.0,64305.0,0.78429413
1771952820.0,64321.0,64408.0,64304.0,64403.0,10.85231829
1771952880.0,64401.0,64506.0,64362.0,64433.0,8.10254252
1771952940.0,64422.0,64447.0,64351.0,64415.0,3.71077624
1771953000.0,64422.0,64458.0,64386.0,64453.0,2.74880669
1771953060.0,64452.0,64452.0,64404.0,64413.0,4.00569785
1771953120.0,64408.0,64448.0,64322.0,64420.0,4.65770874
1771953180.0,64415.0,64442.0,64398.0,64428.0,4.09089953
1771953240.0,64425.0,64442.0,64410.0,64418.0,5.8937768
1771953300.0,64408.0,64408.0,64294.0,64364.0,7.45423803
1771953360.0,64376.0,64387.0,64294.0,64313.0,14.07571887
1771953420.0,64309.0,64339.0,64280.0,64283.0,8.12707974
1771953480.0,64280.0,64296.0,64258.0,64261.0,0.30950481
1771953540.0,64250.0,64275.0,64217.0,64253.0,1.2195302
1771953600.0,64250.0,64250.0,64219.0,64242.0,1.61625675
1771953660.0,64249.0,64293.0,64248.0,64293.0,0.57773242
1771953720.0,64294.0,64304.0,64194.0,64275.0,8.50733728
1771953780.0,64274.0,64332.0,64266.0,64311.0,0.76318389
1771953840.0,64314.0,64332.0,64277.0,64278.0,8.17572068
1771953900.0,64278.0,64290.0,64278.0,64287.0,0.70083874
1771953960.0,64286.0,64298.0,64259.0,64288.0,1.44979636
1771954020.0,64287.0,64287.0,64261.0,64266.0,0.60670953
1771954080.0,64264.0,64264.0,64150.0,64168.0,5.31742
1771954140.0,64177.0,64177.0,64128.0,64146.0,3.44565829
1771954200.0,64146.0,64177.0,64146.0,64167.0,1.20562242
1771954260.0,64171.0,64192.0,64171.0,64184.0,0.82700209
1771954320.0,64184.0,64198.0,64158.0,64158.0,2.38928416
1771954380.0,64150.0,64159.0,64133.0,64133.0,1.90081773
1771954440.0,64129.0,64184.0,64129.0,64168.0,0.50085186
1771954500.0,64168.0,64188.0,64139.0,64140.0,2.31853603
1771954560.0,64134.0,64147.0,64106.0,64147.0,1.44441468
1771954620.0,64148.0,64160.0,64125.0,64158.0,0.35373096
1771954680.0,64158.0,64259.0,64158.0,64259.0,1.22578038
1771954740.0,64259.0,64259.0,64228.0,64233.0,1.3787907
1771954800.0,64233.0,64233.0,64174.0,64189.0,1.01938101
1771954860.0,64191.0,64238.0,64191.0,64227.0,2.22398884
1771954920.0,64232.0,64245.0,64212.0,64214.0,7.14148957
1771954980.0,64214.0,64214.0,64143.0,64143.0,1.28567429
1771955040.0,64134.0,64140.0,64099.0,64099.0,1.3504337
1771955100.0,64099.0,64110.0,64077.0,64108.0,2.2196881
1771955160.0,64110.0,64156.0,64097.0,64115.0,1.21206811
1771955220.0,64127.0,64164.0,64127.0,64164.0,0.92395333
1771955280.0,64167.0,64203.0,64165.0,64190.0,0.70901437
1771955340.0,64189.0,64189.0,64145.0,64145.0,1.17090542
1771955400.0,64124.0,64124.0,64100.0,64114.0,0.32509446
1771955460.0,64132.0,64145.0,64100.0,64100.0,0.26273334
1771955520.0,64100.0,64100.0,64052.0,64071.0,2.8961576
1771955580.0,64071.0,64121.0,64071.0,64116.0,6.35042675
1771955640.0,64120.0,64122.0,64105.0,64110.0,0.16497948
1771955700.0,64108.0,64108.0,64082.0,64097.0,0.63560545
1771955760.0,64097.0,64143.0,64097.0,64143.0,0.19099445
1771955820.0,64152.0,64243.0,64151.0,64243.0,5.82289398
1771955880.0,64244.0,64247.0,64222.0,64222.0,0.44524205
1771955940.0,64221.0,64234.0,64217.0,64231.0,2.55875797
1771956000.0,64228.0,64250.0,64200.0,64250.0,0.58156827
1771956060.0,64270.0,64288.0,64270.0,64276.0,1.20851713
1771956120.0,64276.0,64405.0,64276.0,64376.0,3.75568886
1771956180.0,64381.0,64381.0,64326.0,64326.0,1.75610194
1771956240.0,64323.0,64323.0,64241.0,64245.0,1.63446359
1771956300.0,64243.0,64279.0,64214.0,64279.0,1.22131356
1771956360.0,64278.0,64278.0,64170.0,64186.0,2.3085809
1771956420.0,64201.0,64201.0,64173.0,64173.0,0.55919102
1771956480.0,64176.0,64200.0,64176.0,64190.0,0.14466236
1771956540.0,64188.0,64200.0,64170.0,64200.0,0.58912823
1771956600.0,64189.0,64189.0,64123.0,64160.0,3.23555222
1771956660.0,64160.0,64187.0,64157.0,64157.0,0.22986805
1771956720.0,64152.0,64171.0,64147.0,64147.0,0.49831293
1771956780.0,64156.0,64156.0,64051.0,64057.0,2.33725561
1771956840.0,64053.0,64053.0,63941.0,63955.0,5.64705516
1771956900.0,63967.0,63993.0,63935.0,63992.0,1.30263386
1771956960.0,63990.0,64039.0,63939.0,64039.0,1.37064404
1771957020.0,64038.0,64065.0,64028.0,64065.0,1.24662368
1771957080.0,64060.0,64168.0,64060.0,64165.0,3.73344831
1771957140.0,64161.0,64229.0,64161.0,64229.0,0.82417416
1771957200.0,64243.0,64279.0,64234.0,64279.0,0.1589009
1771957260.0,64293.0,64344.0,64293.0,64309.0,3.24862378
1771957320.0,64298.0,64312.0,64271.0,64290.0,0.50818053
1771957380.0,64287.0,64287.0,64272.0,64274.0,0.61027549
1771957440.0,64273.0,64310.0,64265.0,64283.0,0.41833733
1771957500.0,64288.0,64316.0,64279.0,64297.0,0.12612704
1771957560.0,64296.0,64310.0,64263.0,64263.0,0.73765769
1771957620.0,64263.0,64292.0,64263.0,64292.0,0.21707828
1771957680.0,64291.0,64303.0,64272.0,64280.0,0.2079125
1771957740.0,64280.0,64306.0,64280.0,64294.0,0.84605973
1771957800.0,64294.0,64317.0,64290.0,64290.0,0.38388293
1771957860.0,64290.0,64364.0,64290.0,64355.0,2.60284489
1771957920.0,64361.0,64385.0,64361.0,64380.0,0.99531399
1771957980.0,64380.0,64391.0,64380.0,64386.0,1.00970231
1771958040.0,64385.0,64385.0,64360.0,64365.0,0.92819069
1771958100.0,64364.0,64364.0,64313.0,64340.0,1.61201678
1771958160.0,64349.0,64349.0,64315.0,64315.0,0.52557536
1771958220.0,64329.0,64364.0,64329.0,64363.0,1.07264414
1771958280.0,64364.0,64365.0,64339.0,64344.0,0.64743134
1771958340.0,64343.0,64360.0,64311.0,64360.0,0.51542212
1771958400.0,64387.0,64393.0,64343.0,64360.0,0.48307904
1771958460.0,64362.0,64499.0,64362.0,64418.0,12.57451638
1771958520.0,64418.0,64433.0,64418.0,64422.0,0.56698949
1771958580.0,64422.0,64465.0,64422.0,64432.0,0.34407618
1771958640.0,64428.0,64428.0,64358.0,64366.0,0.45748763
1771958700.0,64370.0,64420.0,64370.0,64408.0,0.63908923
1771958760.0,64407.0,64426.0,64390.0,64424.0,0.53739681
1771958820.0,64424.0,64437.0,64411.0,64412.0,0.17544668
1771958880.0,64406.0,64432.0,64406.0,64430.0,0.37074694
1771958940.0,64441.0,64477.0,64441.0,64477.0,0.3478421
1771959000.0,64474.0,64497.0,64473.0,64490.0,1.444962
1771959060.0,64495.0,64495.0,64482.0,64482.0,0.55053794
1771959120.0,64481.0,64481.0,64446.0,64446.0,6.79340651
1771959180.0,64423.0,64466.0,64423.0,64455.0,0.56619802
1771959240.0,64455.0,64477.0,64455.0,64472.0,0.381436
1771959300.0,64471.0,64471.0,64425.0,64425.0,0.37914274
1771959360.0,64411.0,64418.0,64381.0,64381.0,0.42285345
1771959420.0,64383.0,64434.0,64365.0,64426.0,1.54960367
1771959480.0,64427.0,64467.0,64427.0,64467.0,1.19605874
1771959540.0,64467.0,64467.0,64402.0,64425.0,2.05144206
1771959600.0,64434.0,64460.0,64421.0,64460.0,0.90067547
1771959660.0,64460.0,64602.0,64460.0,64584.0,5.30402608
1771959720.0,64572.0,64572.0,64489.0,64489.0,3.2794831
1771959780.0,64497.0,64543.0,64497.0,64521.0,0.83021264
1771959840.0,64523.0,64529.0,64484.0,64516.0,1.83034339
1771959900.0,64515.0,64528.0,64476.0,64517.0,1.822206
1771959960.0,64522.0,64716.0,64522.0,64715.0,19.44145457
1771960020.0,64708.0,64708.0,64650.0,64674.0,3.1192684
1771960080.0,64673.0,64677.0,64585.0,64585.0,0.95677434
1771960140.0,64578.0,64586.0,64562.0,64562.0,0.23842277
1771960200.0,64561.0,64569.0,64480.0,64480.0,2.16844023
1771960260.0,64481.0,64492.0,64457.0,64457.0,0.4213747
1771960320.0,64457.0,64462.0,64423.0,64423.0,1.25522757
1771960380.0,64419.0,64419.0,64357.0,64359.0,1.1038989
1771960440.0,64358.0,64358.0,64263.0,64304.0,1.15684005
1771960500.0,64302.0,64345.0,64285.0,64345.0,2.18660584
1771960560.0,64339.0,64339.0,64270.0,64270.0,0.60694843
1771960620.0,64270.0,64279.0,64252.0,64267.0,0.36236043
1771960680.0,64298.0,64308.0,64248.0,64248.0,1.91904432
1771960740.0,64248.0,64294.0,64248.0,64277.0,6.04170177
1771960800.0,64270.0,64329.0,64265.0,64326.0,0.58241317
1771960860.0,64333.0,64381.0,64333.0,64355.0,2.5818701
1771960920.0,64358.0,64386.0,64358.0,64372.0,0.52227641
1771960980.0,64372.0,64420.0,64351.0,64364.0,3.00590945
1771961040.0,64366.0,64367.0,64354.0,64367.0,0.29504413
1771961100.0,64370.0,64381.0,64354.0,64354.0,0.99558223
1771961160.0,64353.0,64353.0,64311.0,64319.0,0.93253824
1771961220.0,64332.0,64348.0,64314.0,64348.0,1.26667799
1771961280.0,64348.0,64360.0,64313.0,64316.0,0.62353627
1771961340.0,64326.0,64326.0,64292.0,64301.0,0.28115283
1771961400.0,64309.0,64312.0,64301.0,64312.0,0.37892216
1771961460.0,64317.0,64335.0,64302.0,64335.0,0.70098997
1771961520.0,64326.0,64400.0,64309.0,64390.0,0.33410977
1771961580.0,64397.0,64410.0,64353.0,64402.0,1.94030895
1771961640.0,64391.0,64392.0,64363.0,64369.0,0.49770127
1771961700.0,64386.0,64391.0,64364.0,64364.0,1.56032487
1771961760.0,64360.0,64378.0,64340.0,64378.0,0.60293004
1771961820.0,64384.0,64406.0,64384.0,64406.0,1.43202898
1771961880.0,64405.0,64405.0,64373.0,64390.0,0.0848169
1771961940.0,64386.0,64417.0,64382.0,64417.0,0.74021357
1771962000.0,64416.0,64468.0,64416.0,64458.0,0.91889962
1771962060.0,64449.0,64492.0,64448.0,64469.0,3.30850351
1771962120.0,64465.0,64519.0,64465.0,64519.0,2.04671279
1771962180.0,64509.0,64509.0,64465.0,64473.0,0.06128955
1771962240.0,64470.0,64474.0,64470.0,64474.0,0.30731426
1771962300.0,64473.0,64487.0,64454.0,64454.0,0.22867401
1771962360.0,64470.0,64480.0,64460.0,64477.0,0.43178145
1771962420.0,64476.0,64476.0,64448.0,64451.0,0.53393364
1771962480.0,64460.0,64462.0,64455.0,64460.0,0.54508717
1771962540.0,64459.0,64460.0,64452.0,64459.0,0.73824229
1771962600.0,64460.0,64478.0,64445.0,64464.0,0.55633797
1771962660.0,64463.0,64468.0,64441.0,64468.0,0.44783619
1771962720.0,64468.0,64483.0,64460.0,64468.0,7.50452962
1771962780.0,64467.0,64477.0,64429.0,64436.0,1.14094732
1771962840.0,64434.0,64434.0,64391.0,64413.0,1.72126789
1771962900.0,64413.0,64452.0,64413.0,64446.0,0.41199339
1771962960.0,64446.0,64460.0,64432.0,64460.0,0.30006287
1771963020.0,64459.0,64466.0,64439.0,64466.0,0.36774955
1771963080.0,64465.0,64482.0,64454.0,64454.0,0.59049137
1771963140.0,64453.0,64453.0,64440.0,64441.0,0.44371374
1771963200.0,64441.0,64462.0,64438.0,64456.0,1.63339235
1771963260.0,64457.0,64462.0,64447.0,64456.0,0.52637234
1771963320.0,64456.0,64456.0,64388.0,64401.0,0.30231812
1771963380.0,64401.0,64407.0,64397.0,64404.0,0.50388556
1771963440.0,64422.0,64445.0,64419.0,64445.0,0.25117813
1771963500.0,64445.0,64475.0,64431.0,64432.0,0.32612568
1771963560.0,64440.0,64468.0,64440.0,64443.0,0.52914326
1771963620.0,64478.0,64478.0,64448.0,64448.0,0.12563979
1771963680.0,64446.0,64446.0,64361.0,64373.0,2.15169199
1771963740.0,64372.0,64372.0,64319.0,64319.0,5.37078102
1771963800.0,64328.0,64351.0,64326.0,64332.0,1.72483077
1771963860.0,64333.0,64371.0,64333.0,64371.0,3.12199836
1771963920.0,64371.0,64397.0,64361.0,64397.0,0.33971139
1771963980.0,64414.0,64423.0,64400.0,64409.0,0.46663852
1771964040.0,64409.0,64409.0,64389.0,64390.0,2.71836839
1771964100.0,64395.0,64486.0,64395.0,64486.0,0.69042835
1771964160.0,64485.0,64503.0,64469.0,64486.0,0.38043678
1771964220.0,64484.0,64484.0,64451.0,64480.0,1.2875318
1771964280.0,64483.0,64492.0,64465.0,64482.0,0.84837264
1771964340.0,64483.0,64483.0,64428.0,64434.0,0.83294754
1771964400.0,64435.0,64489.0,64435.0,64476.0,1.71502518
1771964460.0,64473.0,64473.0,64458.0,64463.0,0.41420425
1771964520.0,64462.0,64472.0,64436.0,64472.0,0.85154047
1771964580.0,64472.0,64472.0,64464.0,64467.0,0.8272941
1771964640.0,64469.0,64489.0,64469.0,64481.0,0.33137651
1771964700.0,64481.0,64503.0,64481.0,64489.0,1.58567121
1771964760.0,64494.0,64507.0,64494.0,64495.0,0.37576633
1771964820.0,64495.0,64498.0,64478.0,64478.0,0.60103117
1771964880.0,64478.0,64494.0,64465.0,64491.0,1.66469206
1771964940.0,64490.0,64490.0,64466.0,64470.0,0.81701727
1771965000.0,64465.0,64470.0,64392.0,64455.0,4.82464837
1771965060.0,64455.0,64495.0,64441.0,64495.0,0.88025511
1771965120.0,64495.0,64578.0,64495.0,64516.0,5.51922409
1771965180.0,64515.0,64566.0,64514.0,64535.0,0.59190137
1771965240.0,64526.0,64527.0,64510.0,64510.0,0.12746585
1771965300.0,64508.0,64524.0,64508.0,64509.0,0.53719738
1771965360.0,64509.0,64510.0,64481.0,64481.0,0.27439562
1771965420.0,64481.0,64495.0,64477.0,64482.0,0.05909257
1771965480.0,64482.0,64496.0,64482.0,64496.0,0.03365069
1771965540.0,64495.0,64495.0,64480.0,64481.0,0.48639222
1771965600.0,64486.0,64486.0,64469.0,64472.0,0.3254377
1771965660.0,64477.0,64477.0,64458.0,64459.0,0.35614295
1771965720.0,64461.0,64477.0,64461.0,64472.0,0.54482418
1771965780.0,64470.0,64490.0,64470.0,64490.0,0.03177978
1771965840.0,64490.0,64503.0,64484.0,64500.0,0.32395665
1771965900.0,64499.0,64499.0,64449.0,64451.0,2.14111094
1771965960.0,64450.0,64514.0,64450.0,64501.0,0.53168011
1771966020.0,64501.0,64501.0,64457.0,64457.0,0.662228
1771966080.0,64460.0,64465.0,64436.0,64452.0,0.76645487
1771966140.0,64441.0,64455.0,64396.0,64396.0,2.3356744
1771966200.0,64397.0,64513.0,64397.0,64477.0,2.32943359
1771966260.0,64476.0,64476.0,64445.0,64452.0,0.19565411
1771966320.0,64453.0,64453.0,64418.0,64418.0,0.48931902
1771966380.0,64421.0,64421.0,64415.0,64421.0,0.37169459
1771966440.0,64429.0,64442.0,64423.0,64438.0,0.30239567
1771966500.0,64438.0,64438.0,64422.0,64422.0,0.84549522
1771966560.0,64428.0,64451.0,64428.0,64442.0,2.20814795
1771966620.0,64438.0,64455.0,64429.0,64443.0,1.60723003
1771966680.0,64443.0,64453.0,64442.0,64453.0,1.60101746
1771966740.0,64456.0,64485.0,64456.0,64475.0,3.03529978
1771966800.0,64474.0,64474.0,64282.0,64282.0,3.97139808
1771966860.0,64282.0,64302.0,64265.0,64265.0,1.60975987
1771966920.0,64267.0,64267.0,64194.0,64200.0,1.48645445
1771966980.0,64215.0,64255.0,64213.0,64213.0,0.29310437
1771967040.0,64214.0,64214.0,64152.0,64166.0,45.67492278
1771967100.0,64188.0,64223.0,64175.0,64214.0,3.65929791
1771967160.0,64214.0,64214.0,64194.0,64194.0,1.23989078
1771967220.0,64191.0,64207.0,64190.0,64207.0,2.06237926
1771967280.0,64219.0,64252.0,64219.0,64234.0,1.51697705
1771967340.0,64225.0,64236.0,64221.0,64236.0,0.68879139
1771967400.0,64235.0,64235.0,64191.0,64196.0,0.98427207
1771967460.0,64202.0,64229.0,64202.0,64229.0,0.26713129
1771967520.0,64228.0,64258.0,64228.0,64257.0,1.96982388
1771967580.0,64257.0,64257.0,64246.0,64246.0,0.70864642
1771967640.0,64246.0,64246.0,64245.0,64246.0,0.02818966
1771967700.0,64246.0,64246.0,64167.0,64167.0,0.6481291
1771967760.0,64169.0,64189.0,64151.0,64151.0,1.16391006
1771967820.0,64146.0,64154.0,64039.0,64039.0,8.1554594
1771967880.0,64052.0,64052.0,63947.0,63979.0,19.36223323
1771967940.0,63979.0,64026.0,63979.0,64026.0,0.88235646
1771968000.0,64028.0,64076.0,64024.0,64069.0,4.15564255
1771968060.0,64066.0,64066.0,64019.0,64025.0,1.90586075
1771968120.0,64025.0,64047.0,64025.0,64046.0,0.31640271
1771968180.0,64051.0,64070.0,64051.0,64070.0,0.3022257
1771968240.0,64069.0,64077.0,64063.0,64077.0,1.48500581
1771968300.0,64083.0,64086.0,64048.0,64048.0,2.27995218
1771968360.0,64044.0,64052.0,64038.0,64038.0,0.29245865
1771968420.0,64044.0,64044.0,63970.0,63970.0,5.48256908
1771968480.0,63968.0,63989.0,63947.0,63947.0,0.20259824
1771968540.0,63945.0,63945.0,63836.0,63909.0,14.00896777
1771968600.0,63919.0,63939.0,63878.0,63891.0,1.22525982
1771968660.0,63900.0,63901.0,63886.0,63886.0,0.19045346
1771968720.0,63886.0,63962.0,63886.0,63958.0,1.599003
1771968780.0,63947.0,63947.0,63880.0,63884.0,1.2184595
1771968840.0,63902.0,63914.0,63894.0,63902.0,1.0004145
1771968900.0,63904.0,63927.0,63904.0,63927.0,1.3062149
1771968960.0,63957.0,63961.0,63954.0,63956.0,0.35752973
1771969020.0,63961.0,63963.0,63961.0,63963.0,0.3308071
1771969080.0,63972.0,64064.0,63972.0,64032.0,2.81779155
1771969140.0,64032.0,64032.0,64009.0,64016.0,0.22832557
1771969200.0,64015.0,64028.0,64014.0,64028.0,0.87657638
1771969260.0,64029.0,64029.0,64014.0,64019.0,0.33381723
1771969320.0,64019.0,64028.0,64019.0,64028.0,0.04323195
1771969380.0,64030.0,64031.0,64022.0,64029.0,0.7444945
1771969440.0,64029.0,64029.0,64028.0,64028.0,1.06099582
1771969500.0,64024.0,64060.0,64023.0,64060.0,0.203912
1771969560.0,64060.0,64074.0,64031.0,64058.0,1.97366987
1771969620.0,64048.0,64065.0,64038.0,64063.0,5.1586826
1771969680.0,64073.0,64075.0,64047.0,64047.0,2.4823173
1771969740.0,64047.0,64049.0,64031.0,64031.0,0.1877641
1771969800.0,64030.0,64037.0,64022.0,64036.0,0.94641557
1771969860.0,64026.0,64026.0,64012.0,64014.0,0.0639476
1771969920.0,64002.0,64002.0,63992.0,63999.0,5.38436271
1771969980.0,64000.0,64020.0,63996.0,63996.0,0.74176272
1771970040.0,63994.0,64006.0,63994.0,64006.0,0.01032893
1771970100.0,64020.0,64078.0,64020.0,64073.0,5.30869786
1771970160.0,64073.0,64073.0,64053.0,64053.0,0.15418093
1771970220.0,64064.0,64082.0,64060.0,64060.0,0.49273648
1771970280.0,64064.0,64066.0,64064.0,64065.0,0.01846269
1771970340.0,64065.0,64065.0,64047.0,64047.0,0.06170395
1771970400.0,64042.0,64044.0,63970.0,63988.0,6.36652442
1771970460.0,63988.0,64058.0,63988.0,64057.0,4.52387841
1771970520.0,64056.0,64145.0,64049.0,64145.0,6.68076368
1771970580.0,64147.0,64200.0,64147.0,64177.0,4.36363575
1771970640.0,64176.0,64204.0,64176.0,64204.0,0.11473108
1771970700.0,64205.0,64216.0,64194.0,64195.0,2.56780659
1771970760.0,64199.0,64218.0,64190.0,64190.0,2.61504539
1771970820.0,64189.0,64189.0,64124.0,64124.0,4.07832008
1771970880.0,64115.0,64161.0,64115.0,64157.0,3.00508885
1771970940.0,64156.0,64194.0,64153.0,64184.0,0.87213136
1771971000.0,64183.0,64183.0,64163.0,64165.0,0.27242082
1771971060.0,64181.0,64181.0,64170.0,64170.0,1.41241454
1771971120.0,64171.0,64213.0,64171.0,64212.0,0.10886773
1771971180.0,64209.0,64209.0,64172.0,64193.0,0.66815579
1771971240.0,64219.0,64227.0,64209.0,64225.0,0.27262253
1771971300.0,64224.0,64224.0,64217.0,64222.0,0.16574043
1771971360.0,64222.0,64222.0,64194.0,64194.0,1.33730286
1771971420.0,64186.0,64198.0,64186.0,64198.0,0.18303778
1771971480.0,64198.0,64199.0,64129.0,64129.0,1.44911683
1771971540.0,64151.0,64151.0,64139.0,64143.0,0.01203513
1771971600.0,64144.0,64167.0,64143.0,64159.0,0.33520058
1771971660.0,64160.0,64188.0,64159.0,64188.0,0.06006766
1771971720.0,64188.0,64188.0,64173.0,64186.0,0.19723522
1771971780.0,64186.0,64186.0,64155.0,64155.0,0.05123716
1771971840.0,64155.0,64159.0,64139.0,64139.0,14.66253866
1771971900.0,64132.0,64132.0,64118.0,64118.0,0.79516586
1771971960.0,64118.0,64118.0,64084.0,64084.0,6.1658616
1771972020.0,64083.0,64100.0,64079.0,64100.0,2.14255303
1771972080.0,64101.0,64153.0,64101.0,64153.0,3.95786607
1771972140.0,64157.0,64161.0,64140.0,64140.0,3.1418167
1771972200.0,64140.0,64143.0,64119.0,64119.0,0.5584973
1771972260.0,64117.0,64117.0,64076.0,64091.0,0.39597594
1771972320.0,64091.0,64091.0,64074.0,64089.0,0.90036222
1771972380.0,64089.0,64089.0,64085.0,64085.0,0.30582521
1771972440.0,64085.0,64135.0,64084.0,64135.0,0.77239962
1771972500.0,64140.0,64181.0,64140.0,64172.0,9.23696614
1771972560.0,64172.0,64172.0,64148.0,64148.0,7.54206567
1771972620.0,64147.0,64147.0,64125.0,64125.0,1.05169703
1771972680.0,64121.0,64146.0,64105.0,64146.0,1.06044651
1771972740.0,64147.0,64167.0,64147.0,64151.0,1.20718386
1771972800.0,64144.0,64154.0,64133.0,64133.0,0.89115603
1771972860.0,64130.0,64156.0,64120.0,64136.0,0.71823986
1771972920.0,64135.0,64140.0,64127.0,64140.0,0.23714348
1771972980.0,64140.0,64140.0,64103.0,64103.0,1.2205071
1771973040.0,64104.0,64105.0,64085.0,64091.0,0.47321994
1771973100.0,64093.0,64096.0,64093.0,64096.0,0.21482564
1771973160.0,64105.0,64115.0,64105.0,64114.0,0.04549379
1771973220.0,64115.0,64144.0,64115.0,64144.0,0.27759001
1771973280.0,64143.0,64143.0,64114.0,64114.0,0.38544681
1771973340.0,64115.0,64123.0,64110.0,64110.0,0.81729799
1771973400.0,64110.0,64110.0,64075.0,64075.0,0.40957597
1771973460.0,64076.0,64076.0,64071.0,64071.0,0.01569199
1771973520.0,64072.0,64072.0,64058.0,64058.0,0.14636938
1771973580.0,64058.0,64058.0,63991.0,64009.0,3.68229909
1771973640.0,64008.0,64039.0,64008.0,64029.0,0.4703553
1771973700.0,64029.0,64051.0,64029.0,64051.0,0.28188033
1771973760.0,64059.0,64128.0,64059.0,64118.0,0.83770989
1771973820.0,64117.0,64120.0,64102.0,64120.0,2.67725637
1771973880.0,64085.0,64116.0,64085.0,64116.0,0.31904865
1771973940.0,64115.0,64127.0,64109.0,64114.0,0.99393761
1771974000.0,64119.0,64149.0,64084.0,64121.0,0.53255823
1771974060.0,64120.0,64129.0,64092.0,64119.0,0.53863894
1771974120.0,64119.0,64128.0,64116.0,64116.0,0.07639715
1771974180.0,64107.0,64107.0,64062.0,64062.0,0.55419838
1771974240.0,64062.0,64062.0,64013.0,64013.0,0.26948717
1771974300.0,64012.0,64012.0,63891.0,63892.0,3.34902008
1771974360.0,63892.0,63906.0,63884.0,63889.0,0.97462449
1771974420.0,63889.0,63923.0,63858.0,63860.0,1.33444754
1771974480.0,63862.0,63907.0,63862.0,63883.0,0.60273191
1771974540.0,63883.0,63910.0,63857.0,63870.0,1.1491663
1771974600.0,63874.0,63881.0,63874.0,63880.0,0.30031875
1771974660.0,63880.0,63925.0,63880.0,63920.0,0.56270031
1771974720.0,63920.0,64024.0,63917.0,64024.0,0.77812879
1771974780.0,64023.0,64024.0,64009.0,64024.0,0.21969022
1771974840.0,64024.0,64090.0,64024.0,64082.0,3.58979021
1771974900.0,64081.0,64113.0,64081.0,64107.0,2.6124808
1771974960.0,64106.0,64108.0,64088.0,64089.0,1.07488954
1771975020.0,64092.0,64097.0,64074.0,64074.0,0.17528881
1771975080.0,64077.0,64089.0,64077.0,64089.0,0.16923228
1771975140.0,64089.0,64118.0,64089.0,64110.0,0.0987639
1771975200.0,64110.0,64135.0,64110.0,64135.0,0.4378761
1771975260.0,64135.0,64212.0,64135.0,64196.0,0.8631151
1771975320.0,64196.0,64196.0,64188.0,64191.0,0.43181146
1771975380.0,64190.0,64190.0,64108.0,64125.0,0.88508819
1771975440.0,64125.0,64151.0,64119.0,64129.0,0.47942151
1771975500.0,64129.0,64169.0,64129.0,64139.0,0.65084188
1771975560.0,64139.0,64181.0,64133.0,64178.0,2.82980524
1771975620.0,64175.0,64175.0,64148.0,64155.0,0.33208732
1771975680.0,64155.0,64196.0,64155.0,64190.0,0.38560249
1771975740.0,64190.0,64199.0,64188.0,64190.0,1.10399432
1771975800.0,64190.0,64217.0,64166.0,64197.0,0.72248658
1771975860.0,64175.0,64185.0,64156.0,64185.0,0.93389982
1771975920.0,64185.0,64185.0,64158.0,64166.0,0.19240053
1771975980.0,64166.0,64166.0,64150.0,64150.0,2.01179066
1771976040.0,64151.0,64162.0,64140.0,64161.0,0.21418742
1771976100.0,64162.0,64190.0,64162.0,64182.0,0.08107544
1771976160.0,64181.0,64220.0,64168.0,64220.0,3.27926309
1771976220.0,64219.0,64219.0,64191.0,64208.0,1.85229808
1771976280.0,64208.0,64239.0,64208.0,64239.0,0.45027909
1771976340.0,64252.0,64253.0,64232.0,64238.0,0.51254529
1771976400.0,64237.0,64237.0,64229.0,64229.0,0.21044499
1771976460.0,64225.0,64240.0,64225.0,64236.0,0.81799874
1771976520.0,64234.0,64234.0,64224.0,64231.0,0.063716
1771976580.0,64229.0,64229.0,64150.0,64155.0,3.12446173
1771976640.0,64154.0,64161.0,64140.0,64140.0,0.52374834
1771976700.0,64143.0,64145.0,64136.0,64137.0,0.7295511
1771976760.0,64137.0,64137.0,64107.0,64107.0,0.44936696
1771976820.0,64107.0,64129.0,64107.0,64120.0,0.50248231
1771976880.0,64120.0,64120.0,64109.0,64109.0,0.64418385
1771976940.0,64106.0,64107.0,64088.0,64088.0,0.06323706
1771977000.0,64088.0,64109.0,64084.0,64084.0,0.11236309
1771977060.0,64084.0,64092.0,64081.0,64089.0,0.12353671
1771977120.0,64089.0,64091.0,64071.0,64073.0,0.40626433
1771977180.0,64072.0,64072.0,64064.0,64070.0,0.09127899
1771977240.0,64070.0,64071.0,64034.0,64037.0,1.31010801
1771977300.0,64037.0,64071.0,64037.0,64068.0,0.42534122
1771977360.0,64068.0,64074.0,64068.0,64074.0,0.11838227
1771977420.0,64074.0,64074.0,64063.0,64071.0,0.25632367
1771977480.0,64073.0,64084.0,64071.0,64084.0,0.13918139
1771977540.0,64084.0,64084.0,64034.0,64059.0,7.26171565
1771977600.0,64059.0,64079.0,64059.0,64074.0,0.78639183
1771977660.0,64074.0,64078.0,64055.0,64055.0,2.10462422
1771977720.0,64054.0,64074.0,64027.0,64074.0,0.71364137
1771977780.0,64075.0,64075.0,64042.0,64044.0,1.32929056
1771977840.0,64044.0,64057.0,64044.0,64054.0,0.20372689
1771977900.0,64053.0,64074.0,64030.0,64074.0,0.29851487
1771977960.0,64074.0,64074.0,64048.0,64065.0,0.14298248
1771978020.0,64065.0,64075.0,64042.0,64051.0,1.13927053
1771978080.0,64065.0,64079.0,64065.0,64066.0,0.80568905
1771978140.0,64066.0,64066.0,64022.0,64022.0,1.49708308
1771978200.0,64009.0,64028.0,63986.0,63993.0,1.04081111
1771978260.0,64000.0,64033.0,63997.0,64007.0,0.59310451
1771978320.0,64006.0,64018.0,63999.0,64005.0,0.34277395
1771978380.0,64008.0,64008.0,63953.0,63953.0,0.75575126
1771978440.0,63953.0,63958.0,63921.0,63921.0,1.04853832
1771978500.0,63920.0,63944.0,63920.0,63943.0,0.75577625
1771978560.0,63969.0,63974.0,63967.0,63974.0,1.32898629
1771978620.0,63978.0,63984.0,63963.0,63966.0,6.18255788
1771978680.0,63966.0,63996.0,63966.0,63996.0,1.35826197
1771978740.0,64001.0,64060.0,64001.0,64045.0,1.58324611
1771978800.0,64045.0,64045.0,63995.0,63995.0,0.05823522
1771978860.0,63994.0,63997.0,63987.0,63997.0,0.54112164
1771978920.0,63995.0,64006.0,63990.0,64003.0,0.31382733
1771978980.0,64004.0,64016.0,63975.0,63976.0,1.45733574
1771979040.0,63985.0,64041.0,63985.0,64028.0,0.62220789
1771979100.0,64040.0,64061.0,64040.0,64050.0,0.67092173
1771979160.0,64048.0,64048.0,63998.0,63998.0,0.22446768
1771979220.0,63989.0,63989.0,63958.0,63968.0,0.17905227
1771979280.0,63969.0,63976.0,63960.0,63965.0,4.65979536
1771979340.0,63965.0,63966.0,63961.0,63966.0,0.08769038
1771979400.0,63988.0,64036.0,63977.0,64035.0,2.73327477
1771979460.0,64030.0,64067.0,64025.0,64037.0,0.70427648
1771979520.0,64030.0,64043.0,64030.0,64034.0,0.18338152
1771979580.0,64034.0,64053.0,64034.0,64041.0,0.03849364
1771979640.0,64043.0,64053.0,64043.0,64049.0,0.16242219
1771979700.0,64049.0,64080.0,64049.0,64080.0,0.16853207
1771979760.0,64081.0,64139.0,64081.0,64125.0,0.07599461
1771979820.0,64123.0,64159.0,64123.0,64141.0,0.78995785
1771979880.0,64146.0,64154.0,64146.0,64154.0,0.00759448
1771979940.0,64154.0,64185.0,64154.0,64184.0,0.43338337
1771980000.0,64184.0,64184.0,64154.0,64154.0,1.48365383
1771980060.0,64143.0,64143.0,64117.0,64129.0,1.1704547
1771980120.0,64140.0,64183.0,64140.0,64183.0,0.24422937
1771980180.0,64192.0,64200.0,64181.0,64181.0,0.16167647
1771980240.0,64181.0,64272.0,64181.0,64262.0,6.89260034
1771980300.0,64262.0,64262.0,64236.0,64240.0,2.39775066
1771980360.0,64218.0,64218.0,64195.0,64195.0,1.13842268
1771980420.0,64208.0,64222.0,64208.0,64214.0,0.63947935
1771980480.0,64219.0,64219.0,64145.0,64148.0,7.62633321
1771980540.0,64168.0,64215.0,64168.0,64215.0,0.2326673
1771980600.0,64244.0,64287.0,64244.0,64286.0,0.92152925
1771980660.0,64278.0,64284.0,64258.0,64284.0,1.92849092
1771980720.0,64283.0,64283.0,64249.0,64256.0,2.26102337
1771980780.0,64255.0,64268.0,64252.0,64258.0,0.40513509
1771980840.0,64268.0,64296.0,64268.0,64285.0,0.54191446
1771980900.0,64284.0,64307.0,64283.0,64307.0,0.44403123
1771980960.0,64319.0,64319.0,64290.0,64296.0,0.444399
1771981020.0,64291.0,64291.0,64257.0,64257.0,2.39596255
1771981080.0,64255.0,64255.0,64212.0,64212.0,0.81557513
1771981140.0,64218.0,64222.0,64218.0,64222.0,0.00445841
1771981200.0,64242.0,64267.0,64159.0,64159.0,1.16132472
1771981260.0,64156.0,64207.0,64152.0,64207.0,0.27636573
1771981320.0,64239.0,64246.0,64201.0,64246.0,2.59180741
1771981380.0,64266.0,64327.0,64266.0,64316.0,2.20124644
1771981440.0,64315.0,64315.0,64281.0,64293.0,0.17003658
1771981500.0,64292.0,64304.0,64288.0,64297.0,0.51663949
1771981560.0,64296.0,64383.0,64296.0,64354.0,44.67837632
1771981620.0,64348.0,64429.0,64347.0,64421.0,6.51104782
1771981680.0,64412.0,64450.0,64401.0,64439.0,6.06801407
1771981740.0,64432.0,64433.0,64407.0,64424.0,3.96055377
1771981800.0,64423.0,64857.0,64407.0,64857.0,31.12598493
1771981860.0,64827.0,65426.0,64801.0,65308.0,73.08568009
1771981920.0,65322.0,65824.0,65245.0,65781.0,58.70759592
1771981980.0,65758.0,65927.0,65653.0,65704.0,19.91051602
1771982040.0,65707.0,65707.0,65526.0,65602.0,11.80090435
1771982100.0,65596.0,65616.0,65428.0,65453.0,10.0308198
1771982160.0,65442.0,65705.0,65425.0,65682.0,6.86811185
1771982220.0,65692.0,65987.0,65659.0,65815.0,31.56257398
1771982280.0,65814.0,65908.0,65701.0,65818.0,6.72365483
1771982340.0,65817.0,65879.0,65739.0,65879.0,6.41398831
1771982400.0,65874.0,65913.0,65787.0,65830.0,8.48811748
1771982460.0,65830.0,66300.0,65830.0,66214.0,32.49818479
1771982520.0,66261.0,66295.0,66025.0,66025.0,13.06173391
1771982580.0,66031.0,66131.0,65960.0,65965.0,16.8794409
1771982640.0,65975.0,66041.0,65942.0,66039.0,13.74582255
1771982700.0,66039.0,66069.0,66013.0,66038.0,7.70982013
1771982760.0,66059.0,66168.0,66044.0,66152.0,6.06866071
1771982820.0,66151.0,66237.0,66136.0,66193.0,20.22364679
1771982880.0,66192.0,66194.0,66126.0,66145.0,9.95358589
1771982940.0,66168.0,66168.0,65941.0,65943.0,6.95826327
1771983000.0,65943.0,66131.0,65943.0,65998.0,8.98734674
1771983060.0,66008.0,66046.0,65975.0,66025.0,19.00683148
1771983120.0,65999.0,66063.0,65970.0,66005.0,10.21804639
1771983180.0,66007.0,66047.0,65985.0,66030.0,6.23052101
1771983240.0,66029.0,66069.0,66004.0,66004.0,3.35847799
1771983300.0,66016.0,66179.0,65986.0,66179.0,4.64389107
1771983360.0,66204.0,66271.0,66088.0,66097.0,17.4687809
1771983420.0,66101.0,66169.0,66096.0,66098.0,5.90387935
1771983480.0,66098.0,66198.0,66098.0,66147.0,3.33983162
1771983540.0,66149.0,66199.0,66089.0,66141.0,7.49614731
1771983600.0,66145.0,66176.0,66089.0,66089.0,3.8629632
1771983660.0,66108.0,66108.0,66013.0,66039.0,3.7451807
1771983720.0,66015.0,66023.0,66001.0,66021.0,1.04750083
1771983780.0,66026.0,66057.0,65921.0,65927.0,5.4004262
1771983840.0,65929.0,65929.0,65788.0,65796.0,2.55119206
1771983900.0,65805.0,65960.0,65786.0,65960.0,1.53913705
1771983960.0,65960.0,65960.0,65922.0,65923.0,6.24289189
1771984020.0,65923.0,65983.0,65885.0,65983.0,8.34869937
1771984080.0,66002.0,66053.0,65986.0,66049.0,1.74801656
1771984140.0,66054.0,66054.0,66019.0,66027.0,0.59028462
1771984200.0,66031.0,66043.0,65912.0,65926.0,5.48766121
1771984260.0,65934.0,65967.0,65849.0,65950.0,2.32686078
1771984320.0,65961.0,65969.0,65863.0,65876.0,2.52698584
1771984380.0,65876.0,65915.0,65860.0,65866.0,2.04920401
1771984440.0,65846.0,65892.0,65837.0,65892.0,1.60942172
1771984500.0,65892.0,65938.0,65892.0,65919.0,3.58477764
1771984560.0,65918.0,65945.0,65851.0,65874.0,2.76266783
1771984620.0,65881.0,65926.0,65881.0,65923.0,0.80853751
1771984680.0,65923.0,65975.0,65923.0,65941.0,5.22827196
1771984740.0,65932.0,65932.0,65897.0,65897.0,1.46497678
1771984800.0,65896.0,66096.0,65896.0,65982.0,7.55452063
1771984860.0,66013.0,66135.0,66013.0,66079.0,3.08788757
1771984920.0,66058.0,66058.0,65947.0,65980.0,4.42136156
1771984980.0,65974.0,66044.0,65944.0,65981.0,4.59093459
1771985040.0,65990.0,65990.0,65921.0,65943.0,1.85533552
1771985100.0,65921.0,65978.0,65914.0,65938.0,1.20580308
1771985160.0,65930.0,66207.0,65907.0,66205.0,16.6744614
1771985220.0,66209.0,66311.0,66154.0,66275.0,26.62671538
1771985280.0,66281.0,66302.0,66202.0,66256.0,4.66588524
1771985340.0,66259.0,66282.0,66085.0,66085.0,17.12462105
1771985400.0,66057.0,66102.0,66039.0,66102.0,3.08297872
1771985460.0,66087.0,66136.0,66079.0,66136.0,8.54482484
1771985520.0,66126.0,66268.0,66126.0,66250.0,13.16160356
1771985580.0,66250.0,66262.0,66195.0,66195.0,1.23401185
1771985640.0,66203.0,66266.0,66203.0,66227.0,0.80378916
1771985700.0,66234.0,66255.0,66161.0,66161.0,2.1858018
1771985760.0,66171.0,66203.0,66149.0,66149.0,2.31459839
1771985820.0,66151.0,66215.0,66151.0,66214.0,0.77239636
1771985880.0,66205.0,66206.0,66097.0,66106.0,2.28710049
1771985940.0,66105.0,66131.0,66099.0,66131.0,0.48398736
1771986000.0,66134.0,66150.0,66123.0,66150.0,0.55131376
1771986060.0,66177.0,66200.0,66125.0,66169.0,3.7696481
1771986120.0,66177.0,66177.0,66123.0,66142.0,1.88056665
1771986180.0,66144.0,66153.0,66101.0,66105.0,0.65932055
1771986240.0,66096.0,66115.0,66087.0,66095.0,0.57803012
1771986300.0,66089.0,66098.0,66037.0,66072.0,1.72864535
1771986360.0,66096.0,66129.0,66096.0,66117.0,0.96522251
1771986420.0,66116.0,66165.0,66087.0,66165.0,1.89124128
1771986480.0,66163.0,66179.0,66156.0,66166.0,1.33561611
1771986540.0,66146.0,66146.0,66102.0,66107.0,1.1345236
1771986600.0,66098.0,66169.0,66096.0,66132.0,0.97131607
1771986660.0,66129.0,66129.0,66086.0,66110.0,0.49498948
1771986720.0,66125.0,66131.0,66056.0,66064.0,3.65527002
1771986780.0,66063.0,66073.0,65983.0,65983.0,2.74764453
1771986840.0,65972.0,65979.0,65949.0,65952.0,1.77179139
1771986900.0,65955.0,66029.0,65955.0,65999.0,1.56001586
1771986960.0,65988.0,65993.0,65958.0,65993.0,0.85918137
1771987020.0,65994.0,65998.0,65994.0,65998.0,0.86722212
1771987080.0,66008.0,66023.0,66008.0,66013.0,0.13538047
1771987140.0,66014.0,66014.0,65970.0,65972.0,0.64219872
1771987200.0,65959.0,65962.0,65926.0,65933.0,0.28963138
1771987260.0,65941.0,65942.0,65898.0,65922.0,0.68411192
1771987320.0,65917.0,65925.0,65885.0,65889.0,0.35332842
1771987380.0,65895.0,65923.0,65895.0,65923.0,2.14203415
1771987440.0,65945.0,65947.0,65929.0,65936.0,1.20938591
1771987500.0,65936.0,65963.0,65933.0,65939.0,0.70564017
1771987560.0,65936.0,65970.0,65936.0,65964.0,1.19026323
1771987620.0,65969.0,65980.0,65945.0,65978.0,1.02150197
1771987680.0,65975.0,65975.0,65947.0,65973.0,0.89520628
1771987740.0,65974.0,65981.0,65963.0,65979.0,0.80590613
1771987800.0,65975.0,66024.0,65967.0,66024.0,1.1174232
1771987860.0,66023.0,66023.0,65982.0,65985.0,0.77360731
1771987920.0,65971.0,65971.0,65914.0,65914.0,2.04493217
1771987980.0,65913.0,65990.0,65910.0,65970.0,1.89298436
1771988040.0,65956.0,65969.0,65943.0,65952.0,0.30903267
1771988100.0,65949.0,65964.0,65949.0,65963.0,0.02184157
1771988160.0,65963.0,65963.0,65901.0,65914.0,1.95588419
1771988220.0,65917.0,65918.0,65878.0,65878.0,0.56528412
1771988280.0,65877.0,65914.0,65877.0,65905.0,4.52187449
1771988340.0,65905.0,65905.0,65889.0,65889.0,0.28149371
1771988400.0,65887.0,65954.0,65887.0,65902.0,1.19559336
1771988460.0,65887.0,65887.0,65865.0,65865.0,1.3247893
1771988520.0,65855.0,65863.0,65815.0,65830.0,0.5444121
1771988580.0,65831.0,65859.0,65828.0,65859.0,0.18102624
1771988640.0,65860.0,65866.0,65840.0,65863.0,0.03196018
1771988700.0,65886.0,65936.0,65882.0,65936.0,0.23201723
1771988760.0,65946.0,65948.0,65926.0,65934.0,0.23808085
1771988820.0,65926.0,65926.0,65874.0,65874.0,0.0884582
1771988880.0,65874.0,65874.0,65833.0,65837.0,2.78468457
1771988940.0,65830.0,65882.0,65830.0,65881.0,0.17051451
1771989000.0,65877.0,65900.0,65869.0,65879.0,0.20234302
1771989060.0,65875.0,65875.0,65819.0,65821.0,0.0745081
1771989120.0,65837.0,65837.0,65825.0,65825.0,0.05443661
1771989180.0,65825.0,65828.0,65825.0,65828.0,1.54666511
1771989240.0,65828.0,65831.0,65822.0,65830.0,1.86547645
1771989300.0,65838.0,65838.0,65817.0,65818.0,0.61608515
1771989360.0,65812.0,65812.0,65610.0,65632.0,54.93375328
1771989420.0,65632.0,65642.0,65589.0,65612.0,2.92177678
1771989480.0,65611.0,65614.0,65596.0,65611.0,0.73558525
1771989540.0,65599.0,65599.0,65551.0,65563.0,0.57774433
1771989600.0,65566.0,65673.0,65566.0,65653.0,2.60576225
1771989660.0,65685.0,65685.0,65607.0,65615.0,1.89349591
1771989720.0,65611.0,65611.0,65522.0,65530.0,1.82457336
1771989780.0,65532.0,65532.0,65496.0,65499.0,1.30486919
1771989840.0,65502.0,65555.0,65502.0,65551.0,0.31835261
1771989900.0,65544.0,65622.0,65543.0,65585.0,2.50648585
1771989960.0,65572.0,65592.0,65566.0,65567.0,0.6249302
1771990020.0,65547.0,65598.0,65544.0,65556.0,0.33158667
1771990080.0,65556.0,65645.0,65556.0,65602.0,1.09597652
1771990140.0,65601.0,65601.0,65595.0,65595.0,0.0773427
1771990200.0,65575.0,65617.0,65539.0,65617.0,1.22894818
1771990260.0,65628.0,65631.0,65576.0,65579.0,0.61925633
1771990320.0,65579.0,65587.0,65576.0,65587.0,0.10402087
1771990380.0,65576.0,65576.0,65564.0,65573.0,0.31335524
1771990440.0,65519.0,65607.0,65503.0,65543.0,1.62895483
1771990500.0,65538.0,65567.0,65500.0,65504.0,1.11595582
1771990560.0,65505.0,65506.0,65387.0,65407.0,26.20368346
1771990620.0,65421.0,65459.0,65421.0,65455.0,2.57852528
1771990680.0,65460.0,65534.0,65460.0,65530.0,1.19704053
1771990740.0,65522.0,65523.0,65441.0,65473.0,3.30330062
1771990800.0,65474.0,65474.0,65403.0,65415.0,5.85183714
1771990860.0,65414.0,65465.0,65410.0,65458.0,0.12735462
1771990920.0,65447.0,65475.0,65442.0,65473.0,1.41240198
1771990980.0,65468.0,65477.0,65416.0,65456.0,7.77328276
1771991040.0,65456.0,65460.0,65454.0,65454.0,0.00739329
1771991100.0,65453.0,65453.0,65406.0,65444.0,6.01541043
1771991160.0,65455.0,65502.0,65450.0,65502.0,7.16095076
1771991220.0,65515.0,65542.0,65468.0,65468.0,3.3699122
1771991280.0,65472.0,65494.0,65420.0,65420.0,1.86045788
1771991340.0,65388.0,65420.0,65368.0,65397.0,1.79478591
1771991400.0,65395.0,65426.0,65349.0,65412.0,1.74916733
1771991460.0,65411.0,65470.0,65411.0,65467.0,0.03401789
1771991520.0,65466.0,65503.0,65464.0,65469.0,0.94868868
1771991580.0,65481.0,65481.0,65427.0,65428.0,4.54843002
1771991640.0,65433.0,65436.0,65421.0,65421.0,0.63819379
1771991700.0,65418.0,65428.0,65416.0,65428.0,0.44044506
1771991760.0,65434.0,65445.0,65389.0,65389.0,4.92770101
1771991820.0,65398.0,65410.0,65389.0,65392.0,0.87320169
1771991880.0,65393.0,65415.0,65393.0,65411.0,0.36568714
1771991940.0,65406.0,65413.0,65379.0,65381.0,0.72105529
1771992000.0,65384.0,65397.0,65369.0,65369.0,2.59792596
1771992060.0,65370.0,65370.0,65293.0,65327.0,1.23956917
1771992120.0,65297.0,65297.0,65207.0,65207.0,13.88135821
1771992180.0,65199.0,65217.0,65117.0,65217.0,4.551216
1771992240.0,65236.0,65281.0,65235.0,65281.0,3.00228193
1771992300.0,65291.0,65339.0,65282.0,65320.0,2.31943221
1771992360.0,65317.0,65347.0,65302.0,65347.0,0.8545044
1771992420.0,65359.0,65374.0,65330.0,65330.0,0.2205193
1771992480.0,65321.0,65344.0,65308.0,65308.0,0.893577
1771992540.0,65296.0,65319.0,65296.0,65319.0,0.24840182
1771992600.0,65325.0,65325.0,65294.0,65323.0,0.38126168
1771992660.0,65322.0,65513.0,65322.0,65513.0,18.18975306
1771992720.0,65521.0,65522.0,65437.0,65437.0,1.76711971
1771992780.0,65436.0,65444.0,65425.0,65428.0,0.80058226
1771992840.0,65428.0,65439.0,65428.0,65438.0,0.20929004
1771992900.0,65439.0,65464.0,65408.0,65409.0,1.11123351
1771992960.0,65407.0,65414.0,65402.0,65402.0,0.13889743
1771993020.0,65380.0,65380.0,65349.0,65349.0,0.6748093
1771993080.0,65354.0,65377.0,65354.0,65377.0,0.35219664
1771993140.0,65377.0,65546.0,65368.0,65484.0,15.51256396
1771993200.0,65489.0,65526.0,65489.0,65526.0,4.22622121
1771993260.0,65526.0,65535.0,65497.0,65534.0,0.67319492
1771993320.0,65531.0,65603.0,65512.0,65585.0,8.601907
1771993380.0,65595.0,65616.0,65581.0,65603.0,4.6773236
1771993440.0,65581.0,65600.0,65557.0,65570.0,2.43272805
1771993500.0,65572.0,65578.0,65522.0,65531.0,0.71671359
1771993560.0,65532.0,65554.0,65530.0,65554.0,0.33102651
1771993620.0,65550.0,65554.0,65541.0,65541.0,0.23373525
1771993680.0,65552.0,65566.0,65551.0,65563.0,0.46771133
1771993740.0,65563.0,65574.0,65563.0,65574.0,0.47866948
1771993800.0,65595.0,65605.0,65585.0,65602.0,2.9201226
1771993860.0,65598.0,65622.0,65590.0,65606.0,2.88524253
1771993920.0,65594.0,65594.0,65573.0,65588.0,0.58139257
1771993980.0,65611.0,65611.0,65582.0,65583.0,0.61242059
1771994040.0,65581.0,65581.0,65579.0,65580.0,0.0097616
1771994100.0,65580.0,65591.0,65580.0,65590.0,0.00843365
1771994160.0,65598.0,65598.0,65533.0,65555.0,0.36830259
1771994220.0,65555.0,65575.0,65552.0,65556.0,0.05523916
1771994280.0,65556.0,65573.0,65556.0,65564.0,0.25690333
1771994340.0,65565.0,65606.0,65563.0,65606.0,3.0966267
1771994400.0,65625.0,65645.0,65619.0,65620.0,0.39502605
1771994460.0,65629.0,65629.0,65616.0,65616.0,0.41495026
1771994520.0,65601.0,65615.0,65601.0,65612.0,0.14823906
1771994580.0,65612.0,65620.0,65612.0,65619.0,0.32000972
1771994640.0,65619.0,65638.0,65619.0,65635.0,0.11701066
1771994700.0,65633.0,65633.0,65611.0,65622.0,0.25907893
1771994760.0,65618.0,65619.0,65612.0,65612.0,0.62649023
1771994820.0,65610.0,65610.0,65561.0,65562.0,0.34258962
1771994880.0,65542.0,65548.0,65534.0,65534.0,0.11206005
1771994940.0,65524.0,65545.0,65524.0,65545.0,0.01193747
1771995000.0,65545.0,65545.0,65473.0,65481.0,0.2298089
1771995060.0,65481.0,65503.0,65481.0,65492.0,0.67631793
1771995120.0,65481.0,65481.0,65445.0,65445.0,0.02858204
1771995180.0,65458.0,65468.0,65458.0,65468.0,0.52676073
1771995240.0,65468.0,65468.0,65458.0,65458.0,0.01300497
1771995300.0,65456.0,65456.0,65409.0,65409.0,0.28459433
1771995360.0,65417.0,65432.0,65416.0,65432.0,0.07975501
1771995420.0,65443.0,65449.0,65429.0,65429.0,0.70151615
1771995480.0,65430.0,65458.0,65429.0,65446.0,0.48114181
1771995540.0,65445.0,65445.0,65443.0,65444.0,0.17105308
1771995600.0,65444.0,65457.0,65407.0,65457.0,1.99876158
1771995660.0,65462.0,65467.0,65411.0,65413.0,2.58168857
1771995720.0,65415.0,65421.0,65395.0,65410.0,1.73354912
1771995780.0,65414.0,65466.0,65414.0,65432.0,0.85419991
1771995840.0,65446.0,65457.0,65445.0,65457.0,0.01956231
1771995900.0,65457.0,65503.0,65457.0,65498.0,3.90362978
1771995960.0,65497.0,65497.0,65473.0,65473.0,0.58598464
1771996020.0,65473.0,65475.0,65456.0,65475.0,0.2728681
1771996080.0,65461.0,65479.0,65461.0,65478.0,0.36152719
1771996140.0,65478.0,65478.0,65462.0,65462.0,0.21263685
1771996200.0,65450.0,65450.0,65433.0,65433.0,0.44862254
1771996260.0,65409.0,65412.0,65401.0,65401.0,0.12191676
1771996320.0,65401.0,65402.0,65393.0,65393.0,0.19946016
1771996380.0,65390.0,65390.0,65371.0,65371.0,0.00420587
1771996440.0,65343.0,65343.0,65316.0,65333.0,0.63096366
1771996500.0,65332.0,65332.0,65330.0,65330.0,0.0408238
1771996560.0,65330.0,65374.0,65330.0,65347.0,0.86662528
1771996620.0,65344.0,65347.0,65343.0,65347.0,0.39429368
1771996680.0,65354.0,65354.0,65348.0,65348.0,0.11732103
1771996740.0,65348.0,65348.0,65319.0,65319.0,0.01635871
1771996800.0,65312.0,65312.0,65304.0,65304.0,0.00277011
1771996860.0,65292.0,65314.0,65258.0,65258.0,3.07983072
1771996920.0,65267.0,65272.0,65228.0,65228.0,0.6449755
1771996980.0,65223.0,65223.0,65198.0,65222.0,1.11882104
1771997040.0,65221.0,65221.0,65168.0,65173.0,1.54848143
1771997100.0,65192.0,65227.0,65186.0,65194.0,0.91207155
1771997160.0,65208.0,65238.0,65198.0,65236.0,2.11377411
1771997220.0,65235.0,65235.0,65193.0,65210.0,0.11431157
1771997280.0,65210.0,65218.0,65181.0,65202.0,6.77369599
1771997340.0,65213.0,65213.0,65172.0,65183.0,7.05532048
1771997400.0,65183.0,65225.0,65182.0,65219.0,1.21433562
1771997460.0,65214.0,65218.0,65144.0,65144.0,9.23931338
1771997520.0,65141.0,65173.0,65068.0,65069.0,21.13916679
1771997580.0,65069.0,65104.0,64996.0,65027.0,9.27421361
1771997640.0,65026.0,65040.0,65019.0,65024.0,0.48148618
1771997700.0,65025.0,65025.0,64943.0,64945.0,11.99251005
1771997760.0,64940.0,65035.0,64940.0,65025.0,3.26459687
1771997820.0,65021.0,65021.0,64849.0,64849.0,17.05792267
1771997880.0,64848.0,64915.0,64834.0,64913.0,2.49375984
1771997940.0,64913.0,64923.0,64889.0,64893.0,0.63373529
1771998000.0,64903.0,64903.0,64801.0,64819.0,4.89892102
1771998060.0,64820.0,64843.0,64760.0,64779.0,6.40136306
1771998120.0,64781.0,64807.0,64781.0,64793.0,1.28825794
1771998180.0,64793.0,64837.0,64793.0,64837.0,2.0749473
1771998240.0,64868.0,64879.0,64836.0,64836.0,0.5511719
1771998300.0,64836.0,64847.0,64772.0,64838.0,0.5452893
1771998360.0,64857.0,64862.0,64843.0,64844.0,0.25194711
1771998420.0,64844.0,64954.0,64844.0,64952.0,7.57118612
1771998480.0,64948.0,64948.0,64911.0,64921.0,3.50166227
1771998540.0,64915.0,64945.0,64882.0,64945.0,2.59403847
1771998600.0,64943.0,64947.0,64932.0,64939.0,1.11344251
1771998660.0,64955.0,64973.0,64955.0,64971.0,1.04105805
1771998720.0,64960.0,64982.0,64960.0,64973.0,1.36441153
1771998780.0,64975.0,64983.0,64969.0,64969.0,0.34338813
1771998840.0,64963.0,64963.0,64916.0,64928.0,0.76071063
1771998900.0,64928.0,64931.0,64910.0,64926.0,2.19766722
1771998960.0,64926.0,64928.0,64891.0,64891.0,0.73589847
1771999020.0,64888.0,64888.0,64863.0,64863.0,2.00415541
1771999080.0,64870.0,64893.0,64870.0,64893.0,1.25506246
1771999140.0,64893.0,64899.0,64849.0,64850.0,1.47239913
1771999200.0,64872.0,64928.0,64872.0,64888.0,0.76168646
1771999260.0,64896.0,64945.0,64896.0,64945.0,0.24005686
1771999320.0,64961.0,64986.0,64955.0,64984.0,1.22259474
1771999380.0,64987.0,64987.0,64983.0,64984.0,0.05858751
1771999440.0,64984.0,64987.0,64982.0,64987.0,0.17155407
1771999500.0,64987.0,64993.0,64952.0,64952.0,1.50982367
1771999560.0,64946.0,64946.0,64918.0,64936.0,0.37822378
1771999620.0,64945.0,64956.0,64942.0,64945.0,0.58510826
1771999680.0,64944.0,65006.0,64944.0,65001.0,1.46195634
1771999740.0,64975.0,64994.0,64972.0,64994.0,0.36253257
1771999800.0,64999.0,64999.0,64985.0,64986.0,0.16774327
1771999860.0,64986.0,65004.0,64986.0,65004.0,0.97108668
1771999920.0,65003.0,65007.0,64996.0,64996.0,2.81259857
1771999980.0,64989.0,64989.0,64967.0,64970.0,0.45323907
1772000040.0,64970.0,64995.0,64970.0,64988.0,0.85808628
1772000100.0,64987.0,64987.0,64911.0,64939.0,0.84193931
1772000160.0,64951.0,64956.0,64943.0,64943.0,0.22239108
1772000220.0,64944.0,64984.0,64944.0,64973.0,0.35557605
1772000280.0,64972.0,64972.0,64927.0,64927.0,0.03426882
1772000340.0,64927.0,64995.0,64927.0,64995.0,0.39700386
1772000400.0,65004.0,65020.0,64999.0,65020.0,0.00609096
1772000460.0,65022.0,65120.0,65022.0,65101.0,1.63037606
1772000520.0,65101.0,65103.0,65091.0,65091.0,3.05815655
1772000580.0,65096.0,65120.0,65094.0,65116.0,2.01150764
1772000640.0,65102.0,65103.0,65102.0,65102.0,0.2253016
1772000700.0,65091.0,65091.0,65051.0,65051.0,0.74516264
1772000760.0,65050.0,65076.0,65050.0,65076.0,0.01040355
1772000820.0,65077.0,65093.0,65077.0,65093.0,0.29574485
1772000880.0,65104.0,65104.0,65057.0,65057.0,0.24024992
1772000940.0,65057.0,65057.0,65034.0,65034.0,0.73029824
1772001000.0,65030.0,65035.0,64999.0,64999.0,1.93692461
1772001060.0,64996.0,65048.0,64988.0,65048.0,1.18749934
1772001120.0,65047.0,65049.0,65043.0,65049.0,0.06673862
1772001180.0,65055.0,65103.0,65055.0,65103.0,0.60430036
1772001240.0,65103.0,65103.0,65072.0,65072.0,0.57219873
1772001300.0,65055.0,65065.0,65041.0,65060.0,0.39160789
1772001360.0,65060.0,65077.0,65058.0,65076.0,0.34486239
1772001420.0,65076.0,65088.0,65064.0,65088.0,0.34031548
1772001480.0,65089.0,65105.0,65085.0,65105.0,0.26752726
1772001540.0,65107.0,65109.0,65099.0,65099.0,0.0721819
1772001600.0,65094.0,65112.0,65088.0,65112.0,0.33275023
1772001660.0,65111.0,65112.0,65108.0,65108.0,0.13015229
1772001720.0,65107.0,65107.0,65105.0,65105.0,0.04783491
1772001780.0,65104.0,65104.0,65095.0,65096.0,0.15744228
1772001840.0,65095.0,65096.0,65094.0,65094.0,0.00434377
1772001900.0,65094.0,65094.0,65083.0,65083.0,0.57733069
1772001960.0,65072.0,65074.0,65065.0,65074.0,0.41338234
1772002020.0,65067.0,65067.0,65067.0,65067.0,0.00085239
1772002080.0,65067.0,65067.0,65047.0,65048.0,0.4142788
1772002140.0,65051.0,65051.0,65033.0,65033.0,0.094335
1772002200.0,65030.0,65030.0,64909.0,64936.0,2.29783764
1772002260.0,64937.0,64952.0,64918.0,64952.0,0.16386525
1772002320.0,64940.0,64940.0,64905.0,64905.0,0.37551942
1772002380.0,64905.0,64921.0,64905.0,64905.0,0.36841462
1772002440.0,64901.0,64901.0,64895.0,64897.0,4.19103443
1772002500.0,64897.0,64897.0,64880.0,64880.0,0.38919343
1772002560.0,64865.0,64889.0,64865.0,64886.0,0.49322436
1772002620.0,64884.0,64894.0,64877.0,64894.0,0.3550316
1772002680.0,64899.0,64906.0,64882.0,64882.0,0.8487837
1772002740.0,64878.0,64880.0,64875.0,64880.0,0.05142231
1772002800.0,64887.0,64905.0,64887.0,64905.0,0.15431558
1772002860.0,64906.0,64925.0,64906.0,64910.0,0.90146904
1772002920.0,64909.0,64911.0,64871.0,64871.0,0.20856093
1772002980.0,64866.0,64880.0,64847.0,64876.0,4.61645063
1772003040.0,64875.0,64875.0,64873.0,64874.0,0.0120683
1772003100.0,64874.0,64880.0,64856.0,64858.0,0.43922327
1772003160.0,64857.0,64860.0,64837.0,64837.0,0.94904589
1772003220.0,64834.0,64834.0,64785.0,64796.0,0.5549246
1772003280.0,64797.0,64872.0,64797.0,64872.0,0.51774443
1772003340.0,64872.0,64914.0,64859.0,64908.0,0.39687905
1772003400.0,64958.0,64995.0,64924.0,64978.0,3.85645428
1772003460.0,64975.0,64995.0,64968.0,64989.0,0.50944517
1772003520.0,64997.0,65077.0,64997.0,65077.0,3.4836837
1772003580.0,65076.0,65076.0,65038.0,65038.0,0.11867139
1772003640.0,65034.0,65034.0,65026.0,65029.0,0.18451265
1772003700.0,65028.0,65111.0,65006.0,65105.0,9.69724832
1772003760.0,65109.0,65166.0,65106.0,65166.0,1.16333778
1772003820.0,65166.0,65181.0,65128.0,65128.0,1.29581087
1772003880.0,65131.0,65132.0,65113.0,65115.0,0.19144179
1772003940.0,65114.0,65126.0,65076.0,65098.0,0.64570056
1772004000.0,65115.0,65115.0,65092.0,65093.0,0.19292967
1772004060.0,65092.0,65092.0,65050.0,65050.0,0.69436695
1772004120.0,65040.0,65040.0,65031.0,65038.0,0.61376204
1772004180.0,65049.0,65084.0,65049.0,65081.0,2.90155716
1772004240.0,65084.0,65084.0,65050.0,65050.0,0.11915325
1772004300.0,65050.0,65061.0,65049.0,65056.0,0.12208203
1772004360.0,65053.0,65054.0,65021.0,65054.0,0.75977179
1772004420.0,65061.0,65071.0,65056.0,65071.0,0.81169685
1772004480.0,65079.0,65111.0,65079.0,65111.0,0.36893121
1772004540.0,65120.0,65120.0,65110.0,65110.0,0.21902028
1772004600.0,65109.0,65156.0,65108.0,65146.0,0.66493137
1772004660.0,65151.0,65182.0,65148.0,65174.0,0.21986813
1772004720.0,65184.0,65184.0,65125.0,65141.0,0.84310738
1772004780.0,65136.0,65154.0,65124.0,65142.0,0.65095992
1772004840.0,65134.0,65149.0,65130.0,65148.0,0.01656592
1772004900.0,65146.0,65146.0,65060.0,65060.0,0.93815467
1772004960.0,65049.0,65065.0,65022.0,65026.0,3.23179781
1772005020.0,65036.0,65045.0,65033.0,65044.0,0.37470085
1772005080.0,65039.0,65048.0,65029.0,65048.0,0.49370686
1772005140.0,65047.0,65047.0,65017.0,65018.0,0.19476003
1772005200.0,65023.0,65041.0,64900.0,64917.0,2.95973985
1772005260.0,64925.0,64955.0,64916.0,64932.0,0.47113186
1772005320.0,64947.0,64975.0,64940.0,64941.0,0.47032715
1772005380.0,64944.0,64944.0,64884.0,64884.0,2.32992805
1772005440.0,64883.0,64935.0,64880.0,64935.0,1.03384923
1772005500.0,64935.0,64957.0,64926.0,64949.0,0.9519038
1772005560.0,64956.0,64972.0,64956.0,64966.0,0.64719807
1772005620.0,64957.0,64958.0,64944.0,64955.0,0.20331193
1772005680.0,64954.0,64954.0,64946.0,64946.0,0.3689584
1772005740.0,64946.0,64962.0,64936.0,64962.0,0.37692103
1772005800.0,64963.0,64988.0,64963.0,64986.0,0.75684193
1772005860.0,64983.0,64988.0,64978.0,64978.0,0.20867747
1772005920.0,64977.0,65029.0,64974.0,65029.0,0.51592753
1772005980.0,65028.0,65028.0,65016.0,65020.0,0.85221774
1772006040.0,65020.0,65030.0,65017.0,65017.0,0.0611436
1772006100.0,65021.0,65021.0,65002.0,65004.0,1.36759776
1772006160.0,65004.0,65018.0,65004.0,65018.0,0.04028209
1772006220.0,65018.0,65036.0,65011.0,65015.0,0.31553473
1772006280.0,65033.0,65033.0,65026.0,65026.0,0.03399604
1772006340.0,65022.0,65029.0,65022.0,65029.0,3.32495717
1772006400.0,65029.0,65059.0,65025.0,65027.0,4.38471533
1772006460.0,65032.0,65040.0,65011.0,65012.0,5.55370936
1772006520.0,65010.0,65010.0,64964.0,64994.0,0.71397588
1772006580.0,64995.0,64995.0,64955.0,64962.0,1.08259443
1772006640.0,64996.0,64996.0,64968.0,64983.0,0.61733332
1772006700.0,65005.0,65040.0,65000.0,65040.0,0.2111877
1772006760.0,65040.0,65076.0,65026.0,65051.0,3.0127146
1772006820.0,65049.0,65059.0,65026.0,65037.0,0.18616729
1772006880.0,65036.0,65042.0,65002.0,65031.0,0.27963493
1772006940.0,65014.0,65027.0,64991.0,65024.0,0.26894267
1772007000.0,65010.0,65010.0,64993.0,64998.0,3.71078541
1772007060.0,64997.0,65003.0,64991.0,65003.0,0.14845032
1772007120.0,65009.0,65009.0,64980.0,64993.0,0.2082184
1772007180.0,64994.0,65003.0,64994.0,65003.0,0.36071308
1772007240.0,65002.0,65017.0,64999.0,65017.0,0.04359089
1772007300.0,65017.0,65021.0,65009.0,65015.0,0.12967295
1772007360.0,65036.0,65037.0,65015.0,65016.0,0.38517302
1772007420.0,65018.0,65056.0,65005.0,65056.0,0.8366497
1772007480.0,65066.0,65105.0,65066.0,65102.0,1.47205294
1772007540.0,65083.0,65101.0,65078.0,65079.0,0.19841139
1772007600.0,65091.0,65105.0,65080.0,65105.0,1.28777291
1772007660.0,65105.0,65129.0,65104.0,65129.0,25.09296894
1772007720.0,65129.0,65215.0,65129.0,65204.0,10.08808918
1772007780.0,65211.0,65224.0,65184.0,65224.0,1.20136759
1772007840.0,65224.0,65227.0,65210.0,65222.0,0.11556909
1772007900.0,65220.0,65228.0,65186.0,65189.0,0.02175872
1772007960.0,65202.0,65205.0,65201.0,65205.0,0.58402189
1772008020.0,65201.0,65201.0,65186.0,65190.0,0.47136477
1772008080.0,65188.0,65193.0,65169.0,65193.0,1.19829052
1772008140.0,65193.0,65193.0,65171.0,65184.0,0.28366597
1772008200.0,65182.0,65218.0,65175.0,65211.0,0.05780639
1772008260.0,65211.0,65225.0,65194.0,65213.0,0.34956016
1772008320.0,65216.0,65216.0,65200.0,65207.0,0.61054672
1772008380.0,65207.0,65273.0,65207.0,65269.0,4.84084775
1772008440.0,65272.0,65293.0,65271.0,65293.0,0.6644559
1772008500.0,65293.0,65293.0,65260.0,65272.0,0.9798784
1772008560.0,65261.0,65347.0,65260.0,65331.0,6.54847423
1772008620.0,65333.0,65394.0,65333.0,65386.0,4.47437115
1772008680.0,65393.0,65450.0,65355.0,65445.0,5.05125131
1772008740.0,65439.0,65439.0,65384.0,65411.0,1.48059893
1772008800.0,65407.0,65411.0,65378.0,65392.0,1.22349467
1772008860.0,65393.0,65401.0,65379.0,65394.0,0.92989021
1772008920.0,65406.0,65448.0,65397.0,65448.0,3.41454302
1772008980.0,65453.0,65453.0,65410.0,65410.0,0.64412989
1772009040.0,65410.0,65438.0,65404.0,65416.0,0.55407881
1772009100.0,65414.0,65414.0,65382.0,65400.0,0.47566456
1772009160.0,65399.0,65399.0,65367.0,65390.0,0.6800721
1772009220.0,65410.0,65440.0,65395.0,65440.0,1.37436486
1772009280.0,65451.0,65481.0,65448.0,65475.0,4.62486197
1772009340.0,65475.0,65475.0,65422.0,65422.0,0.31812622
1772009400.0,65423.0,65469.0,65394.0,65441.0,9.16269341
1772009460.0,65432.0,65446.0,65432.0,65438.0,0.35940105
1772009520.0,65437.0,65458.0,65402.0,65447.0,2.96698818
1772009580.0,65448.0,65502.0,65448.0,65470.0,3.37348767
1772009640.0,65458.0,65568.0,65458.0,65567.0,7.0968442
1772009700.0,65567.0,65567.0,65516.0,65565.0,0.76551159
1772009760.0,65562.0,65563.0,65480.0,65480.0,3.60722162
1772009820.0,65481.0,65502.0,65481.0,65492.0,0.41966356
1772009880.0,65492.0,65527.0,65492.0,65511.0,1.569674
1772009940.0,65502.0,65505.0,65499.0,65505.0,0.40874662
1772010000.0,65509.0,65509.0,65481.0,65498.0,0.46724408
1772010060.0,65483.0,65511.0,65483.0,65484.0,0.3939441
1772010120.0,65475.0,65506.0,65473.0,65506.0,0.26633436
1772010180.0,65510.0,65531.0,65510.0,65521.0,1.90555675
1772010240.0,65524.0,65598.0,65519.0,65577.0,4.03832368
1772010300.0,65571.0,65579.0,65478.0,65478.0,6.0171033
1772010360.0,65478.0,65478.0,65455.0,65477.0,0.36711549
1772010420.0,65468.0,65468.0,65453.0,65461.0,1.25169097
1772010480.0,65477.0,65508.0,65471.0,65500.0,0.66400913
1772010540.0,65499.0,65502.0,65495.0,65500.0,0.32592535
1772010600.0,65533.0,65599.0,65533.0,65599.0,1.22403048
1772010660.0,65607.0,65667.0,65596.0,65596.0,10.01817591
1772010720.0,65600.0,65600.0,65518.0,65523.0,1.05970655
1772010780.0,65523.0,65596.0,65511.0,65583.0,8.07893139
1772010840.0,65553.0,65555.0,65546.0,65546.0,1.21842219
1772010900.0,65533.0,65533.0,65513.0,65515.0,0.73626122
1772010960.0,65515.0,65518.0,65508.0,65509.0,0.59924268
1772011020.0,65510.0,65546.0,65505.0,65533.0,3.10936089
1772011080.0,65526.0,65526.0,65523.0,65524.0,0.1107657
1772011140.0,65523.0,65568.0,65523.0,65568.0,0.47058332
1772011200.0,65555.0,65555.0,65528.0,65548.0,0.62566294
1772011260.0,65549.0,65591.0,65548.0,65591.0,0.09814531
1772011320.0,65587.0,65626.0,65587.0,65624.0,0.46475996
1772011380.0,65624.0,65629.0,65566.0,65579.0,3.53307189
1772011440.0,65582.0,65588.0,65562.0,65563.0,0.27382572
1772011500.0,65563.0,65563.0,65510.0,65511.0,0.68309787
1772011560.0,65508.0,65524.0,65505.0,65520.0,0.35265292
1772011620.0,65518.0,65543.0,65518.0,65543.0,0.33330637
1772011680.0,65542.0,65542.0,65525.0,65525.0,0.04031565
1772011740.0,65525.0,65539.0,65521.0,65539.0,0.33391404
1772011800.0,65559.0,65560.0,65512.0,65512.0,0.0437933
1772011860.0,65512.0,65512.0,65486.0,65491.0,1.11950086
1772011920.0,65492.0,65492.0,65482.0,65482.0,0.88999907
1772011980.0,65482.0,65515.0,65473.0,65505.0,2.7424963
1772012040.0,65516.0,65516.0,65515.0,65516.0,0.28212225
1772012100.0,65520.0,65520.0,65500.0,65500.0,2.82448325
1772012160.0,65499.0,65503.0,65449.0,65449.0,2.10852143
1772012220.0,65449.0,65471.0,65449.0,65471.0,0.22801633
1772012280.0,65471.0,65471.0,65440.0,65440.0,0.34014924
1772012340.0,65439.0,65471.0,65439.0,65468.0,0.82742158
1772012400.0,65460.0,65460.0,65427.0,65448.0,0.98827789
1772012460.0,65449.0,65449.0,65436.0,65449.0,0.98086556
1772012520.0,65460.0,65460.0,65455.0,65455.0,0.32398529
1772012580.0,65470.0,65470.0,65434.0,65434.0,1.10329525
1772012640.0,65434.0,65454.0,65434.0,65452.0,0.4844514
1772012700.0,65456.0,65467.0,65454.0,65467.0,0.10863698
1772012760.0,65467.0,65483.0,65461.0,65482.0,0.06591612
1772012820.0,65485.0,65488.0,65484.0,65484.0,0.3709419
1772012880.0,65483.0,65518.0,65476.0,65518.0,3.39923945
1772012940.0,65519.0,65534.0,65518.0,65531.0,1.10506635
1772013000.0,65526.0,65545.0,65526.0,65535.0,0.30429604
1772013060.0,65531.0,65553.0,65531.0,65553.0,0.08368203
1772013120.0,65547.0,65547.0,65537.0,65540.0,0.31354912
1772013180.0,65539.0,65555.0,65539.0,65553.0,0.24211467
1772013240.0,65552.0,65552.0,65526.0,65546.0,0.19587866
1772013300.0,65546.0,65546.0,65528.0,65528.0,0.56889881
1772013360.0,65528.0,65531.0,65528.0,65531.0,0.0401521
1772013420.0,65536.0,65553.0,65536.0,65549.0,0.08235507
1772013480.0,65548.0,65569.0,65546.0,65562.0,0.22450205
1772013540.0,65561.0,65561.0,65539.0,65550.0,0.38752288
1772013600.0,65555.0,65563.0,65542.0,65563.0,0.4103664
1772013660.0,65578.0,65601.0,65518.0,65529.0,1.55023251
1772013720.0,65554.0,65563.0,65510.0,65510.0,0.83885363
1772013780.0,65485.0,65486.0,65479.0,65486.0,0.69891542
1772013840.0,65486.0,65514.0,65486.0,65514.0,0.93999174
1772013900.0,65514.0,65530.0,65499.0,65502.0,3.93020579
1772013960.0,65499.0,65499.0,65476.0,65476.0,0.57749974
1772014020.0,65482.0,65488.0,65474.0,65488.0,0.20004289
1772014080.0,65515.0,65525.0,65504.0,65525.0,0.35820343
1772014140.0,65525.0,65547.0,65522.0,65546.0,0.31771715
1772014200.0,65545.0,65545.0,65510.0,65510.0,1.93781753
1772014260.0,65488.0,65490.0,65478.0,65478.0,0.48331373
1772014320.0,65491.0,65505.0,65489.0,65505.0,0.02333408
1772014380.0,65508.0,65539.0,65491.0,65509.0,4.37147313
1772014440.0,65560.0,65561.0,65554.0,65554.0,0.31022943
1772014500.0,65561.0,65646.0,65558.0,65558.0,2.20089963
1772014560.0,65552.0,65556.0,65530.0,65554.0,1.34995442
1772014620.0,65541.0,65541.0,65524.0,65524.0,0.33482439
1772014680.0,65524.0,65546.0,65502.0,65502.0,0.44129418
1772014740.0,65501.0,65501.0,65481.0,65499.0,0.33057627
1772014800.0,65498.0,65498.0,65458.0,65458.0,1.91294249
1772014860.0,65458.0,65460.0,65442.0,65442.0,0.21374946
1772014920.0,65441.0,65441.0,65419.0,65419.0,0.70257963
1772014980.0,65418.0,65419.0,65411.0,65411.0,18.70820583
1772015040.0,65404.0,65407.0,65397.0,65397.0,0.7169868
1772015100.0,65395.0,65395.0,65375.0,65379.0,4.51432417
1772015160.0,65378.0,65378.0,65366.0,65366.0,1.24676396
1772015220.0,65366.0,65411.0,65366.0,65401.0,0.19917249
1772015280.0,65392.0,65407.0,65373.0,65373.0,0.44399915
1772015340.0,65373.0,65373.0,65369.0,65370.0,0.32982265
1772015400.0,65369.0,65369.0,65366.0,65367.0,0.13602885
1772015460.0,65373.0,65388.0,65373.0,65374.0,0.64821366
1772015520.0,65373.0,65373.0,65349.0,65351.0,1.90771588
1772015580.0,65363.0,65364.0,65363.0,65363.0,0.05609937
1772015640.0,65356.0,65364.0,65356.0,65363.0,0.36658563
1772015700.0,65390.0,65393.0,65390.0,65393.0,0.01162705
1772015760.0,65403.0,65417.0,65396.0,65417.0,0.55862973
1772015820.0,65416.0,65417.0,65394.0,65394.0,0.34484895
1772015880.0,65386.0,65389.0,65363.0,65389.0,0.21218725
1772015940.0,65387.0,65398.0,65383.0,65398.0,0.04587465
1772016000.0,65398.0,65409.0,65388.0,65388.0,0.32312457
1772016060.0,65388.0,65400.0,65388.0,65400.0,0.24380329
1772016120.0,65400.0,65400.0,65399.0,65399.0,0.04307153
1772016180.0,65399.0,65409.0,65399.0,65409.0,0.03773063
1772016240.0,65409.0,65418.0,65409.0,65418.0,0.17082306
1772016300.0,65418.0,65418.0,65402.0,65402.0,0.10426022
1772016360.0,65402.0,65427.0,65392.0,65427.0,1.84321589
1772016420.0,65431.0,65510.0,65431.0,65474.0,7.57169873
1772016480.0,65469.0,65473.0,65466.0,65473.0,0.75945268
1772016540.0,65474.0,65493.0,65474.0,65485.0,0.36721328
1772016600.0,65485.0,65485.0,65473.0,65473.0,0.32961797
1772016660.0,65472.0,65472.0,65457.0,65457.0,0.56389581
1772016720.0,65453.0,65453.0,65438.0,65438.0,0.06355429
1772016780.0,65438.0,65438.0,65437.0,65438.0,0.07094957
1772016840.0,65437.0,65438.0,65402.0,65402.0,1.09575499
1772016900.0,65403.0,65418.0,65394.0,65418.0,1.03943927
1772016960.0,65417.0,65417.0,65398.0,65398.0,0.13395311
1772017020.0,65398.0,65398.0,65388.0,65388.0,0.04290706
1772017080.0,65373.0,65374.0,65366.0,65366.0,0.06749438
1772017140.0,65365.0,65397.0,65365.0,65397.0,1.5657917
1772017200.0,65397.0,65397.0,65381.0,65381.0,0.67528761
1772017260.0,65375.0,65375.0,65359.0,65359.0,0.06584817
1772017320.0,65359.0,65359.0,65355.0,65355.0,0.41317734
1772017380.0,65356.0,65356.0,65326.0,65327.0,2.10927837
1772017440.0,65326.0,65342.0,65325.0,65341.0,0.12617762
1772017500.0,65345.0,65345.0,65216.0,65229.0,15.97594516
1772017560.0,65231.0,65251.0,65216.0,65216.0,0.41924817
1772017620.0,65215.0,65257.0,65201.0,65242.0,1.65410271
1772017680.0,65248.0,65287.0,65248.0,65286.0,0.37410405
1772017740.0,65295.0,65295.0,65283.0,65283.0,0.1238637
1772017800.0,65289.0,65297.0,65287.0,65292.0,0.76026587
1772017860.0,65284.0,65336.0,65284.0,65336.0,0.82017875
1772017920.0,65335.0,65335.0,65309.0,65312.0,1.25041041
1772017980.0,65312.0,65314.0,65305.0,65307.0,0.84038325
1772018040.0,65307.0,65307.0,65252.0,65252.0,0.55598087
1772018100.0,65238.0,65255.0,65227.0,65248.0,1.49852917
1772018160.0,65247.0,65248.0,65216.0,65216.0,0.79218175
1772018220.0,65215.0,65218.0,65207.0,65217.0,0.39065987
1772018280.0,65220.0,65240.0,65220.0,65226.0,0.28216949
1772018340.0,65222.0,65222.0,65195.0,65195.0,4.95763536
1772018400.0,65195.0,65208.0,65194.0,65206.0,1.40210171
1772018460.0,65212.0,65262.0,65212.0,65262.0,0.00589491
1772018520.0,65286.0,65377.0,65286.0,65348.0,6.22489399
1772018580.0,65337.0,65351.0,65331.0,65347.0,0.63190659
1772018640.0,65342.0,65359.0,65333.0,65333.0,0.54812476
1772018700.0,65333.0,65367.0,65331.0,65364.0,0.40596949
1772018760.0,65360.0,65360.0,65337.0,65340.0,0.35840617
1772018820.0,65349.0,65358.0,65349.0,65358.0,0.48632659
1772018880.0,65358.0,65370.0,65357.0,65370.0,0.29241755
1772018940.0,65371.0,65372.0,65369.0,65371.0,0.02198061
1772019000.0,65355.0,65356.0,65330.0,65330.0,0.88610128
1772019060.0,65328.0,65340.0,65328.0,65337.0,0.45856095
1772019120.0,65338.0,65347.0,65338.0,65347.0,0.37253763
1772019180.0,65353.0,65372.0,65353.0,65371.0,0.77149613
1772019240.0,65372.0,65377.0,65359.0,65359.0,0.37407254
1772019300.0,65352.0,65363.0,65350.0,65363.0,0.39371823
1772019360.0,65363.0,65387.0,65363.0,65373.0,3.15281809
1772019420.0,65377.0,65397.0,65354.0,65397.0,1.00071495
1772019480.0,65406.0,65441.0,65406.0,65425.0,0.84683767
1772019540.0,65426.0,65450.0,65417.0,65450.0,19.861207
1772019600.0,65450.0,65473.0,65450.0,65458.0,4.22426431
1772019660.0,65453.0,65453.0,65411.0,65428.0,0.52234038
1772019720.0,65429.0,65429.0,65411.0,65411.0,0.27858021
1772019780.0,65411.0,65411.0,65381.0,65392.0,0.77939479
1772019840.0,65388.0,65419.0,65388.0,65419.0,0.23459592
1772019900.0,65422.0,65422.0,65412.0,65412.0,0.2886409
1772019960.0,65413.0,65413.0,65408.0,65413.0,0.35762643
1772020020.0,65413.0,65414.0,65398.0,65411.0,1.68737491
1772020080.0,65408.0,65409.0,65404.0,65409.0,0.06837874
1772020140.0,65412.0,65412.0,65394.0,65394.0,0.63976548
1772020200.0,65393.0,65393.0,65385.0,65385.0,0.23448028
1772020260.0,65384.0,65398.0,65384.0,65396.0,0.19712516
1772020320.0,65395.0,65407.0,65388.0,65407.0,0.64144346
1772020380.0,65410.0,65414.0,65410.0,65414.0,1.00895789
1772020440.0,65414.0,65414.0,65413.0,65414.0,0.01571877
1772020500.0,65413.0,65413.0,65397.0,65397.0,0.2005269
1772020560.0,65397.0,65399.0,65389.0,65395.0,0.56565061
1772020620.0,65395.0,65398.0,65395.0,65398.0,0.03993517
1772020680.0,65397.0,65397.0,65371.0,65371.0,0.56852076
1772020740.0,65380.0,65422.0,65380.0,65422.0,0.82486177
1772020800.0,65421.0,65430.0,65400.0,65400.0,0.63361541
1772020860.0,65401.0,65438.0,65399.0,65438.0,0.64288308
1772020920.0,65438.0,65505.0,65436.0,65461.0,5.28176642
1772020980.0,65460.0,65460.0,65424.0,65425.0,0.96838304
1772021040.0,65429.0,65429.0,65397.0,65400.0,0.20281995
1772021100.0,65400.0,65439.0,65400.0,65426.0,0.58330406
1772021160.0,65426.0,65426.0,65325.0,65330.0,2.05815507
1772021220.0,65325.0,65393.0,65325.0,65390.0,0.38857844
1772021280.0,65390.0,65435.0,65390.0,65419.0,0.15466809
1772021340.0,65420.0,65470.0,65407.0,65465.0,6.52886502
1772021400.0,65465.0,65499.0,65465.0,65496.0,0.73385075
1772021460.0,65496.0,65496.0,65477.0,65477.0,0.50999694
1772021520.0,65477.0,65485.0,65476.0,65485.0,0.40900965
1772021580.0,65493.0,65493.0,65486.0,65488.0,0.58694866
1772021640.0,65488.0,65499.0,65487.0,65496.0,0.13731391
1772021700.0,65495.0,65591.0,65487.0,65567.0,15.06196369
1772021760.0,65554.0,65554.0,65507.0,65544.0,0.65687212
1772021820.0,65543.0,65547.0,65516.0,65516.0,0.71886508
1772021880.0,65515.0,65526.0,65509.0,65524.0,0.51540122
1772021940.0,65540.0,65758.0,65540.0,65696.0,29.53074844
1772022000.0,65706.0,65788.0,65693.0,65770.0,9.44792603
1772022060.0,65778.0,65796.0,65750.0,65789.0,1.53422809
1772022120.0,65792.0,65898.0,65769.0,65890.0,13.52720617
1772022180.0,65889.0,65918.0,65863.0,65873.0,17.53364131
1772022240.0,65869.0,65870.0,65751.0,65761.0,2.88594344
1772022300.0,65768.0,65787.0,65743.0,65743.0,1.47085154
1772022360.0,65743.0,65771.0,65743.0,65767.0,1.4598941
1772022420.0,65768.0,65774.0,65765.0,65766.0,1.10590226
1772022480.0,65766.0,65782.0,65766.0,65782.0,2.81552511
1772022540.0,65793.0,65806.0,65777.0,65777.0,0.90262554
1772022600.0,65776.0,65820.0,65768.0,65769.0,1.34985153
1772022660.0,65758.0,65758.0,65741.0,65743.0,1.92490515
1772022720.0,65743.0,65796.0,65743.0,65788.0,1.09900931
1772022780.0,65787.0,65861.0,65787.0,65829.0,3.63224094
1772022840.0,65829.0,65831.0,65788.0,65797.0,12.5601017
1772022900.0,65798.0,65800.0,65789.0,65800.0,2.59863036
1772022960.0,65810.0,65867.0,65810.0,65865.0,3.55884869
1772023020.0,65862.0,65862.0,65797.0,65807.0,8.58673012
1772023080.0,65807.0,65807.0,65758.0,65782.0,6.58606965
1772023140.0,65775.0,65775.0,65752.0,65761.0,2.32188349
1772023200.0,65761.0,65819.0,65761.0,65790.0,0.60381555
1772023260.0,65789.0,65835.0,65785.0,65834.0,3.91137077
1772023320.0,65832.0,65848.0,65832.0,65832.0,0.13243446
1772023380.0,65828.0,65828.0,65803.0,65825.0,0.40638566
1772023440.0,65829.0,65850.0,65829.0,65838.0,0.80757931
1772023500.0,65839.0,65852.0,65823.0,65833.0,1.0748399
1772023560.0,65837.0,65873.0,65837.0,65850.0,0.87359117
1772023620.0,65854.0,65854.0,65840.0,65841.0,0.12663299
1772023680.0,65841.0,65895.0,65841.0,65880.0,0.51348787
1772023740.0,65858.0,66007.0,65858.0,66001.0,13.28384881
1772023800.0,66008.0,66144.0,66008.0,66046.0,25.36126397
1772023860.0,66032.0,66075.0,66021.0,66047.0,2.11189062
1772023920.0,66038.0,66203.0,66004.0,66190.0,27.47504354
1772023980.0,66182.0,66185.0,66152.0,66152.0,2.90829716
1772024040.0,66152.0,66224.0,66140.0,66140.0,19.70118862
1772024100.0,66139.0,66148.0,66011.0,66011.0,7.00152275
1772024160.0,65994.0,66067.0,65994.0,66058.0,2.00070655
1772024220.0,66054.0,66054.0,66003.0,66017.0,0.86678935
1772024280.0,66017.0,66030.0,66017.0,66026.0,0.14035904
1772024340.0,66032.0,66066.0,66022.0,66064.0,2.3252108
1772024400.0,66065.0,66100.0,66037.0,66097.0,7.16180655
1772024460.0,66108.0,66172.0,66092.0,66092.0,4.1562261
1772024520.0,66074.0,66148.0,66060.0,66139.0,6.25216468
1772024580.0,66139.0,66240.0,66139.0,66153.0,7.13041528
1772024640.0,66153.0,66157.0,66096.0,66115.0,8.08052853
1772024700.0,66115.0,66181.0,66080.0,66181.0,9.34900804
1772024760.0,66190.0,66256.0,66168.0,66256.0,5.07536412
1772024820.0,66256.0,66272.0,66185.0,66185.0,11.43782405
1772024880.0,66183.0,66210.0,66163.0,66163.0,7.94165154
1772024940.0,66160.0,66160.0,66107.0,66107.0,2.52030209
1772025000.0,66107.0,66136.0,66092.0,66093.0,0.61450218
1772025060.0,66093.0,66114.0,66092.0,66109.0,0.24823121
1772025120.0,66109.0,66132.0,66060.0,66060.0,3.33143811
1772025180.0,66051.0,66079.0,66051.0,66079.0,0.38391273
1772025240.0,66075.0,66077.0,66046.0,66046.0,0.67405292
1772025300.0,66046.0,66066.0,66027.0,66036.0,1.00805239
1772025360.0,66040.0,66095.0,66040.0,66063.0,0.67123568
1772025420.0,66061.0,66085.0,66050.0,66084.0,2.64837331
1772025480.0,66080.0,66132.0,66078.0,66115.0,2.34124537
1772025540.0,66107.0,66109.0,66091.0,66091.0,1.23214848
1772025600.0,66090.0,66090.0,66019.0,66019.0,3.97244262
1772025660.0,66025.0,66044.0,66025.0,66030.0,0.27094359
1772025720.0,66030.0,66058.0,66022.0,66058.0,6.52250287
1772025780.0,66058.0,66128.0,66058.0,66104.0,1.37862466
1772025840.0,66103.0,66103.0,66069.0,66091.0,4.37571222
1772025900.0,66091.0,66190.0,66089.0,66151.0,6.85186045
1772025960.0,66142.0,66178.0,66132.0,66132.0,1.73403173
1772026020.0,66132.0,66274.0,66132.0,66153.0,19.4260102
1772026080.0,66149.0,66248.0,66149.0,66212.0,9.47587625
1772026140.0,66215.0,66215.0,66184.0,66186.0,3.90078634
1772026200.0,66177.0,66181.0,66153.0,66168.0,0.67481191
1772026260.0,66159.0,66193.0,66159.0,66181.0,1.37491498
1772026320.0,66181.0,66192.0,66171.0,66183.0,5.66481308
1772026380.0,66183.0,66203.0,66153.0,66153.0,0.43043175
1772026440.0,66146.0,66176.0,66143.0,66175.0,0.69671127
1772026500.0,66176.0,66194.0,66161.0,66170.0,2.13615547
1772026560.0,66170.0,66248.0,66170.0,66247.0,3.64150426
1772026620.0,66246.0,66295.0,66246.0,66291.0,6.31610445
1772026680.0,66291.0,66295.0,66278.0,66278.0,0.79696884
1772026740.0,66281.0,66296.0,66270.0,66270.0,3.55998412
1772026800.0,66262.0,66304.0,66262.0,66300.0,1.20191747
1772026860.0,66295.0,66317.0,66289.0,66317.0,1.94175829
1772026920.0,66319.0,66399.0,66319.0,66399.0,8.66656924
1772026980.0,66398.0,66413.0,66307.0,66324.0,5.3808406
1772027040.0,66299.0,66342.0,66294.0,66338.0,1.88250007
1772027100.0,66315.0,66376.0,66310.0,66373.0,1.35557381
1772027160.0,66373.0,66423.0,66326.0,66326.0,4.39180525
1772027220.0,66346.0,66486.0,66346.0,66486.0,9.84154462
1772027280.0,66478.0,66543.0,66476.0,66521.0,9.20381002
1772027340.0,66521.0,66663.0,66499.0,66654.0,18.15164542
1772027400.0,66642.0,66642.0,66462.0,66462.0,5.20968617
1772027460.0,66456.0,66456.0,66383.0,66383.0,27.80444343
1772027520.0,66384.0,66406.0,66360.0,66406.0,2.73971245
1772027580.0,66406.0,66406.0,66336.0,66340.0,2.18540734
1772027640.0,66340.0,66342.0,66311.0,66311.0,3.18056669
1772027700.0,66305.0,66324.0,66305.0,66312.0,0.34431825
1772027760.0,66312.0,66312.0,66240.0,66246.0,5.43956041
1772027820.0,66247.0,66312.0,66247.0,66268.0,1.77283289
1772027880.0,66268.0,66268.0,66224.0,66229.0,4.76546798
1772027940.0,66228.0,66244.0,66228.0,66241.0,0.38572575
1772028000.0,66250.0,66272.0,66225.0,66229.0,0.53197412
1772028060.0,66224.0,66252.0,66219.0,66237.0,0.47280904
1772028120.0,66247.0,66314.0,66244.0,66279.0,2.34745257
1772028180.0,66291.0,66316.0,66284.0,66309.0,0.37590919
1772028240.0,66308.0,66308.0,66298.0,66298.0,0.51734642
1772028300.0,66304.0,66354.0,66304.0,66354.0,2.41721846
1772028360.0,66353.0,66448.0,66348.0,66431.0,35.76663234
1772028420.0,66430.0,66430.0,66346.0,66395.0,7.06407761
1772028480.0,66400.0,66471.0,66386.0,66458.0,7.5048594
1772028540.0,66465.0,66465.0,66414.0,66440.0,2.95091069
1772028600.0,66440.0,66471.0,66429.0,66461.0,2.5481284
1772028660.0,66465.0,66471.0,66437.0,66470.0,2.89190842
1772028720.0,66471.0,66471.0,66470.0,66471.0,0.33442145
1772028780.0,66471.0,66479.0,66470.0,66475.0,15.29781512
1772028840.0,66479.0,66479.0,66476.0,66479.0,1.8672607
1772028900.0,66478.0,66479.0,66437.0,66470.0,2.36588633
1772028960.0,66471.0,66575.0,66471.0,66512.0,10.3503335
1772029020.0,66526.0,66547.0,66459.0,66473.0,2.089537
1772029080.0,66473.0,66528.0,66468.0,66526.0,0.81008622
1772029140.0,66525.0,66525.0,66489.0,66506.0,1.10231302
1772029200.0,66499.0,66562.0,66497.0,66562.0,2.48766919
1772029260.0,66564.0,66583.0,66536.0,66548.0,1.69396174
1772029320.0,66546.0,66548.0,66517.0,66548.0,0.44040219
1772029380.0,66557.0,66568.0,66525.0,66560.0,0.51500288
1772029440.0,66558.0,66565.0,66556.0,66560.0,1.26031034
1772029500.0,66557.0,66558.0,66544.0,66546.0,0.94025802
1772029560.0,66545.0,66588.0,66538.0,66579.0,1.61887182
1772029620.0,66578.0,66615.0,66572.0,66612.0,4.05427838
1772029680.0,66605.0,66605.0,66558.0,66575.0,1.52175388
1772029740.0,66574.0,66591.0,66570.0,66573.0,0.94864536
1772029800.0,66577.0,66606.0,66512.0,66512.0,3.72819061
1772029860.0,66511.0,66615.0,66497.0,66615.0,4.52036536
1772029920.0,66615.0,66797.0,66479.0,66479.0,30.82714243
1772029980.0,66479.0,66630.0,66479.0,66581.0,32.51233813
1772030040.0,66579.0,66620.0,66498.0,66542.0,2.90567692
1772030100.0,66558.0,66580.0,66312.0,66334.0,22.70392629
1772030160.0,66334.0,66435.0,66319.0,66372.0,9.04213726
1772030220.0,66374.0,66374.0,66264.0,66336.0,25.48615196
1772030280.0,66329.0,66349.0,66271.0,66320.0,5.80518268
1772030340.0,66310.0,66346.0,66259.0,66259.0,7.36467439
1772030400.0,66256.0,66471.0,66217.0,66451.0,6.94996712
1772030460.0,66451.0,66451.0,66356.0,66363.0,17.51020115
1772030520.0,66359.0,66359.0,66255.0,66320.0,19.0030752
1772030580.0,66319.0,66325.0,66227.0,66234.0,2.97025248
1772030640.0,66230.0,66256.0,66217.0,66255.0,3.40244387
1772030700.0,66255.0,66431.0,66250.0,66431.0,3.93020685
1772030760.0,66415.0,66583.0,66346.0,66574.0,27.81332089
1772030820.0,66574.0,66842.0,66559.0,66751.0,24.71611688
1772030880.0,66751.0,66751.0,66647.0,66714.0,6.56070034
1772030940.0,66706.0,66855.0,66690.0,66792.0,6.70873755
1772031000.0,66791.0,66880.0,66739.0,66784.0,12.40478407
1772031060.0,66782.0,66862.0,66743.0,66833.0,9.96738301
1772031120.0,66835.0,66903.0,66748.0,66748.0,12.75510214
1772031180.0,66748.0,66749.0,66660.0,66705.0,6.75012635
1772031240.0,66700.0,66751.0,66689.0,66689.0,22.5388956
1772031300.0,66693.0,66770.0,66686.0,66744.0,9.21597604
1772031360.0,66745.0,66828.0,66743.0,66802.0,7.22855109
1772031420.0,66801.0,66886.0,66781.0,66885.0,5.92181796
1772031480.0,66876.0,66943.0,66876.0,66903.0,7.72402029
1772031540.0,66904.0,67005.0,66842.0,66959.0,8.03392975
1772031600.0,66969.0,67064.0,66964.0,67003.0,10.3572882
1772031660.0,67011.0,67168.0,66991.0,67114.0,13.07803116
1772031720.0,67114.0,67162.0,67066.0,67134.0,11.76997769
1772031780.0,67134.0,67225.0,67134.0,67210.0,12.2498831
1772031840.0,67209.0,67233.0,67124.0,67124.0,14.07645944
1772031900.0,67114.0,67114.0,66972.0,66973.0,8.57606945
1772031960.0,66967.0,66970.0,66815.0,66849.0,39.91173456
1772032020.0,66842.0,66886.0,66825.0,66862.0,3.82784748
1772032080.0,66861.0,66891.0,66815.0,66891.0,3.89192317
1772032140.0,66887.0,66887.0,66812.0,66825.0,3.56032776
1772032200.0,66830.0,66877.0,66776.0,66839.0,4.76866329
1772032260.0,66832.0,66870.0,66824.0,66854.0,3.00736379
1772032320.0,66853.0,66862.0,66808.0,66858.0,2.0343124
1772032380.0,66858.0,66889.0,66845.0,66889.0,4.59885894
1772032440.0,66892.0,66892.0,66847.0,66847.0,1.42948051
1772032500.0,66847.0,66996.0,66847.0,66971.0,4.61681817
1772032560.0,66971.0,66972.0,66890.0,66963.0,3.99414223
1772032620.0,66970.0,67014.0,66940.0,66976.0,4.98586366
1772032680.0,67000.0,67000.0,66920.0,66929.0,4.00834386
1772032740.0,66922.0,66922.0,66829.0,66858.0,2.76922359
1772032800.0,66857.0,66857.0,66766.0,66766.0,11.96339018
1772032860.0,66768.0,66835.0,66760.0,66790.0,3.81517496
1772032920.0,66790.0,66839.0,66731.0,66746.0,5.39742071
1772032980.0,66747.0,66834.0,66747.0,66834.0,3.49891489
1772033040.0,66834.0,66870.0,66834.0,66860.0,6.11143065
1772033100.0,66860.0,66932.0,66850.0,66932.0,23.97371928
1772033160.0,66930.0,67050.0,66923.0,66996.0,19.43528977
1772033220.0,66993.0,67016.0,66958.0,67016.0,2.91318154
1772033280.0,67015.0,67031.0,66994.0,67020.0,1.53994855
1772033340.0,67015.0,67063.0,66994.0,67063.0,1.52352185
1772033400.0,67076.0,67082.0,66968.0,67013.0,3.39560181
1772033460.0,67013.0,67202.0,67013.0,67202.0,41.23763122
1772033520.0,67204.0,67225.0,67191.0,67201.0,5.62975541
1772033580.0,67201.0,67407.0,67162.0,67385.0,21.85310722
1772033640.0,67386.0,67411.0,67236.0,67239.0,15.17356322
1772033700.0,67239.0,67451.0,67239.0,67426.0,14.97854195
1772033760.0,67425.0,67484.0,67366.0,67387.0,11.10609308
1772033820.0,67385.0,67386.0,67302.0,67345.0,4.22086352
1772033880.0,67344.0,67344.0,67313.0,67340.0,3.20861287
1772033940.0,67340.0,67373.0,67312.0,67332.0,4.37447055
1772034000.0,67327.0,67375.0,67302.0,67346.0,2.89324231
1772034060.0,67337.0,67380.0,67321.0,67380.0,3.10431672
1772034120.0,67380.0,67453.0,67366.0,67440.0,2.35826553
1772034180.0,67453.0,67528.0,67395.0,67523.0,19.85614937
1772034240.0,67522.0,67532.0,67492.0,67518.0,4.60539745
1772034300.0,67517.0,67548.0,67444.0,67467.0,10.29978557
1772034360.0,67466.0,67573.0,67455.0,67573.0,10.53373512
1772034420.0,67572.0,67572.0,67445.0,67477.0,9.1875436
1772034480.0,67476.0,67487.0,67444.0,67464.0,6.62859114
1772034540.0,67465.0,67541.0,67453.0,67520.0,2.95357097
1772034600.0,67526.0,67529.0,67442.0,67442.0,7.98994201
1772034660.0,67442.0,67459.0,67346.0,67401.0,6.27549487
1772034720.0,67401.0,67418.0,67351.0,67357.0,3.19017942
1772034780.0,67351.0,67370.0,67319.0,67335.0,4.48553157
1772034840.0,67335.0,67363.0,67323.0,67335.0,2.42378473
1772034900.0,67336.0,67363.0,67299.0,67315.0,2.26777759
1772034960.0,67315.0,67364.0,67297.0,67307.0,3.1260313
1772035020.0,67312.0,67364.0,67277.0,67303.0,4.97319658
1772035080.0,67304.0,67318.0,67225.0,67285.0,5.74568409
1772035140.0,67285.0,67427.0,67285.0,67419.0,3.79005652
1772035200.0,67419.0,67509.0,67415.0,67507.0,7.93563877
1772035260.0,67504.0,67509.0,67441.0,67500.0,7.62687328
1772035320.0,67500.0,67527.0,67468.0,67478.0,3.2343607
1772035380.0,67478.0,67522.0,67426.0,67428.0,4.82440869
1772035440.0,67427.0,67461.0,67416.0,67457.0,4.3703482
1772035500.0,67456.0,67531.0,67413.0,67502.0,5.03444251
1772035560.0,67502.0,67625.0,67502.0,67584.0,7.99229611
1772035620.0,67583.0,67712.0,67579.0,67639.0,10.32690601
1772035680.0,67627.0,67627.0,67520.0,67524.0,6.62580246
1772035740.0,67515.0,67532.0,67453.0,67462.0,4.27201251
1772035800.0,67480.0,67592.0,67480.0,67592.0,2.83983924
1772035860.0,67591.0,67631.0,67586.0,67631.0,8.60073079
1772035920.0,67631.0,67759.0,67596.0,67759.0,18.30298936
1772035980.0,67759.0,67764.0,67672.0,67672.0,11.14652191
1772036040.0,67672.0,67675.0,67610.0,67610.0,7.2794229
1772036100.0,67610.0,67719.0,67589.0,67701.0,11.21488677
1772036160.0,67677.0,67750.0,67672.0,67693.0,4.92786016
1772036220.0,67695.0,67764.0,67678.0,67759.0,3.84278685
1772036280.0,67761.0,67881.0,67748.0,67825.0,20.81264261
1772036340.0,67822.0,67881.0,67820.0,67858.0,3.95258567
1772036400.0,67844.0,67897.0,67766.0,67896.0,3.61972121
1772036460.0,67895.0,67895.0,67828.0,67871.0,10.90436432
1772036520.0,67862.0,67915.0,67842.0,67915.0,5.31446107
1772036580.0,67923.0,67987.0,67902.0,67987.0,6.77228977
1772036640.0,67987.0,68017.0,67941.0,68010.0,6.39499815
1772036700.0,68018.0,68093.0,67952.0,67971.0,32.95673799
1772036760.0,67971.0,67974.0,67823.0,67845.0,3.33397788
1772036820.0,67863.0,68053.0,67863.0,68001.0,6.7048954
1772036880.0,67998.0,67998.0,67955.0,67962.0,0.43904677
1772036940.0,67962.0,67962.0,67874.0,67875.0,8.67110415
1772037000.0,67881.0,67897.0,67863.0,67887.0,2.47540053
1772037060.0,67887.0,67981.0,67879.0,67980.0,7.74554227
1772037120.0,67980.0,67987.0,67897.0,67904.0,7.58658536
1772037180.0,67927.0,67941.0,67876.0,67935.0,2.31256301
1772037240.0,67935.0,67935.0,67834.0,67867.0,4.9905051
1772037300.0,67867.0,68008.0,67864.0,67991.0,3.74253791
1772037360.0,67991.0,68001.0,67960.0,67971.0,3.75386375
1772037420.0,67970.0,67996.0,67954.0,67973.0,1.67316997
1772037480.0,67972.0,67972.0,67915.0,67915.0,3.80992088
1772037540.0,67932.0,67939.0,67889.0,67889.0,1.53523625
1772037600.0,67889.0,67921.0,67889.0,67920.0,0.80460233
1772037660.0,67928.0,67941.0,67912.0,67914.0,1.00526559
1772037720.0,67921.0,67983.0,67904.0,67982.0,0.79459607
1772037780.0,67977.0,67989.0,67973.0,67974.0,1.75808566
1772037840.0,67974.0,67978.0,67954.0,67960.0,1.44782321
1772037900.0,67974.0,68041.0,67972.0,68023.0,1.10463324
1772037960.0,68022.0,68104.0,68013.0,68022.0,4.22319782
1772038020.0,68022.0,68118.0,68022.0,68076.0,4.02414999
1772038080.0,68073.0,68106.0,68073.0,68086.0,1.0892875
1772038140.0,68065.0,68111.0,68062.0,68111.0,2.49575441
1772038200.0,68102.0,68115.0,68040.0,68046.0,2.12775591
1772038260.0,68046.0,68085.0,68008.0,68059.0,1.81438988
1772038320.0,68059.0,68061.0,68027.0,68052.0,0.94385711
1772038380.0,68058.0,68088.0,68048.0,68068.0,2.80841251
1772038440.0,68058.0,68069.0,68026.0,68055.0,3.6890116
1772038500.0,68048.0,68065.0,68023.0,68065.0,2.65400783
1772038560.0,68068.0,68212.0,68068.0,68212.0,17.17122667
1772038620.0,68215.0,68238.0,68214.0,68227.0,5.04224334
1772038680.0,68243.0,68300.0,68217.0,68300.0,14.29613698
1772038740.0,68299.0,68330.0,68274.0,68308.0,22.6424432
1772038800.0,68307.0,68307.0,68221.0,68257.0,11.53269923
1772038860.0,68274.0,68470.0,68253.0,68470.0,53.47910002
1772038920.0,68469.0,68496.0,68404.0,68495.0,12.2174474
1772038980.0,68495.0,68498.0,68246.0,68259.0,15.73877345
1772039040.0,68262.0,68262.0,68200.0,68206.0,6.67632935
1772039100.0,68208.0,68237.0,68136.0,68144.0,7.18590398
1772039160.0,68144.0,68178.0,68071.0,68074.0,9.13516581
1772039220.0,68084.0,68150.0,68046.0,68092.0,13.76527293
1772039280.0,68108.0,68194.0,68050.0,68187.0,10.36772264
1772039340.0,68191.0,68319.0,68183.0,68309.0,15.99653958
1772039400.0,68309.0,68541.0,68308.0,68541.0,6.26720947
1772039460.0,68541.0,68612.0,68521.0,68594.0,9.043111
1772039520.0,68595.0,68681.0,68508.0,68510.0,16.61356509
1772039580.0,68468.0,68582.0,68456.0,68533.0,18.65445158
1772039640.0,68532.0,68533.0,68497.0,68531.0,3.88183514
1772039700.0,68529.0,68585.0,68501.0,68585.0,6.865374
1772039760.0,68578.0,68607.0,68505.0,68583.0,6.90125789
1772039820.0,68583.0,68615.0,68544.0,68564.0,7.81375231
1772039880.0,68564.0,68567.0,68300.0,68300.0,15.16368056
1772039940.0,68300.0,68364.0,68300.0,68306.0,8.82063917
1772040000.0,68307.0,68358.0,68307.0,68357.0,6.1241924
1772040060.0,68363.0,68439.0,68363.0,68430.0,9.08784702
1772040120.0,68438.0,68611.0,68433.0,68611.0,4.00562445
1772040180.0,68640.0,68675.0,68594.0,68626.0,12.72090571
1772040240.0,68638.0,68686.0,68634.0,68686.0,4.81199788
1772040300.0,68685.0,68705.0,68609.0,68611.0,9.43022835
1772040360.0,68607.0,68635.0,68547.0,68634.0,9.60018474
1772040420.0,68634.0,68636.0,68549.0,68550.0,10.71319094
1772040480.0,68550.0,68654.0,68550.0,68581.0,7.44227191
1772040540.0,68581.0,68608.0,68544.0,68588.0,6.00237338
1772040600.0,68590.0,68645.0,68561.0,68644.0,7.16550753
1772040660.0,68652.0,68674.0,68561.0,68561.0,8.89586154
1772040720.0,68558.0,68558.0,68437.0,68456.0,6.20036166
1772040780.0,68466.0,68526.0,68426.0,68526.0,6.30456875
1772040840.0,68527.0,68572.0,68521.0,68521.0,6.20108604
1772040900.0,68522.0,68609.0,68522.0,68593.0,7.12384269
1772040960.0,68592.0,68592.0,68534.0,68576.0,4.10687055
1772041020.0,68590.0,68697.0,68590.0,68613.0,10.76699546
1772041080.0,68613.0,68613.0,68521.0,68566.0,12.58465381
1772041140.0,68573.0,68599.0,68567.0,68599.0,3.74784433
1772041200.0,68599.0,68637.0,68578.0,68626.0,8.05066542
1772041260.0,68625.0,68692.0,68623.0,68682.0,6.12767721
1772041320.0,68681.0,68781.0,68669.0,68732.0,11.82382909
1772041380.0,68751.0,68783.0,68730.0,68743.0,8.63342048
1772041440.0,68741.0,68780.0,68659.0,68752.0,2.95030107
1772041500.0,68783.0,68858.0,68691.0,68704.0,23.07147234
1772041560.0,68704.0,68733.0,68702.0,68710.0,5.62195569
1772041620.0,68710.0,68730.0,68693.0,68722.0,2.45232586
1772041680.0,68731.0,68735.0,68718.0,68728.0,1.5607831
1772041740.0,68728.0,68753.0,68728.0,68753.0,0.52054407
1772041800.0,68801.0,68889.0,68801.0,68835.0,5.96969641
1772041860.0,68821.0,68888.0,68821.0,68847.0,3.93455597
1772041920.0,68856.0,68858.0,68788.0,68792.0,1.46083006
1772041980.0,68792.0,68807.0,68747.0,68784.0,1.10395307
1772042040.0,68786.0,68800.0,68713.0,68749.0,6.19648805
1772042100.0,68749.0,68760.0,68637.0,68647.0,5.56241171
1772042160.0,68652.0,68685.0,68643.0,68678.0,2.37443468
1772042220.0,68687.0,68687.0,68626.0,68626.0,0.88594297
1772042280.0,68623.0,68635.0,68618.0,68629.0,0.59253158
1772042340.0,68629.0,68743.0,68629.0,68691.0,2.68067115
1772042400.0,68689.0,68727.0,68668.0,68668.0,2.04907236
1772042460.0,68668.0,68694.0,68620.0,68634.0,2.39088699
1772042520.0,68633.0,68633.0,68368.0,68474.0,23.71124148
1772042580.0,68475.0,68484.0,68399.0,68399.0,6.55270622
1772042640.0,68402.0,68456.0,68396.0,68450.0,6.31105203
1772042700.0,68451.0,68541.0,68451.0,68530.0,3.78349219
1772042760.0,68530.0,68568.0,68495.0,68568.0,1.66879394
1772042820.0,68569.0,68683.0,68553.0,68656.0,2.31898916
1772042880.0,68655.0,68695.0,68631.0,68693.0,4.1273808
1772042940.0,68693.0,68769.0,68675.0,68767.0,5.2199375
1772043000.0,68767.0,68847.0,68759.0,68840.0,3.36138233
1772043060.0,68849.0,68924.0,68849.0,68881.0,8.50212206
1772043120.0,68902.0,68915.0,68851.0,68875.0,6.35795527
1772043180.0,68875.0,68899.0,68854.0,68899.0,5.54871853
1772043240.0,68899.0,68918.0,68875.0,68889.0,2.7261636
1772043300.0,68886.0,68886.0,68793.0,68858.0,5.09808648
1772043360.0,68848.0,68909.0,68816.0,68904.0,4.30558311
1772043420.0,68900.0,68971.0,68818.0,68869.0,10.4728461
1772043480.0,68879.0,68892.0,68778.0,68783.0,7.57396215
1772043540.0,68782.0,68835.0,68728.0,68825.0,6.55795908
1772043600.0,68825.0,68926.0,68822.0,68886.0,20.09262244
1772043660.0,68886.0,68926.0,68886.0,68902.0,6.80464159
1772043720.0,68902.0,68982.0,68893.0,68982.0,2.79063196
1772043780.0,68982.0,69087.0,68980.0,69064.0,5.98459281
1772043840.0,69064.0,69067.0,68963.0,68963.0,8.4226688
1772043900.0,68963.0,69009.0,68946.0,68991.0,2.16517968
1772043960.0,68988.0,69097.0,68985.0,69096.0,2.28236482
1772044020.0,69096.0,69123.0,69088.0,69123.0,6.76516958
1772044080.0,69123.0,69395.0,69090.0,69374.0,26.90692836
1772044140.0,69374.0,69480.0,69311.0,69345.0,18.28053238
1772044200.0,69347.0,69372.0,69265.0,69327.0,4.99696848
1772044260.0,69333.0,69437.0,69322.0,69418.0,4.78959453
1772044320.0,69417.0,69417.0,69291.0,69317.0,5.59267152
1772044380.0,69309.0,69325.0,69221.0,69325.0,4.77840229
1772044440.0,69325.0,69347.0,69281.0,69321.0,1.73289992
1772044500.0,69331.0,69480.0,69331.0,69409.0,4.46208214
1772044560.0,69409.0,69480.0,69409.0,69456.0,11.57057096
1772044620.0,69480.0,69505.0,69463.0,69505.0,11.41333742
1772044680.0,69505.0,69513.0,69429.0,69505.0,4.00256315
1772044740.0,69505.0,69535.0,69459.0,69459.0,3.26361886
1772044800.0,69467.0,69492.0,69419.0,69432.0,3.05550619
1772044860.0,69425.0,69533.0,69419.0,69533.0,4.02975107
1772044920.0,69545.0,69562.0,69462.0,69502.0,5.28009668
1772044980.0,69502.0,69506.0,69460.0,69468.0,5.9572631
1772045040.0,69468.0,69516.0,69468.0,69512.0,1.88160636
1772045100.0,69491.0,69523.0,69358.0,69367.0,5.82658531
1772045160.0,69354.0,69433.0,69329.0,69329.0,3.62499555
1772045220.0,69330.0,69376.0,69330.0,69357.0,2.07384116
1772045280.0,69351.0,69356.0,69320.0,69330.0,1.89804592
1772045340.0,69330.0,69389.0,69304.0,69306.0,1.48386533
1772045400.0,69315.0,69384.0,69304.0,69332.0,2.55744896
1772045460.0,69329.0,69387.0,69303.0,69314.0,2.07530129
1772045520.0,69316.0,69401.0,69314.0,69401.0,3.61893386
1772045580.0,69416.0,69506.0,69360.0,69362.0,3.92301057
1772045640.0,69359.0,69359.0,69288.0,69326.0,3.59131802
1772045700.0,69327.0,69362.0,69303.0,69362.0,3.12805685
1772045760.0,69362.0,69405.0,69355.0,69384.0,4.58826503
1772045820.0,69383.0,69404.0,69368.0,69376.0,2.62853005
1772045880.0,69376.0,69380.0,69334.0,69359.0,2.00162686
1772045940.0,69367.0,69367.0,69345.0,69347.0,1.40393737
1772046000.0,69347.0,69424.0,69283.0,69285.0,3.7304499
1772046060.0,69292.0,69327.0,69243.0,69244.0,3.20926516
1772046120.0,69244.0,69269.0,69194.0,69253.0,4.59339499
1772046180.0,69244.0,69244.0,69154.0,69178.0,4.43779751
1772046240.0,69175.0,69179.0,69081.0,69132.0,2.85308199
1772046300.0,69160.0,69220.0,69146.0,69146.0,11.27903814
1772046360.0,69141.0,69141.0,69003.0,69039.0,2.82636815
1772046420.0,69035.0,69126.0,69035.0,69123.0,4.18638591
1772046480.0,69140.0,69165.0,69124.0,69146.0,2.17196982
1772046540.0,69146.0,69150.0,69076.0,69076.0,1.11700854
1772046600.0,69055.0,69071.0,68981.0,69018.0,2.01284916
1772046660.0,69005.0,69005.0,68822.0,68833.0,2.78838383
1772046720.0,68833.0,68940.0,68831.0,68897.0,2.30853981
1772046780.0,68894.0,68894.0,68857.0,68864.0,1.14896366
1772046840.0,68864.0,68967.0,68864.0,68928.0,4.92158128
1772046900.0,68954.0,69004.0,68935.0,69001.0,4.55264608
1772046960.0,68988.0,69023.0,68969.0,68982.0,7.17465265
1772047020.0,69000.0,69000.0,68954.0,68967.0,8.02488996
1772047080.0,68960.0,68983.0,68930.0,68931.0,5.7473063
1772047140.0,68930.0,68930.0,68881.0,68915.0,3.80889146
1772047200.0,68914.0,68978.0,68914.0,68978.0,1.35256799
1772047260.0,69022.0,69034.0,68974.0,69012.0,2.7496611
1772047320.0,69016.0,69021.0,68958.0,69019.0,27.02699355
1772047380.0,69018.0,69109.0,69016.0,69109.0,5.63298458
1772047440.0,69137.0,69167.0,69110.0,69131.0,8.36420075
1772047500.0,69125.0,69125.0,69056.0,69068.0,47.69743069
1772047560.0,69068.0,69069.0,69001.0,69005.0,11.332392
1772047620.0,69006.0,69017.0,68925.0,68985.0,18.51216297
1772047680.0,69006.0,69055.0,68999.0,69044.0,5.69144117
1772047740.0,69039.0,69043.0,68996.0,69000.0,5.26932114
1772047800.0,69002.0,69033.0,68962.0,68962.0,3.64562402
1772047860.0,68960.0,69001.0,68951.0,68954.0,3.04078284
1772047920.0,68954.0,68954.0,68865.0,68875.0,4.68532812
1772047980.0,68874.0,68889.0,68841.0,68881.0,8.3614603
1772048040.0,68882.0,68882.0,68841.0,68853.0,3.50405125
1772048100.0,68850.0,68888.0,68850.0,68881.0,3.82044215
1772048160.0,68882.0,68962.0,68881.0,68960.0,0.72767446
1772048220.0,68961.0,68968.0,68910.0,68921.0,2.80927351
1772048280.0,68920.0,68939.0,68919.0,68923.0,10.86127321
1772048340.0,68923.0,68923.0,68888.0,68888.0,3.44241529
1772048400.0,68888.0,68917.0,68846.0,68889.0,7.44949821
1772048460.0,68888.0,68895.0,68847.0,68889.0,3.28054422
1772048520.0,68889.0,68893.0,68884.0,68885.0,1.32673958
1772048580.0,68885.0,68920.0,68885.0,68908.0,5.47362564
1772048640.0,68902.0,68932.0,68902.0,68922.0,4.59209971
1772048700.0,68918.0,68918.0,68881.0,68889.0,3.42201346
1772048760.0,68881.0,68904.0,68880.0,68902.0,1.45519655
1772048820.0,68903.0,68987.0,68882.0,68965.0,3.44553603
1772048880.0,68939.0,68964.0,68937.0,68945.0,2.3825182
1772048940.0,68952.0,69093.0,68952.0,69092.0,2.45819758
1772049000.0,69093.0,69111.0,69073.0,69093.0,5.45778172
1772049060.0,69093.0,69095.0,69057.0,69057.0,5.37734191
1772049120.0,69056.0,69079.0,69021.0,69041.0,10.19741842
1772049180.0,69038.0,69078.0,69002.0,69076.0,6.07949547
1772049240.0,69070.0,69083.0,69034.0,69074.0,6.97080722
1772049300.0,69073.0,69073.0,69033.0,69033.0,4.68473399
1772049360.0,69034.0,69047.0,69019.0,69047.0,3.02774094
1772049420.0,69048.0,69100.0,69036.0,69073.0,6.70220318
1772049480.0,69072.0,69088.0,69069.0,69077.0,2.03746603
1772049540.0,69077.0,69077.0,69044.0,69055.0,4.41706574
1772049600.0,69057.0,69081.0,69057.0,69067.0,2.08890211
1772049660.0,69068.0,69090.0,69044.0,69075.0,2.38079714
1772049720.0,69069.0,69107.0,69069.0,69083.0,1.61799036
1772049780.0,69081.0,69081.0,68917.0,69017.0,5.60452095
1772049840.0,69016.0,69016.0,68949.0,68951.0,3.42621771
1772049900.0,68952.0,68985.0,68951.0,68955.0,1.054234
1772049960.0,68952.0,68952.0,68908.0,68928.0,0.73526645
1772050020.0,68927.0,68968.0,68926.0,68941.0,1.28875695
1772050080.0,68947.0,68947.0,68919.0,68922.0,1.06265511
1772050140.0,68921.0,68953.0,68907.0,68924.0,0.2038079
1772050200.0,68926.0,68938.0,68885.0,68888.0,0.4425348
1772050260.0,68888.0,68896.0,68809.0,68817.0,45.10619461
1772050320.0,68823.0,68836.0,68717.0,68743.0,6.01097226
1772050380.0,68740.0,68740.0,68644.0,68702.0,2.27416998
1772050440.0,68720.0,68739.0,68648.0,68666.0,2.68664214
1772050500.0,68658.0,68717.0,68658.0,68708.0,0.44819152
1772050560.0,68708.0,68761.0,68708.0,68752.0,1.1894687
1772050620.0,68756.0,68782.0,68749.0,68749.0,0.37817642
1772050680.0,68746.0,68775.0,68746.0,68748.0,0.40766939
1772050740.0,68747.0,68777.0,68747.0,68776.0,0.0319137
1772050800.0,68783.0,68824.0,68783.0,68790.0,1.99546362
1772050860.0,68791.0,68812.0,68776.0,68805.0,0.71086605
1772050920.0,68809.0,68837.0,68801.0,68801.0,2.53871141
1772050980.0,68800.0,68800.0,68758.0,68784.0,0.71641981
1772051040.0,68784.0,68798.0,68748.0,68795.0,0.78719313
1772051100.0,68790.0,68868.0,68790.0,68862.0,1.6250723
1772051160.0,68858.0,68890.0,68841.0,68868.0,0.32205118
1772051220.0,68877.0,68877.0,68833.0,68833.0,0.49566782
1772051280.0,68841.0,68870.0,68833.0,68842.0,0.31860652
1772051340.0,68847.0,68847.0,68841.0,68845.0,0.6359511
1772051400.0,68829.0,68907.0,68797.0,68901.0,5.75175654
1772051460.0,68920.0,69007.0,68920.0,69005.0,6.93596162
1772051520.0,69004.0,69164.0,68997.0,69164.0,14.76760691
1772051580.0,69162.0,69189.0,69141.0,69149.0,7.50201819
1772051640.0,69154.0,69220.0,69154.0,69176.0,2.81152137
1772051700.0,69176.0,69176.0,69067.0,69067.0,2.89049948
1772051760.0,69096.0,69104.0,69063.0,69065.0,2.43788888
1772051820.0,69064.0,69076.0,69026.0,69052.0,0.49109604
1772051880.0,69050.0,69088.0,69023.0,69088.0,0.73637745
1772051940.0,69088.0,69169.0,69074.0,69113.0,17.54798523
1772052000.0,69116.0,69183.0,69113.0,69113.0,11.7974899
1772052060.0,69116.0,69153.0,69107.0,69124.0,4.21046842
1772052120.0,69135.0,69149.0,69118.0,69136.0,0.80343318
1772052180.0,69133.0,69161.0,69133.0,69155.0,1.13513296
1772052240.0,69154.0,69154.0,69127.0,69137.0,0.80132721
1772052300.0,69145.0,69182.0,69127.0,69176.0,0.84522035
1772052360.0,69176.0,69204.0,69176.0,69202.0,1.2901531
1772052420.0,69197.0,69280.0,69185.0,69271.0,37.84174111
1772052480.0,69280.0,69386.0,69280.0,69386.0,24.95487467
1772052540.0,69385.0,69386.0,69273.0,69279.0,4.37051341
1772052600.0,69278.0,69371.0,69266.0,69266.0,7.20490629
1772052660.0,69264.0,69264.0,69198.0,69212.0,1.46773313
1772052720.0,69211.0,69235.0,69174.0,69209.0,1.00484078
1772052780.0,69205.0,69241.0,69188.0,69237.0,1.10846422
1772052840.0,69243.0,69324.0,69237.0,69237.0,2.86142694
1772052900.0,69240.0,69243.0,69187.0,69243.0,4.29396509
1772052960.0,69242.0,69281.0,69242.0,69260.0,1.15923575
1772053020.0,69259.0,69260.0,69213.0,69222.0,1.94470422
1772053080.0,69234.0,69234.0,69175.0,69184.0,5.80559406
1772053140.0,69175.0,69206.0,69148.0,69169.0,5.31626179
1772053200.0,69169.0,69169.0,69095.0,69145.0,11.35988184
1772053260.0,69166.0,69202.0,69147.0,69186.0,0.679229
1772053320.0,69168.0,69234.0,69168.0,69205.0,2.52027331
1772053380.0,69192.0,69224.0,69177.0,69206.0,0.18765923
1772053440.0,69205.0,69220.0,69165.0,69165.0,1.63802988
1772053500.0,69165.0,69188.0,69165.0,69173.0,2.78528491
1772053560.0,69172.0,69172.0,69154.0,69161.0,1.00023425
1772053620.0,69160.0,69189.0,69144.0,69189.0,0.09605462
1772053680.0,69211.0,69252.0,69211.0,69235.0,0.73697478
1772053740.0,69218.0,69226.0,69197.0,69204.0,0.71947425
1772053800.0,69200.0,69202.0,69104.0,69115.0,0.24020681
1772053860.0,69109.0,69123.0,69095.0,69121.0,0.64080402
1772053920.0,69144.0,69144.0,69125.0,69125.0,0.15498345
1772053980.0,69119.0,69136.0,69077.0,69077.0,0.31307815
1772054040.0,69063.0,69063.0,68976.0,69010.0,0.56109655
1772054100.0,69009.0,69009.0,68966.0,68977.0,0.10364215
1772054160.0,68977.0,69051.0,68977.0,69051.0,1.3983904
1772054220.0,69075.0,69076.0,69033.0,69034.0,0.9651465
1772054280.0,69019.0,69042.0,69011.0,69020.0,1.07785579
1772054340.0,69032.0,69032.0,68990.0,68992.0,18.6772619
1772054400.0,68994.0,68994.0,68960.0,68968.0,5.62249311
1772054460.0,68968.0,68974.0,68953.0,68974.0,2.26393552
1772054520.0,68989.0,69068.0,68989.0,69053.0,2.20149286
1772054580.0,69051.0,69051.0,68989.0,69041.0,1.29430916
1772054640.0,69061.0,69072.0,69037.0,69038.0,1.36285817
1772054700.0,69046.0,69046.0,69009.0,69009.0,1.51707056
1772054760.0,68978.0,69006.0,68978.0,68995.0,4.73293486
1772054820.0,69016.0,69024.0,69004.0,69004.0,2.22459561
1772054880.0,68967.0,68968.0,68944.0,68946.0,0.15629672
1772054940.0,68946.0,68946.0,68832.0,68832.0,42.57571221
1772055000.0,68825.0,68854.0,68792.0,68810.0,11.01532908
1772055060.0,68815.0,69001.0,68815.0,68859.0,18.95726788
1772055120.0,68871.0,68905.0,68812.0,68828.0,7.82833352
1772055180.0,68828.0,69146.0,68828.0,69146.0,9.45035116
1772055240.0,69127.0,69264.0,69089.0,69264.0,37.71279075
1772055300.0,69264.0,69500.0,69251.0,69484.0,39.03700119
1772055360.0,69474.0,70038.0,69450.0,69991.0,45.28107636
1772055420.0,69878.0,70000.0,69647.0,69670.0,17.21608436
1772055480.0,69642.0,69642.0,69428.0,69498.0,9.4874468
1772055540.0,69499.0,69614.0,69393.0,69393.0,6.76349092
1772055600.0,69419.0,69461.0,69322.0,69418.0,39.19374158
1772055660.0,69418.0,69448.0,69323.0,69323.0,8.38657224
1772055720.0,69323.0,69334.0,69265.0,69265.0,16.12075233
1772055780.0,69265.0,69292.0,69167.0,69172.0,8.08213802
1772055840.0,69182.0,69344.0,69182.0,69242.0,3.8602459
1772055900.0,69241.0,69241.0,69076.0,69122.0,16.58090302
1772055960.0,69123.0,69123.0,68998.0,69048.0,11.13445348
1772056020.0,69059.0,69059.0,68843.0,68845.0,12.36474193
1772056080.0,68868.0,69047.0,68868.0,68964.0,7.17446273
1772056140.0,68995.0,69078.0,68987.0,69034.0,9.20587818
1772056200.0,69031.0,69046.0,69003.0,69003.0,1.70956285
1772056260.0,69003.0,69143.0,68970.0,69110.0,5.16962831
1772056320.0,69106.0,69114.0,69057.0,69066.0,2.94054689
1772056380.0,69073.0,69073.0,68974.0,68996.0,3.58330618
1772056440.0,69001.0,69047.0,68969.0,69021.0,1.25706334
1772056500.0,69021.0,69045.0,68936.0,68950.0,2.97338871
1772056560.0,68946.0,69025.0,68946.0,69023.0,0.88877275
1772056620.0,69017.0,69017.0,68843.0,68887.0,11.25449109
1772056680.0,68907.0,68941.0,68898.0,68940.0,0.60201205
1772056740.0,68925.0,68983.0,68906.0,68970.0,0.57822141
1772056800.0,68944.0,69096.0,68944.0,69064.0,2.12157815
1772056860.0,69062.0,69069.0,69010.0,69057.0,2.63132029
1772056920.0,69079.0,69083.0,68918.0,68984.0,3.6804236
1772056980.0,68956.0,69053.0,68956.0,69053.0,1.33768306
1772057040.0,69064.0,69105.0,69044.0,69073.0,5.43502019
1772057100.0,69065.0,69065.0,69019.0,69020.0,2.06775444
1772057160.0,69020.0,69036.0,68991.0,69022.0,0.92748045
1772057220.0,69022.0,69037.0,68967.0,69004.0,0.30170019
1772057280.0,69038.0,69068.0,69037.0,69037.0,0.32873326
1772057340.0,69037.0,69048.0,69015.0,69048.0,0.82742681
1772057400.0,69048.0,69164.0,69048.0,69156.0,4.25381422
1772057460.0,69171.0,69202.0,69140.0,69189.0,2.36313836
1772057520.0,69188.0,69196.0,69141.0,69161.0,1.69480492
1772057580.0,69161.0,69161.0,69131.0,69131.0,0.98538857
1772057640.0,69116.0,69134.0,69096.0,69096.0,0.60428276
1772057700.0,69096.0,69096.0,69062.0,69062.0,1.22318087
1772057760.0,69057.0,69078.0,69025.0,69037.0,1.39059082
1772057820.0,69028.0,69050.0,68899.0,68899.0,3.59525459
1772057880.0,68896.0,68962.0,68894.0,68953.0,0.52618516
1772057940.0,68933.0,68953.0,68926.0,68953.0,0.24483172
1772058000.0,68952.0,68952.0,68884.0,68904.0,1.53068464
1772058060.0,68907.0,68942.0,68907.0,68933.0,1.02287573
1772058120.0,68939.0,68944.0,68916.0,68916.0,2.89898305
1772058180.0,68915.0,68937.0,68900.0,68906.0,1.23544439
1772058240.0,68906.0,68948.0,68906.0,68928.0,1.80204156
1772058300.0,68924.0,68940.0,68924.0,68926.0,0.04660847
1772058360.0,68926.0,68927.0,68867.0,68867.0,0.83831645
1772058420.0,68854.0,68930.0,68854.0,68930.0,0.56061622
1772058480.0,68932.0,68932.0,68925.0,68928.0,0.37876881
1772058540.0,68928.0,68928.0,68873.0,68899.0,0.28455776
1772058600.0,68897.0,68919.0,68877.0,68877.0,1.7820342
1772058660.0,68869.0,68905.0,68856.0,68860.0,0.64636465
1772058720.0,68859.0,68860.0,68796.0,68796.0,11.85047117
1772058780.0,68793.0,68793.0,68775.0,68777.0,1.50237562
1772058840.0,68775.0,68862.0,68768.0,68845.0,2.21578878
1772058900.0,68845.0,68901.0,68832.0,68884.0,7.50756722
1772058960.0,68884.0,68884.0,68793.0,68793.0,1.47532244
1772059020.0,68790.0,68797.0,68678.0,68753.0,8.74848869
1772059080.0,68754.0,68762.0,68742.0,68762.0,0.05977687
1772059140.0,68774.0,68777.0,68644.0,68692.0,2.88266582
1772059200.0,68670.0,68670.0,68308.0,68345.0,37.6800472
1772059260.0,68348.0,68510.0,68348.0,68508.0,6.17049438
1772059320.0,68510.0,68510.0,68447.0,68470.0,4.1658636
1772059380.0,68492.0,68546.0,68444.0,68481.0,6.32086535
1772059440.0,68479.0,68479.0,68384.0,68420.0,2.27096105
1772059500.0,68431.0,68487.0,68429.0,68487.0,1.70545906
1772059560.0,68487.0,68499.0,68461.0,68495.0,4.06007128
1772059620.0,68499.0,68533.0,68480.0,68504.0,9.91214872
1772059680.0,68504.0,68504.0,68477.0,68477.0,1.78990094
1772059740.0,68466.0,68496.0,68456.0,68457.0,1.78203868
1772059800.0,68456.0,68456.0,68000.0,68125.0,49.74744674
1772059860.0,68120.0,68166.0,68016.0,68158.0,35.34277684
1772059920.0,68179.0,68202.0,68090.0,68120.0,3.71093948
1772059980.0,68177.0,68177.0,68075.0,68106.0,4.00963607
1772060040.0,68099.0,68212.0,68099.0,68142.0,2.97487732
1772060100.0,68154.0,68282.0,68141.0,68281.0,3.55568719
1772060160.0,68273.0,68281.0,68220.0,68237.0,2.64390513
1772060220.0,68267.0,68314.0,68267.0,68307.0,1.27390826
1772060280.0,68308.0,68423.0,68308.0,68410.0,9.1079136
1772060340.0,68420.0,68500.0,68420.0,68466.0,1.76518013
1772060400.0,68449.0,68471.0,68420.0,68420.0,1.3723156
1772060460.0,68420.0,68435.0,68358.0,68360.0,1.63154334
1772060520.0,68360.0,68366.0,68241.0,68286.0,1.93328972
1772060580.0,68320.0,68343.0,68304.0,68343.0,1.60752433
1772060640.0,68343.0,68367.0,68314.0,68367.0,0.52712694
1772060700.0,68392.0,68452.0,68356.0,68432.0,1.78736783
1772060760.0,68422.0,68490.0,68415.0,68490.0,0.82537136
1772060820.0,68490.0,68589.0,68490.0,68584.0,1.55470299
1772060880.0,68574.0,68672.0,68565.0,68662.0,3.52902339
1772060940.0,68672.0,68700.0,68592.0,68601.0,2.63497025
1772061000.0,68601.0,68619.0,68543.0,68566.0,0.56933307
1772061060.0,68566.0,68569.0,68506.0,68513.0,2.03946846
1772061120.0,68513.0,68550.0,68513.0,68541.0,0.32674914
1772061180.0,68541.0,68541.0,68516.0,68527.0,0.4417608
1772061240.0,68528.0,68541.0,68514.0,68529.0,0.41001061
1772061300.0,68516.0,68516.0,68476.0,68497.0,4.0662225
1772061360.0,68490.0,68503.0,68420.0,68456.0,2.15947417
1772061420.0,68468.0,68503.0,68462.0,68503.0,0.14013378
1772061480.0,68503.0,68531.0,68441.0,68441.0,4.96486218
1772061540.0,68430.0,68430.0,68321.0,68321.0,2.12655166
1772061600.0,68321.0,68347.0,68310.0,68324.0,3.4807787
1772061660.0,68324.0,68341.0,68298.0,68298.0,1.62032705
1772061720.0,68287.0,68295.0,68273.0,68291.0,0.66218702
1772061780.0,68291.0,68316.0,68291.0,68306.0,1.36364652
1772061840.0,68311.0,68329.0,68308.0,68311.0,0.16378807
1772061900.0,68311.0,68329.0,68310.0,68329.0,0.30365417
1772061960.0,68329.0,68352.0,68320.0,68330.0,0.31227176
1772062020.0,68330.0,68335.0,68300.0,68335.0,0.17422379
1772062080.0,68335.0,68373.0,68326.0,68357.0,0.94036538
1772062140.0,68357.0,68357.0,68286.0,68286.0,0.11135853
1772062200.0,68277.0,68302.0,68241.0,68241.0,1.30802428
1772062260.0,68241.0,68251.0,68200.0,68200.0,1.70080475
1772062320.0,68175.0,68175.0,68095.0,68111.0,5.3253936
1772062380.0,68111.0,68125.0,68093.0,68124.0,2.10225291
1772062440.0,68124.0,68181.0,68112.0,68140.0,2.94250474
1772062500.0,68136.0,68168.0,68136.0,68155.0,0.10159254
1772062560.0,68156.0,68162.0,68129.0,68162.0,0.59725576
1772062620.0,68148.0,68166.0,68117.0,68140.0,0.60806152
1772062680.0,68140.0,68273.0,68140.0,68180.0,3.29252407
1772062740.0,68180.0,68180.0,68008.0,68051.0,8.39478832
1772062800.0,68032.0,68042.0,67887.0,67939.0,8.9433859
1772062860.0,67939.0,67945.0,67816.0,67854.0,4.73419244
1772062920.0,67843.0,67843.0,67652.0,67653.0,30.78897382
1772062980.0,67647.0,67698.0,67621.0,67698.0,10.48421756
1772063040.0,67706.0,67727.0,67681.0,67701.0,4.20421224
1772063100.0,67707.0,67803.0,67656.0,67778.0,3.14149462
1772063160.0,67777.0,67820.0,67747.0,67778.0,0.86994913
1772063220.0,67778.0,67808.0,67745.0,67803.0,6.04573745
1772063280.0,67802.0,67811.0,67734.0,67760.0,1.41031244
1772063340.0,67736.0,67741.0,67723.0,67728.0,1.17243978
1772063400.0,67728.0,67848.0,67721.0,67848.0,1.42293938
1772063460.0,67844.0,67880.0,67844.0,67876.0,1.44732805
1772063520.0,67876.0,67997.0,67860.0,67971.0,2.48631394
1772063580.0,67972.0,68002.0,67929.0,67998.0,5.63522534
1772063640.0,68002.0,68007.0,67936.0,67966.0,2.69518265
1772063700.0,67969.0,68000.0,67932.0,67944.0,2.91958381
1772063760.0,67944.0,67997.0,67944.0,67970.0,1.21872947
1772063820.0,67973.0,67974.0,67959.0,67974.0,0.38957085
1772063880.0,67977.0,68000.0,67942.0,67945.0,1.30749359
1772063940.0,67946.0,68000.0,67946.0,67994.0,0.73676726
1772064000.0,67993.0,67993.0,67894.0,67909.0,2.34739457
1772064060.0,67915.0,67916.0,67786.0,67786.0,4.96995713
1772064120.0,67767.0,67816.0,67737.0,67741.0,3.29073708
1772064180.0,67741.0,67927.0,67741.0,67916.0,2.64533473
1772064240.0,67915.0,67915.0,67809.0,67809.0,0.84419818
1772064300.0,67807.0,67839.0,67807.0,67817.0,0.52716488
1772064360.0,67817.0,67938.0,67817.0,67932.0,0.83493977
1772064420.0,67932.0,68019.0,67931.0,68010.0,1.75075239
1772064480.0,68009.0,68009.0,67930.0,67972.0,0.73972109
1772064540.0,67981.0,68111.0,67979.0,68105.0,1.38777996
1772064600.0,68105.0,68105.0,68009.0,68037.0,1.50781543
1772064660.0,68030.0,68056.0,68028.0,68050.0,0.80319068
1772064720.0,68065.0,68153.0,68065.0,68153.0,4.19018465
1772064780.0,68150.0,68173.0,68133.0,68149.0,1.47897097
1772064840.0,68147.0,68175.0,68143.0,68145.0,0.56422825
1772064900.0,68161.0,68180.0,68143.0,68180.0,0.50032477
1772064960.0,68143.0,68254.0,68127.0,68236.0,3.00476211
1772065020.0,68248.0,68282.0,68237.0,68281.0,32.32212098
1772065080.0,68278.0,68317.0,68255.0,68284.0,28.06987036
1772065140.0,68275.0,68276.0,68185.0,68190.0,6.02868218
1772065200.0,68190.0,68270.0,68190.0,68269.0,2.47526276
1772065260.0,68257.0,68257.0,68189.0,68235.0,1.17617557
1772065320.0,68248.0,68439.0,68246.0,68428.0,13.09618982
1772065380.0,68420.0,68420.0,68317.0,68321.0,6.37173943
1772065440.0,68321.0,68447.0,68314.0,68400.0,13.54578076
1772065500.0,68387.0,68387.0,68331.0,68331.0,3.45684988
1772065560.0,68334.0,68398.0,68334.0,68398.0,5.18308028
1772065620.0,68401.0,68401.0,68325.0,68326.0,0.87430691
1772065680.0,68327.0,68334.0,68317.0,68333.0,1.50575897
1772065740.0,68328.0,68348.0,68290.0,68290.0,1.70212146
1772065800.0,68271.0,68437.0,68271.0,68406.0,9.81356296
1772065860.0,68406.0,68423.0,68360.0,68420.0,5.70053706
1772065920.0,68420.0,68493.0,68420.0,68488.0,1.87047275
1772065980.0,68483.0,68490.0,68441.0,68469.0,0.68517283
1772066040.0,68482.0,68501.0,68476.0,68484.0,1.71984525
1772066100.0,68486.0,68535.0,68486.0,68532.0,10.22929281
1772066160.0,68532.0,68532.0,68397.0,68397.0,3.3866399
1772066220.0,68388.0,68389.0,68274.0,68317.0,5.10234638
1772066280.0,68338.0,68367.0,68235.0,68249.0,4.74079995
1772066340.0,68249.0,68255.0,68154.0,68172.0,2.03235022
1772066400.0,68166.0,68205.0,68066.0,68066.0,3.20345326
1772066460.0,68061.0,68114.0,67978.0,68090.0,14.03543312
1772066520.0,68107.0,68187.0,68098.0,68181.0,3.04859179
1772066580.0,68185.0,68235.0,68173.0,68229.0,0.45772523
1772066640.0,68226.0,68226.0,68194.0,68209.0,5.86305072
1772066700.0,68222.0,68241.0,68180.0,68180.0,3.22748515
1772066760.0,68179.0,68224.0,68165.0,68207.0,3.01113873
1772066820.0,68207.0,68246.0,68205.0,68220.0,1.81313795
1772066880.0,68214.0,68240.0,68214.0,68218.0,0.54275122
1772066940.0,68218.0,68260.0,68218.0,68236.0,3.18720265
1772067000.0,68236.0,68236.0,68198.0,68209.0,1.06518248
1772067060.0,68207.0,68207.0,68142.0,68188.0,0.9009929
1772067120.0,68188.0,68204.0,68188.0,68201.0,0.44098842
1772067180.0,68198.0,68213.0,68177.0,68177.0,1.18906891
1772067240.0,68178.0,68349.0,68178.0,68344.0,1.9540003
1772067300.0,68338.0,68357.0,68321.0,68346.0,1.42783227
1772067360.0,68346.0,68355.0,68322.0,68355.0,2.02766805
1772067420.0,68350.0,68350.0,68285.0,68329.0,0.89757192
1772067480.0,68341.0,68349.0,68331.0,68344.0,0.85036323
1772067540.0,68344.0,68382.0,68344.0,68354.0,1.531682
1772067600.0,68348.0,68362.0,68329.0,68329.0,2.7703616
1772067660.0,68313.0,68329.0,68283.0,68283.0,1.05165468
1772067720.0,68285.0,68382.0,68285.0,68291.0,2.41722033
1772067780.0,68289.0,68442.0,68229.0,68435.0,1.99965979
1772067840.0,68420.0,68519.0,68411.0,68482.0,0.87132622
1772067900.0,68493.0,68493.0,68412.0,68456.0,0.80799182
1772067960.0,68462.0,68486.0,68436.0,68460.0,2.91462029
1772068020.0,68470.0,68696.0,68470.0,68696.0,18.74698597
1772068080.0,68692.0,68692.0,68623.0,68626.0,3.98647747
1772068140.0,68626.0,68641.0,68565.0,68574.0,4.25912172
1772068200.0,68552.0,68584.0,68545.0,68573.0,2.24870803
1772068260.0,68570.0,68574.0,68525.0,68533.0,2.92152173
1772068320.0,68533.0,68598.0,68529.0,68554.0,1.96086586
1772068380.0,68537.0,68576.0,68503.0,68550.0,0.65406272
1772068440.0,68546.0,68583.0,68531.0,68582.0,0.85874024
1772068500.0,68574.0,68598.0,68539.0,68543.0,0.45529852
1772068560.0,68543.0,68543.0,68478.0,68498.0,1.45984089
1772068620.0,68498.0,68512.0,68464.0,68487.0,0.8439729
1772068680.0,68534.0,68557.0,68492.0,68525.0,0.33263675
1772068740.0,68509.0,68526.0,68506.0,68526.0,0.10395073
1772068800.0,68528.0,68528.0,68498.0,68504.0,0.22270897
1772068860.0,68508.0,68546.0,68502.0,68515.0,1.29931959
1772068920.0,68516.0,68526.0,68478.0,68478.0,1.07223604
1772068980.0,68454.0,68485.0,68454.0,68466.0,0.32330432
1772069040.0,68469.0,68544.0,68469.0,68540.0,0.36080245
1772069100.0,68540.0,68543.0,68505.0,68505.0,1.00958493
1772069160.0,68499.0,68513.0,68480.0,68480.0,2.88583644
1772069220.0,68472.0,68472.0,68426.0,68431.0,1.38799183
1772069280.0,68431.0,68437.0,68429.0,68437.0,0.19373157
1772069340.0,68437.0,68437.0,68376.0,68397.0,0.65138838
1772069400.0,68390.0,68390.0,68307.0,68345.0,1.29004658
1772069460.0,68356.0,68368.0,68321.0,68321.0,0.22574192
1772069520.0,68329.0,68371.0,68314.0,68329.0,0.63782579
1772069580.0,68329.0,68329.0,68229.0,68229.0,1.29832569
1772069640.0,68249.0,68332.0,68249.0,68332.0,0.4929969
1772069700.0,68331.0,68362.0,68322.0,68362.0,0.12804201
1772069760.0,68361.0,68396.0,68348.0,68368.0,1.488095
1772069820.0,68371.0,68376.0,68360.0,68376.0,2.21886408
1772069880.0,68376.0,68412.0,68362.0,68366.0,0.36967649
1772069940.0,68362.0,68386.0,68362.0,68382.0,1.34133441
1772070000.0,68375.0,68449.0,68375.0,68449.0,5.64325272
1772070060.0,68460.0,68554.0,68460.0,68553.0,3.40090809
1772070120.0,68550.0,68550.0,68494.0,68501.0,3.98990903
1772070180.0,68509.0,68521.0,68500.0,68500.0,0.9778794
1772070240.0,68500.0,68501.0,68366.0,68366.0,8.98896333
1772070300.0,68367.0,68377.0,68296.0,68296.0,4.51074232
1772070360.0,68302.0,68307.0,68302.0,68307.0,0.65579567
1772070420.0,68329.0,68399.0,68301.0,68373.0,3.76633262
1772070480.0,68372.0,68390.0,68359.0,68359.0,1.14740686
1772070540.0,68366.0,68371.0,68356.0,68363.0,0.21435194
1772070600.0,68362.0,68362.0,68331.0,68331.0,0.19780481
1772070660.0,68336.0,68389.0,68336.0,68379.0,1.51667353
1772070720.0,68357.0,68357.0,68274.0,68275.0,2.44460517
1772070780.0,68275.0,68291.0,68275.0,68284.0,1.90392593
1772070840.0,68283.0,68283.0,68229.0,68232.0,3.90578034
1772070900.0,68251.0,68272.0,68251.0,68271.0,1.38936643
1772070960.0,68272.0,68315.0,68272.0,68292.0,0.8533938
1772071020.0,68288.0,68288.0,68277.0,68281.0,0.33416977
1772071080.0,68267.0,68288.0,68267.0,68288.0,0.15131827
1772071140.0,68275.0,68275.0,68240.0,68250.0,0.04515288
1772071200.0,68256.0,68265.0,68207.0,68208.0,0.79517222
1772071260.0,68205.0,68205.0,68129.0,68165.0,3.84346272
1772071320.0,68140.0,68173.0,68064.0,68071.0,1.2976533
1772071380.0,68086.0,68086.0,67987.0,68046.0,15.73470102
1772071440.0,67997.0,68041.0,67997.0,68009.0,1.04171055
1772071500.0,67996.0,68024.0,67987.0,68010.0,1.85138689
1772071560.0,68005.0,68005.0,67946.0,67969.0,40.59758095
1772071620.0,67969.0,67981.0,67942.0,67943.0,1.47395351
1772071680.0,67944.0,68009.0,67944.0,67963.0,1.50297239
1772071740.0,67988.0,68016.0,67972.0,68016.0,4.67305066
1772071800.0,68031.0,68031.0,67917.0,67917.0,6.60115298
1772071860.0,67939.0,67939.0,67908.0,67926.0,1.05048016
1772071920.0,67939.0,67975.0,67898.0,67898.0,1.69303895
1772071980.0,67892.0,67894.0,67821.0,67821.0,3.68629187
1772072040.0,67822.0,67870.0,67822.0,67865.0,0.59501526
1772072100.0,67880.0,67967.0,67880.0,67900.0,1.17979513
1772072160.0,67908.0,67985.0,67908.0,67973.0,0.33909794
1772072220.0,67959.0,68119.0,67959.0,68108.0,5.34791343
1772072280.0,68119.0,68161.0,68066.0,68070.0,1.20401175
1772072340.0,68078.0,68078.0,68040.0,68053.0,0.38591615
1772072400.0,68039.0,68047.0,68011.0,68031.0,1.11051718
1772072460.0,68033.0,68065.0,68033.0,68050.0,0.06091997
1772072520.0,68049.0,68049.0,68007.0,68007.0,0.27204783
1772072580.0,68009.0,68009.0,67952.0,67955.0,0.87117557
1772072640.0,67955.0,68002.0,67955.0,67956.0,1.31997659
1772072700.0,67953.0,67965.0,67901.0,67917.0,2.34703517
1772072760.0,67921.0,67938.0,67907.0,67932.0,0.19643064
1772072820.0,67942.0,67979.0,67942.0,67978.0,0.89944815
1772072880.0,67976.0,68007.0,67967.0,67967.0,0.02934262
1772072940.0,67976.0,67976.0,67942.0,67947.0,0.70158957
1772073000.0,67955.0,67994.0,67955.0,67993.0,0.18916313
1772073060.0,68004.0,68079.0,68004.0,68072.0,0.80081574
1772073120.0,68083.0,68112.0,68080.0,68080.0,0.35872576
1772073180.0,68080.0,68088.0,68048.0,68050.0,0.32029633
1772073240.0,68051.0,68052.0,68036.0,68036.0,0.21540948
1772073300.0,68037.0,68037.0,68022.0,68033.0,0.19035525
1772073360.0,68037.0,68060.0,68037.0,68051.0,0.25379314
1772073420.0,68077.0,68079.0,68040.0,68044.0,0.62902376
1772073480.0,68044.0,68051.0,68006.0,68006.0,0.40963979
1772073540.0,68010.0,68011.0,67958.0,67972.0,1.13902212
1772073600.0,68015.0,68041.0,67967.0,67982.0,2.16955034
1772073660.0,67978.0,68008.0,67956.0,68008.0,2.05405532
1772073720.0,67999.0,68112.0,67997.0,68082.0,8.16923091
1772073780.0,68081.0,68195.0,68078.0,68191.0,4.01690389
1772073840.0,68197.0,68211.0,68175.0,68209.0,2.63296649
1772073900.0,68199.0,68236.0,68188.0,68205.0,1.13881213
1772073960.0,68197.0,68259.0,68197.0,68259.0,3.04228962
1772074020.0,68258.0,68259.0,68213.0,68213.0,1.92552886
1772074080.0,68208.0,68208.0,68133.0,68134.0,1.3570241
1772074140.0,68116.0,68157.0,68116.0,68141.0,0.30365849
1772074200.0,68138.0,68202.0,68138.0,68202.0,0.99577957
1772074260.0,68223.0,68226.0,68211.0,68224.0,0.34757561
1772074320.0,68216.0,68225.0,68208.0,68215.0,0.43330996
1772074380.0,68224.0,68274.0,68218.0,68254.0,1.0536844
1772074440.0,68246.0,68250.0,68229.0,68240.0,0.52025853
1772074500.0,68233.0,68242.0,68217.0,68235.0,2.58127496
1772074560.0,68238.0,68303.0,68238.0,68303.0,2.45302933
1772074620.0,68303.0,68337.0,68275.0,68275.0,3.8258713
1772074680.0,68287.0,68296.0,68287.0,68292.0,0.29585965
1772074740.0,68259.0,68280.0,68259.0,68279.0,0.96989391
1772074800.0,68265.0,68275.0,68260.0,68260.0,0.2683243
1772074860.0,68252.0,68316.0,68252.0,68313.0,2.08390461
1772074920.0,68313.0,68313.0,68239.0,68247.0,1.81848021
1772074980.0,68258.0,68369.0,68223.0,68359.0,12.46465237
1772075040.0,68357.0,68357.0,68296.0,68296.0,2.18587719
1772075100.0,68296.0,68296.0,68243.0,68243.0,3.93405566
1772075160.0,68245.0,68245.0,68112.0,68173.0,4.44992901
1772075220.0,68182.0,68183.0,68133.0,68153.0,2.95975706
1772075280.0,68154.0,68176.0,68148.0,68167.0,2.78542902
1772075340.0,68162.0,68162.0,68060.0,68062.0,6.38912076
1772075400.0,68061.0,68079.0,68057.0,68067.0,0.18553737
1772075460.0,68067.0,68115.0,68066.0,68098.0,0.163051
1772075520.0,68109.0,68109.0,68095.0,68095.0,0.08191094
1772075580.0,68098.0,68116.0,68097.0,68103.0,0.4714794
1772075640.0,68103.0,68153.0,68103.0,68149.0,0.29979519
1772075700.0,68147.0,68159.0,68113.0,68158.0,1.87950739
1772075760.0,68150.0,68150.0,68123.0,68145.0,0.84242733
1772075820.0,68148.0,68163.0,68148.0,68162.0,0.18813522
1772075880.0,68169.0,68186.0,68159.0,68173.0,0.2549425
1772075940.0,68165.0,68165.0,68164.0,68164.0,0.10058248
1772076000.0,68159.0,68159.0,68096.0,68096.0,0.65303923
1772076060.0,68099.0,68128.0,68098.0,68118.0,0.67962314
1772076120.0,68118.0,68118.0,68092.0,68099.0,0.13832555
1772076180.0,68103.0,68104.0,68086.0,68104.0,0.41906009
1772076240.0,68103.0,68103.0,68088.0,68088.0,0.36530853
1772076300.0,68088.0,68133.0,68088.0,68127.0,0.18529254
1772076360.0,68151.0,68159.0,68149.0,68149.0,0.367582
1772076420.0,68105.0,68106.0,68093.0,68106.0,0.04981074
1772076480.0,68108.0,68112.0,68108.0,68112.0,1.5181606
1772076540.0,68118.0,68125.0,68109.0,68109.0,0.07640732
1772076600.0,68108.0,68108.0,68059.0,68071.0,0.21606533
1772076660.0,68082.0,68160.0,68082.0,68160.0,1.78797001
1772076720.0,68164.0,68200.0,68164.0,68191.0,0.61066285
1772076780.0,68200.0,68285.0,68200.0,68253.0,5.03029356
1772076840.0,68254.0,68267.0,68249.0,68263.0,0.08035424
1772076900.0,68258.0,68272.0,68248.0,68272.0,0.309344
1772076960.0,68271.0,68271.0,68204.0,68218.0,0.28081277
1772077020.0,68222.0,68222.0,68159.0,68175.0,1.12189927
1772077080.0,68193.0,68193.0,68179.0,68191.0,1.1763799
1772077140.0,68195.0,68229.0,68138.0,68138.0,1.48911572
1772077200.0,68134.0,68184.0,68128.0,68182.0,2.26870083
1772077260.0,68182.0,68246.0,68179.0,68240.0,2.71431878
1772077320.0,68243.0,68264.0,68243.0,68264.0,1.16852291
1772077380.0,68264.0,68270.0,68264.0,68267.0,0.92784881
1772077440.0,68272.0,68272.0,68244.0,68244.0,0.40870982
1772077500.0,68234.0,68258.0,68234.0,68252.0,0.22979029
1772077560.0,68255.0,68278.0,68255.0,68278.0,0.26157028
1772077620.0,68292.0,68297.0,68274.0,68297.0,0.12638093
1772077680.0,68300.0,68319.0,68300.0,68318.0,0.13830803
1772077740.0,68289.0,68296.0,68268.0,68288.0,0.41858889
1772077800.0,68288.0,68289.0,68264.0,68288.0,0.3375674
1772077860.0,68297.0,68304.0,68286.0,68291.0,0.04540447
1772077920.0,68281.0,68292.0,68257.0,68259.0,0.42811327
1772077980.0,68260.0,68260.0,68239.0,68239.0,0.79492074
1772078040.0,68240.0,68240.0,68204.0,68217.0,0.26532025
1772078100.0,68200.0,68210.0,68194.0,68202.0,0.59134303
1772078160.0,68203.0,68212.0,68191.0,68210.0,0.37965099
1772078220.0,68229.0,68229.0,68187.0,68187.0,0.33515041
1772078280.0,68217.0,68217.0,68205.0,68205.0,0.00421732
1772078340.0,68205.0,68223.0,68205.0,68222.0,0.30569207
1772078400.0,68194.0,68234.0,68194.0,68234.0,0.02477954
1772078460.0,68233.0,68246.0,68202.0,68222.0,0.94760046
1772078520.0,68202.0,68220.0,68189.0,68220.0,0.29123117
1772078580.0,68227.0,68264.0,68227.0,68253.0,0.80873683
1772078640.0,68254.0,68278.0,68254.0,68276.0,0.46468586
1772078700.0,68277.0,68289.0,68276.0,68289.0,0.14117186
1772078760.0,68290.0,68299.0,68288.0,68299.0,0.02136594
1772078820.0,68299.0,68299.0,68293.0,68296.0,0.15776211
1772078880.0,68296.0,68322.0,68296.0,68322.0,0.00343357
1772078940.0,68321.0,68456.0,68315.0,68438.0,2.81072047
1772079000.0,68438.0,68560.0,68438.0,68560.0,55.45677408
1772079060.0,68560.0,68582.0,68542.0,68543.0,8.06651107
1772079120.0,68542.0,68570.0,68517.0,68570.0,1.97606695
1772079180.0,68573.0,68602.0,68524.0,68549.0,3.86689542
1772079240.0,68559.0,68559.0,68479.0,68507.0,1.65946921
1772079300.0,68524.0,68585.0,68524.0,68585.0,1.44879973
1772079360.0,68584.0,68679.0,68571.0,68679.0,4.56790446
1772079420.0,68658.0,68690.0,68655.0,68657.0,1.18351725
1772079480.0,68628.0,68682.0,68615.0,68656.0,1.9593473
1772079540.0,68634.0,68634.0,68610.0,68616.0,0.25445612
1772079600.0,68612.0,68612.0,68539.0,68539.0,1.27544116
1772079660.0,68509.0,68510.0,68425.0,68425.0,4.95243256
1772079720.0,68423.0,68468.0,68423.0,68467.0,0.2486307
1772079780.0,68466.0,68525.0,68466.0,68508.0,0.30218142
1772079840.0,68519.0,68519.0,68502.0,68515.0,0.77338507
1772079900.0,68525.0,68588.0,68521.0,68573.0,2.16630107
1772079960.0,68606.0,68610.0,68605.0,68605.0,0.56955297
1772080020.0,68604.0,68604.0,68555.0,68575.0,1.30624529
1772080080.0,68575.0,68594.0,68575.0,68594.0,0.23210206
1772080140.0,68594.0,68605.0,68561.0,68561.0,2.85774313
1772080200.0,68561.0,68598.0,68553.0,68584.0,0.44850322
1772080260.0,68602.0,68659.0,68602.0,68650.0,0.76666342
1772080320.0,68646.0,68808.0,68646.0,68790.0,21.10794
1772080380.0,68787.0,68813.0,68724.0,68813.0,6.28357249
1772080440.0,68800.0,68800.0,68730.0,68736.0,3.21293737
1772080500.0,68738.0,68750.0,68690.0,68690.0,2.35272813
1772080560.0,68694.0,68782.0,68694.0,68781.0,0.58452501
1772080620.0,68780.0,68833.0,68705.0,68741.0,4.20519309
1772080680.0,68750.0,68757.0,68723.0,68723.0,1.16499003
1772080740.0,68724.0,68733.0,68716.0,68733.0,1.68184092
1772080800.0,68732.0,68828.0,68726.0,68813.0,2.07951776
1772080860.0,68810.0,68841.0,68789.0,68804.0,1.763613
1772080920.0,68805.0,68822.0,68790.0,68790.0,0.28103702
1772080980.0,68780.0,68780.0,68688.0,68692.0,0.8421916
1772081040.0,68711.0,68740.0,68706.0,68735.0,0.30087449
1772081100.0,68737.0,68743.0,68731.0,68737.0,0.49011284
1772081160.0,68739.0,68739.0,68665.0,68690.0,2.38054214
1772081220.0,68691.0,68706.0,68690.0,68699.0,0.43370844
1772081280.0,68716.0,68727.0,68700.0,68700.0,0.41076567
1772081340.0,68711.0,68711.0,68700.0,68700.0,0.15997412
1772081400.0,68695.0,68695.0,68620.0,68633.0,2.09700872
1772081460.0,68655.0,68655.0,68627.0,68641.0,0.57887603
1772081520.0,68637.0,68653.0,68635.0,68642.0,0.10154932
1772081580.0,68642.0,68654.0,68639.0,68639.0,0.36660205
1772081640.0,68643.0,68656.0,68643.0,68656.0,0.24536158
1772081700.0,68657.0,68657.0,68619.0,68619.0,0.20074439
1772081760.0,68619.0,68625.0,68615.0,68625.0,0.41382808
1772081820.0,68636.0,68643.0,68618.0,68618.0,0.27340046
1772081880.0,68616.0,68616.0,68585.0,68592.0,0.49987068
1772081940.0,68591.0,68592.0,68573.0,68573.0,0.27049151
1772082000.0,68574.0,68574.0,68505.0,68505.0,1.40737107
1772082060.0,68505.0,68563.0,68505.0,68550.0,0.32623183
1772082120.0,68549.0,68549.0,68454.0,68454.0,1.01370654
1772082180.0,68456.0,68493.0,68445.0,68490.0,0.88529972
1772082240.0,68490.0,68492.0,68481.0,68488.0,0.26426114
1772082300.0,68487.0,68487.0,68390.0,68390.0,0.86043814
1772082360.0,68397.0,68429.0,68383.0,68383.0,0.61530522
1772082420.0,68382.0,68384.0,68349.0,68364.0,1.49324053
1772082480.0,68352.0,68352.0,68295.0,68317.0,1.43875404
1772082540.0,68341.0,68352.0,68294.0,68348.0,2.47892813
1772082600.0,68338.0,68357.0,68315.0,68315.0,0.70716094
1772082660.0,68330.0,68341.0,68240.0,68287.0,1.81868077
1772082720.0,68300.0,68333.0,68298.0,68301.0,1.1584674
1772082780.0,68301.0,68313.0,68301.0,68313.0,0.0365419
1772082840.0,68320.0,68325.0,68304.0,68304.0,0.38605089
1772082900.0,68303.0,68325.0,68232.0,68232.0,2.39461182
1772082960.0,68233.0,68234.0,68167.0,68168.0,12.18141015
1772083020.0,68168.0,68197.0,68167.0,68196.0,41.21642488
1772083080.0,68200.0,68255.0,68193.0,68247.0,5.64990381
1772083140.0,68247.0,68285.0,68228.0,68256.0,1.65917966
1772083200.0,68273.0,68284.0,68257.0,68270.0,3.65395004
1772083260.0,68274.0,68333.0,68238.0,68321.0,1.33328255
1772083320.0,68319.0,68319.0,68288.0,68288.0,1.62124886
1772083380.0,68280.0,68280.0,68235.0,68277.0,1.82087604
1772083440.0,68305.0,68389.0,68305.0,68362.0,3.21919607
1772083500.0,68362.0,68376.0,68345.0,68360.0,1.12547144
1772083560.0,68364.0,68401.0,68364.0,68397.0,4.35967497
1772083620.0,68396.0,68397.0,68377.0,68395.0,2.00446725
1772083680.0,68398.0,68410.0,68393.0,68401.0,0.68413883
1772083740.0,68395.0,68395.0,68381.0,68381.0,0.49903816
1772083800.0,68367.0,68367.0,68337.0,68354.0,1.2275803
1772083860.0,68353.0,68353.0,68277.0,68344.0,0.56797623
1772083920.0,68340.0,68385.0,68339.0,68385.0,0.03661061
1772083980.0,68399.0,68418.0,68391.0,68418.0,3.10280349
1772084040.0,68418.0,68418.0,68407.0,68407.0,0.65836169
1772084100.0,68401.0,68402.0,68375.0,68379.0,1.49914592
1772084160.0,68378.0,68394.0,68342.0,68378.0,1.62710781
1772084220.0,68377.0,68377.0,68302.0,68338.0,1.118485
1772084280.0,68332.0,68384.0,68332.0,68382.0,0.30108478
1772084340.0,68381.0,68383.0,68379.0,68380.0,0.93854731
1772084400.0,68380.0,68380.0,68358.0,68375.0,0.42878687
1772084460.0,68382.0,68414.0,68382.0,68414.0,0.40770556
1772084520.0,68418.0,68447.0,68416.0,68436.0,0.48720572
1772084580.0,68438.0,68438.0,68428.0,68429.0,0.02390018
1772084640.0,68429.0,68429.0,68413.0,68418.0,0.18228513
1772084700.0,68425.0,68425.0,68404.0,68404.0,0.61539132
1772084760.0,68398.0,68416.0,68358.0,68416.0,1.82806033
1772084820.0,68444.0,68478.0,68429.0,68478.0,0.53079735
1772084880.0,68481.0,68502.0,68475.0,68475.0,0.50561733
1772084940.0,68473.0,68473.0,68455.0,68455.0,0.64804581
1772085000.0,68459.0,68459.0,68419.0,68419.0,0.42487291
1772085060.0,68431.0,68451.0,68428.0,68450.0,0.05624096
1772085120.0,68451.0,68459.0,68398.0,68410.0,4.85466936
1772085180.0,68410.0,68410.0,68402.0,68408.0,0.35341174
1772085240.0,68408.0,68423.0,68408.0,68423.0,0.11529482
1772085300.0,68423.0,68452.0,68423.0,68441.0,0.5337599
1772085360.0,68453.0,68453.0,68419.0,68423.0,2.14362856
1772085420.0,68423.0,68439.0,68403.0,68439.0,4.74421362
1772085480.0,68439.0,68449.0,68435.0,68436.0,0.55172396
1772085540.0,68436.0,68458.0,68436.0,68458.0,0.1681385
1772085600.0,68458.0,68458.0,68418.0,68431.0,0.49713293
1772085660.0,68430.0,68430.0,68353.0,68373.0,0.32684512
1772085720.0,68372.0,68372.0,68346.0,68349.0,0.05268657
1772085780.0,68349.0,68349.0,68301.0,68312.0,0.07726867
1772085840.0,68312.0,68354.0,68312.0,68341.0,0.21712503
1772085900.0,68352.0,68418.0,68351.0,68406.0,0.09443018
1772085960.0,68407.0,68438.0,68398.0,68435.0,0.25785414
1772086020.0,68440.0,68529.0,68425.0,68527.0,0.9023616
1772086080.0,68514.0,68514.0,68493.0,68493.0,1.95375521
1772086140.0,68496.0,68503.0,68440.0,68440.0,0.42123305
1772086200.0,68441.0,68487.0,68441.0,68487.0,0.46232622
1772086260.0,68497.0,68506.0,68486.0,68486.0,0.32512218
1772086320.0,68472.0,68472.0,68461.0,68469.0,1.03602893
1772086380.0,68469.0,68481.0,68437.0,68437.0,1.7404501
1772086440.0,68437.0,68450.0,68437.0,68450.0,0.52776067
1772086500.0,68469.0,68469.0,68435.0,68447.0,0.42237392
1772086560.0,68446.0,68446.0,68427.0,68430.0,0.08643933
1772086620.0,68428.0,68428.0,68401.0,68405.0,0.60145686
1772086680.0,68404.0,68404.0,68313.0,68320.0,1.8265075
1772086740.0,68323.0,68344.0,68323.0,68341.0,1.61598166
1772086800.0,68340.0,68368.0,68338.0,68367.0,0.58141505
1772086860.0,68354.0,68362.0,68351.0,68362.0,0.11673436
1772086920.0,68346.0,68346.0,68327.0,68331.0,0.01693849
1772086980.0,68335.0,68413.0,68335.0,68369.0,3.56389283
1772087040.0,68369.0,68395.0,68369.0,68394.0,0.51315069
1772087100.0,68391.0,68391.0,68370.0,68379.0,0.03328352
1772087160.0,68381.0,68392.0,68358.0,68385.0,0.27864125
1772087220.0,68383.0,68383.0,68368.0,68369.0,0.43126066
1772087280.0,68368.0,68368.0,68338.0,68338.0,1.79464375
1772087340.0,68333.0,68333.0,68264.0,68266.0,0.55342402
1772087400.0,68267.0,68267.0,68213.0,68213.0,0.63047501
1772087460.0,68235.0,68235.0,68170.0,68172.0,4.1305398
1772087520.0,68168.0,68210.0,68168.0,68199.0,0.65411478
1772087580.0,68195.0,68195.0,68135.0,68161.0,3.02811009
1772087640.0,68169.0,68258.0,68169.0,68233.0,0.85199494
1772087700.0,68233.0,68233.0,68209.0,68212.0,1.3627888
1772087760.0,68209.0,68209.0,68156.0,68162.0,0.44868565
1772087820.0,68158.0,68205.0,68155.0,68205.0,0.03702267
1772087880.0,68207.0,68209.0,68194.0,68206.0,0.34821082
1772087940.0,68208.0,68234.0,68208.0,68233.0,0.28363152
1772088000.0,68232.0,68234.0,68214.0,68214.0,0.25829053
1772088060.0,68213.0,68213.0,68165.0,68167.0,0.46846095
1772088120.0,68167.0,68179.0,68167.0,68179.0,0.12189025
1772088180.0,68178.0,68196.0,68161.0,68161.0,0.09640038
1772088240.0,68161.0,68161.0,68138.0,68140.0,0.28751944
1772088300.0,68137.0,68144.0,68137.0,68140.0,0.37036211
1772088360.0,68148.0,68148.0,68077.0,68109.0,6.81614748
1772088420.0,68120.0,68161.0,68102.0,68103.0,1.02011464
1772088480.0,68102.0,68173.0,68100.0,68157.0,0.1633033
1772088540.0,68156.0,68156.0,68131.0,68138.0,0.18067176
1772088600.0,68160.0,68206.0,68158.0,68206.0,0.11943664
1772088660.0,68206.0,68206.0,68174.0,68185.0,1.32682064
1772088720.0,68204.0,68232.0,68197.0,68208.0,0.13054658
1772088780.0,68210.0,68210.0,68196.0,68210.0,0.4126806
1772088840.0,68209.0,68209.0,68145.0,68145.0,0.33215395
1772088900.0,68147.0,68180.0,68147.0,68171.0,0.34186843
1772088960.0,68180.0,68180.0,68180.0,68180.0,0.002953
1772089020.0,68186.0,68189.0,68178.0,68178.0,0.28232058
1772089080.0,68191.0,68204.0,68191.0,68191.0,1.78562805
1772089140.0,68186.0,68186.0,68186.0,68186.0,0.1401383
1772089200.0,68186.0,68231.0,68176.0,68215.0,3.61442007
1772089260.0,68213.0,68248.0,68213.0,68248.0,0.31203657
1772089320.0,68256.0,68256.0,68207.0,68208.0,0.71030208
1772089380.0,68205.0,68217.0,68201.0,68217.0,0.22223956
1772089440.0,68226.0,68238.0,68223.0,68237.0,0.40078138
1772089500.0,68236.0,68236.0,68208.0,68208.0,1.52602439
1772089560.0,68209.0,68217.0,68209.0,68217.0,0.152004
1772089620.0,68220.0,68221.0,68199.0,68207.0,0.68187151
1772089680.0,68207.0,68261.0,68201.0,68244.0,0.58215628
1772089740.0,68236.0,68237.0,68219.0,68237.0,0.68493964
1772089800.0,68245.0,68274.0,68242.0,68272.0,2.13673235
1772089860.0,68229.0,68248.0,68223.0,68232.0,0.37585444
1772089920.0,68223.0,68249.0,68210.0,68249.0,0.41843618
1772089980.0,68248.0,68250.0,68234.0,68234.0,0.42980641
1772090040.0,68233.0,68234.0,68208.0,68234.0,0.92262189
1772090100.0,68238.0,68247.0,68238.0,68245.0,0.04795632
1772090160.0,68231.0,68231.0,68168.0,68219.0,0.63525115
1772090220.0,68242.0,68242.0,68217.0,68218.0,0.83764956
1772090280.0,68226.0,68226.0,68192.0,68197.0,0.22561691
1772090340.0,68197.0,68197.0,68147.0,68147.0,0.21302432
1772090400.0,68136.0,68136.0,68112.0,68131.0,0.78523488
1772090460.0,68132.0,68241.0,68131.0,68241.0,1.18371808
1772090520.0,68244.0,68256.0,68226.0,68255.0,0.78207094
1772090580.0,68255.0,68291.0,68219.0,68220.0,4.85801197
1772090640.0,68226.0,68228.0,68208.0,68208.0,1.0727691
1772090700.0,68208.0,68220.0,68205.0,68205.0,0.43729275
1772090760.0,68156.0,68182.0,68155.0,68182.0,0.58008417
1772090820.0,68202.0,68206.0,68198.0,68205.0,0.34823087
1772090880.0,68205.0,68205.0,68191.0,68193.0,0.09209326
1772090940.0,68202.0,68202.0,68182.0,68185.0,0.37404827
1772091000.0,68185.0,68189.0,68177.0,68189.0,0.34949977
1772091060.0,68199.0,68199.0,68177.0,68190.0,0.13681112
1772091120.0,68195.0,68198.0,68168.0,68168.0,0.17061235
1772091180.0,68167.0,68176.0,68147.0,68147.0,0.19890513
1772091240.0,68147.0,68147.0,68109.0,68118.0,1.59898984
1772091300.0,68119.0,68152.0,68119.0,68140.0,1.62970947
1772091360.0,68145.0,68145.0,68127.0,68127.0,0.33340143
1772091420.0,68112.0,68116.0,68061.0,68061.0,3.83333471
1772091480.0,68062.0,68074.0,68045.0,68060.0,1.53369683
1772091540.0,68061.0,68073.0,68061.0,68073.0,1.09219954
1772091600.0,68073.0,68098.0,68051.0,68060.0,0.55634539
1772091660.0,68057.0,68057.0,68020.0,68042.0,2.38033537
1772091720.0,68051.0,68058.0,68022.0,68022.0,2.11840981
1772091780.0,68022.0,68026.0,68010.0,68010.0,0.76480351
1772091840.0,68019.0,68034.0,68007.0,68008.0,0.94613795
1772091900.0,67995.0,68013.0,67993.0,68013.0,3.63374304
1772091960.0,68016.0,68021.0,67971.0,67972.0,1.26385133
1772092020.0,67970.0,67999.0,67963.0,67963.0,0.63106016
1772092080.0,67963.0,67973.0,67963.0,67972.0,0.53802932
1772092140.0,67973.0,67992.0,67969.0,67992.0,0.90098915
1772092200.0,68002.0,68002.0,67973.0,67973.0,0.38491864
1772092260.0,67963.0,67963.0,67857.0,67857.0,17.53415043
1772092320.0,67850.0,67882.0,67849.0,67850.0,2.73862394
1772092380.0,67852.0,67884.0,67850.0,67867.0,0.7567248
1772092440.0,67875.0,67896.0,67875.0,67895.0,0.76445615
1772092500.0,67892.0,67905.0,67880.0,67880.0,1.2930283
1772092560.0,67880.0,67880.0,67878.0,67878.0,0.11176333
1772092620.0,67864.0,67879.0,67864.0,67877.0,0.13872338
1772092680.0,67878.0,67878.0,67857.0,67857.0,2.82198025
1772092740.0,67850.0,67850.0,67841.0,67842.0,1.09829094
1772092800.0,67841.0,67891.0,67841.0,67885.0,2.69690114
1772092860.0,67884.0,67931.0,67884.0,67903.0,0.23086352
1772092920.0,67897.0,67897.0,67809.0,67857.0,5.88323782
1772092980.0,67857.0,67929.0,67857.0,67886.0,2.76968851
1772093040.0,67882.0,67898.0,67869.0,67885.0,1.20252724
1772093100.0,67897.0,67903.0,67869.0,67869.0,0.21823971
1772093160.0,67868.0,67903.0,67868.0,67903.0,1.01319876
1772093220.0,67903.0,67940.0,67890.0,67907.0,1.45363164
1772093280.0,67905.0,67925.0,67893.0,67914.0,1.32821852
1772093340.0,67915.0,67915.0,67882.0,67898.0,0.78502108
1772093400.0,67898.0,67933.0,67898.0,67933.0,0.73018125
1772093460.0,67934.0,67955.0,67934.0,67949.0,0.68107766
1772093520.0,67977.0,68058.0,67972.0,68047.0,5.56696897
1772093580.0,68043.0,68043.0,68007.0,68007.0,2.10618821
1772093640.0,68012.0,68055.0,68012.0,68054.0,3.30212692
1772093700.0,68053.0,68104.0,68037.0,68102.0,4.07017627
1772093760.0,68102.0,68102.0,68067.0,68080.0,2.687623
1772093820.0,68060.0,68069.0,68034.0,68034.0,0.93271986
1772093880.0,68035.0,68035.0,68023.0,68023.0,0.42559346
1772093940.0,68029.0,68074.0,68029.0,68074.0,1.31786051
1772094000.0,68081.0,68172.0,68079.0,68172.0,4.02608389
1772094060.0,68177.0,68235.0,68142.0,68183.0,3.2977182
1772094120.0,68196.0,68196.0,68128.0,68128.0,1.79482741
1772094180.0,68139.0,68155.0,68127.0,68142.0,0.261945
1772094240.0,68144.0,68159.0,68132.0,68159.0,0.8978394
1772094300.0,68163.0,68163.0,68111.0,68111.0,0.15166829
1772094360.0,68112.0,68164.0,68108.0,68161.0,1.8626573
1772094420.0,68140.0,68140.0,68088.0,68088.0,1.47501242
1772094480.0,68068.0,68068.0,68006.0,68006.0,0.44345653
1772094540.0,68013.0,68037.0,67976.0,68037.0,0.57168422
1772094600.0,68036.0,68036.0,68017.0,68017.0,0.81299799
1772094660.0,68045.0,68060.0,68019.0,68020.0,0.08141574
1772094720.0,67990.0,68068.0,67990.0,68037.0,0.64533495
1772094780.0,68033.0,68033.0,68006.0,68017.0,0.56620549
1772094840.0,68018.0,68019.0,67947.0,68007.0,1.72180649
1772094900.0,68013.0,68074.0,68013.0,68062.0,2.54114978
1772094960.0,68066.0,68120.0,68066.0,68120.0,0.31723205
1772095020.0,68128.0,68132.0,68095.0,68098.0,0.88163384
1772095080.0,68097.0,68097.0,68081.0,68088.0,0.47268947
1772095140.0,68090.0,68145.0,68086.0,68133.0,1.85481475
1772095200.0,68133.0,68133.0,68074.0,68074.0,0.21936538
1772095260.0,68078.0,68078.0,68051.0,68051.0,0.69391752
1772095320.0,68042.0,68049.0,68007.0,68007.0,0.91897891
1772095380.0,68007.0,68013.0,67953.0,67953.0,0.55344639
1772095440.0,67948.0,67996.0,67938.0,67996.0,0.1624178
1772095500.0,68010.0,68020.0,67959.0,68017.0,2.56407843
1772095560.0,68027.0,68030.0,68017.0,68018.0,0.18777051
1772095620.0,68036.0,68065.0,68035.0,68050.0,0.36528797
1772095680.0,68071.0,68091.0,68058.0,68070.0,4.52472838
1772095740.0,68078.0,68105.0,68078.0,68083.0,0.53920117
1772095800.0,68080.0,68097.0,68073.0,68074.0,1.33764043
1772095860.0,68074.0,68128.0,68074.0,68105.0,0.82985087
1772095920.0,68102.0,68102.0,68077.0,68078.0,0.56137398
1772095980.0,68080.0,68088.0,68063.0,68065.0,0.17887258
1772096040.0,68069.0,68069.0,68047.0,68047.0,0.28065109
1772096100.0,68047.0,68051.0,68034.0,68034.0,0.21339549
1772096160.0,68028.0,68028.0,67969.0,67969.0,0.74850411
1772096220.0,67968.0,67984.0,67967.0,67976.0,1.52144421
1772096280.0,67975.0,67975.0,67953.0,67966.0,0.17046291
1772096340.0,67960.0,67974.0,67927.0,67960.0,0.63119437
1772096400.0,67967.0,68016.0,67946.0,68016.0,2.26214664
1772096460.0,68014.0,68014.0,67944.0,67957.0,0.33408828
1772096520.0,67949.0,67991.0,67949.0,67989.0,0.08222501
1772096580.0,67985.0,67992.0,67973.0,67988.0,0.30168782
1772096640.0,67993.0,68002.0,67988.0,67988.0,0.19359772
1772096700.0,68002.0,68079.0,68002.0,68031.0,0.64156219
1772096760.0,68040.0,68051.0,68040.0,68040.0,0.46378387
1772096820.0,68039.0,68088.0,68039.0,68088.0,0.95369834
1772096880.0,68100.0,68113.0,68093.0,68095.0,0.55234756
1772096940.0,68080.0,68100.0,68072.0,68098.0,0.09206154
1772097000.0,68116.0,68151.0,68114.0,68151.0,0.23825084
1772097060.0,68158.0,68198.0,68136.0,68183.0,4.82129713
1772097120.0,68203.0,68362.0,68203.0,68361.0,0.8590797
1772097180.0,68359.0,68365.0,68306.0,68328.0,1.62727498
1772097240.0,68321.0,68403.0,68321.0,68336.0,16.83415926
1772097300.0,68323.0,68323.0,68264.0,68264.0,1.67448014
1772097360.0,68265.0,68283.0,68243.0,68243.0,0.88954375
1772097420.0,68240.0,68301.0,68240.0,68269.0,0.99421325
1772097480.0,68252.0,68253.0,68225.0,68244.0,0.41914383
1772097540.0,68225.0,68231.0,68193.0,68212.0,0.97878421
1772097600.0,68211.0,68211.0,68171.0,68183.0,0.63097395
1772097660.0,68182.0,68219.0,68177.0,68219.0,0.49483987
1772097720.0,68218.0,68218.0,68191.0,68210.0,0.8233702
1772097780.0,68214.0,68231.0,68213.0,68231.0,0.04250863
1772097840.0,68239.0,68239.0,68226.0,68228.0,1.03845986
1772097900.0,68213.0,68214.0,68166.0,68174.0,0.82582687
1772097960.0,68173.0,68191.0,68167.0,68183.0,0.87552351
1772098020.0,68183.0,68193.0,68183.0,68184.0,0.04945484
1772098080.0,68183.0,68183.0,68174.0,68174.0,0.18792175
1772098140.0,68174.0,68185.0,68171.0,68185.0,0.04875941
1772098200.0,68190.0,68190.0,68154.0,68157.0,0.32927924
1772098260.0,68172.0,68301.0,68172.0,68265.0,3.4149707
1772098320.0,68245.0,68290.0,68235.0,68290.0,0.50202506
1772098380.0,68304.0,68313.0,68302.0,68302.0,0.53296544
1772098440.0,68302.0,68306.0,68299.0,68299.0,0.08588417
1772098500.0,68298.0,68377.0,68280.0,68360.0,1.66048059
1772098560.0,68374.0,68469.0,68374.0,68410.0,2.36381216
1772098620.0,68421.0,68469.0,68417.0,68450.0,4.65084771
1772098680.0,68451.0,68454.0,68431.0,68442.0,0.90824934
1772098740.0,68441.0,68456.0,68416.0,68456.0,0.89394837
1772098800.0,68459.0,68459.0,68409.0,68409.0,0.63469536
1772098860.0,68408.0,68442.0,68405.0,68442.0,0.8537817
1772098920.0,68441.0,68441.0,68427.0,68427.0,0.0405758
1772098980.0,68426.0,68470.0,68415.0,68428.0,3.5321813
1772099040.0,68419.0,68419.0,68399.0,68401.0,0.48756087
1772099100.0,68398.0,68477.0,68398.0,68476.0,1.15547931
1772099160.0,68476.0,68487.0,68454.0,68487.0,51.83040791
1772099220.0,68485.0,68492.0,68448.0,68492.0,1.56160082
1772099280.0,68494.0,68494.0,68460.0,68484.0,2.01808493
1772099340.0,68481.0,68535.0,68480.0,68520.0,5.31220066
1772099400.0,68518.0,68518.0,68509.0,68514.0,0.50947501
1772099460.0,68515.0,68569.0,68506.0,68558.0,4.32865418
1772099520.0,68564.0,68632.0,68564.0,68620.0,5.50363181
1772099580.0,68617.0,68617.0,68600.0,68603.0,2.21462827
1772099640.0,68603.0,68603.0,68590.0,68592.0,0.06094972
1772099700.0,68593.0,68593.0,68553.0,68553.0,1.58183349
1772099760.0,68552.0,68561.0,68541.0,68559.0,0.76284481
1772099820.0,68558.0,68563.0,68539.0,68541.0,1.01913116
1772099880.0,68540.0,68563.0,68540.0,68542.0,1.71789709
1772099940.0,68542.0,68576.0,68542.0,68576.0,1.45591726
1772100000.0,68584.0,68606.0,68564.0,68604.0,0.47902598
1772100060.0,68595.0,68636.0,68592.0,68636.0,7.74918656
1772100120.0,68640.0,68640.0,68603.0,68612.0,1.28750853
1772100180.0,68602.0,68628.0,68602.0,68619.0,1.00921469
1772100240.0,68619.0,68648.0,68619.0,68639.0,0.34174848
1772100300.0,68635.0,68635.0,68569.0,68582.0,2.22162631
1772100360.0,68582.0,68598.0,68575.0,68580.0,0.50385942
1772100420.0,68581.0,68603.0,68569.0,68578.0,0.70207654
1772100480.0,68578.0,68613.0,68578.0,68602.0,3.33358467
1772100540.0,68601.0,68643.0,68597.0,68622.0,1.59015546
1772100600.0,68622.0,68710.0,68601.0,68695.0,1.88726817
1772100660.0,68692.0,68692.0,68647.0,68647.0,1.2030416
1772100720.0,68624.0,68624.0,68497.0,68506.0,5.84006372
1772100780.0,68510.0,68523.0,68500.0,68523.0,0.62010839
1772100840.0,68526.0,68528.0,68505.0,68519.0,1.61196589
1772100900.0,68518.0,68526.0,68502.0,68526.0,1.07394193
1772100960.0,68526.0,68526.0,68502.0,68503.0,0.21139649
1772101020.0,68505.0,68505.0,68465.0,68468.0,3.4262284
1772101080.0,68468.0,68489.0,68468.0,68489.0,1.14063429
1772101140.0,68487.0,68487.0,68442.0,68472.0,6.62062102
1772101200.0,68440.0,68460.0,68428.0,68460.0,0.49466674
1772101260.0,68463.0,68472.0,68456.0,68472.0,0.16273982
1772101320.0,68471.0,68482.0,68452.0,68454.0,0.70468477
1772101380.0,68454.0,68468.0,68454.0,68468.0,0.42346739
1772101440.0,68476.0,68483.0,68455.0,68467.0,1.98650246
1772101500.0,68467.0,68467.0,68451.0,68451.0,0.14202033
1772101560.0,68445.0,68445.0,68407.0,68420.0,0.64874853
1772101620.0,68421.0,68437.0,68421.0,68433.0,2.7058479
1772101680.0,68433.0,68433.0,68389.0,68389.0,0.17325037
1772101740.0,68376.0,68393.0,68334.0,68334.0,1.81988645
1772101800.0,68332.0,68332.0,68279.0,68280.0,2.22571346
1772101860.0,68288.0,68333.0,68288.0,68333.0,0.69838025
1772101920.0,68342.0,68407.0,68342.0,68394.0,2.57457952
1772101980.0,68394.0,68413.0,68394.0,68407.0,0.64759552
1772102040.0,68385.0,68392.0,68355.0,68367.0,1.04561094
1772102100.0,68374.0,68391.0,68374.0,68374.0,0.26705211
1772102160.0,68371.0,68434.0,68371.0,68431.0,0.92261751
1772102220.0,68429.0,68440.0,68413.0,68413.0,5.23238386
1772102280.0,68413.0,68430.0,68413.0,68430.0,0.25596562
1772102340.0,68437.0,68445.0,68437.0,68445.0,1.15039573
1772102400.0,68459.0,68459.0,68389.0,68408.0,0.49497533
1772102460.0,68424.0,68424.0,68407.0,68408.0,0.01805933
1772102520.0,68395.0,68396.0,68383.0,68383.0,0.04446833
1772102580.0,68384.0,68415.0,68384.0,68415.0,0.67343584
1772102640.0,68414.0,68434.0,68389.0,68434.0,0.31883854
1772102700.0,68438.0,68452.0,68438.0,68450.0,0.56399417
1772102760.0,68447.0,68447.0,68429.0,68437.0,0.03135788
1772102820.0,68442.0,68442.0,68408.0,68418.0,0.14664477
1772102880.0,68421.0,68440.0,68404.0,68428.0,0.35618613
1772102940.0,68427.0,68427.0,68357.0,68374.0,0.80728843
1772103000.0,68374.0,68387.0,68353.0,68370.0,0.60325824
1772103060.0,68360.0,68371.0,68355.0,68366.0,0.72858937
1772103120.0,68375.0,68375.0,68322.0,68322.0,1.13383268
1772103180.0,68312.0,68330.0,68285.0,68291.0,1.46598637
1772103240.0,68291.0,68304.0,68263.0,68271.0,1.45565984
1772103300.0,68272.0,68306.0,68272.0,68301.0,0.7122045
1772103360.0,68304.0,68304.0,68266.0,68266.0,1.68683605
1772103420.0,68265.0,68289.0,68264.0,68289.0,0.54442085
1772103480.0,68292.0,68304.0,68292.0,68304.0,0.18800512
1772103540.0,68304.0,68323.0,68304.0,68304.0,0.35447915
1772103600.0,68304.0,68322.0,68265.0,68306.0,0.46540995
1772103660.0,68315.0,68329.0,68283.0,68329.0,0.46980607
1772103720.0,68382.0,68382.0,68325.0,68332.0,0.68746334
1772103780.0,68332.0,68367.0,68326.0,68357.0,1.26108928
1772103840.0,68365.0,68369.0,68362.0,68369.0,0.12731608
1772103900.0,68368.0,68397.0,68357.0,68363.0,0.55791602
1772103960.0,68363.0,68365.0,68344.0,68352.0,0.48073402
1772104020.0,68348.0,68363.0,68335.0,68359.0,0.53901974
1772104080.0,68353.0,68353.0,68336.0,68336.0,0.08802421
1772104140.0,68332.0,68332.0,68273.0,68273.0,0.38039271
1772104200.0,68276.0,68368.0,68276.0,68368.0,0.7872353
1772104260.0,68378.0,68378.0,68347.0,68353.0,0.47851688
1772104320.0,68359.0,68359.0,68329.0,68329.0,0.03102779
1772104380.0,68330.0,68353.0,68330.0,68353.0,0.62179684
1772104440.0,68354.0,68354.0,68349.0,68349.0,0.07212914
1772104500.0,68349.0,68352.0,68345.0,68352.0,0.59775072
1772104560.0,68353.0,68353.0,68308.0,68308.0,0.15681723
1772104620.0,68306.0,68306.0,68253.0,68289.0,3.64006869
1772104680.0,68287.0,68287.0,68247.0,68254.0,0.44786922
1772104740.0,68241.0,68255.0,68218.0,68218.0,0.25682431
1772104800.0,68216.0,68238.0,68216.0,68226.0,1.01134057
1772104860.0,68227.0,68258.0,68227.0,68246.0,0.85731004
1772104920.0,68242.0,68242.0,68207.0,68207.0,0.74086826
1772104980.0,68207.0,68208.0,68197.0,68207.0,1.09141584
1772105040.0,68207.0,68214.0,68205.0,68209.0,0.90803764
1772105100.0,68209.0,68218.0,68209.0,68218.0,0.84701793
1772105160.0,68234.0,68265.0,68233.0,68259.0,0.77355399
1772105220.0,68255.0,68255.0,68221.0,68221.0,0.53335524
1772105280.0,68212.0,68212.0,68175.0,68175.0,0.79343847
1772105340.0,68172.0,68172.0,68154.0,68162.0,0.8193378
1772105400.0,68162.0,68171.0,68162.0,68168.0,0.73812622
1772105460.0,68168.0,68168.0,68129.0,68134.0,2.61925773
1772105520.0,68135.0,68211.0,68135.0,68176.0,1.02417554
1772105580.0,68176.0,68200.0,68176.0,68194.0,0.79294372
1772105640.0,68194.0,68207.0,68194.0,68207.0,1.02466244
1772105700.0,68208.0,68218.0,68205.0,68205.0,0.96892624
1772105760.0,68205.0,68226.0,68205.0,68213.0,2.57002981
1772105820.0,68213.0,68219.0,68198.0,68198.0,0.63438381
1772105880.0,68197.0,68197.0,68176.0,68177.0,0.74859653
1772105940.0,68176.0,68191.0,68175.0,68183.0,0.66185244
1772106000.0,68183.0,68213.0,68179.0,68206.0,0.76457458
1772106060.0,68200.0,68200.0,68182.0,68182.0,0.89204157
1772106120.0,68177.0,68177.0,68131.0,68131.0,1.33777406
1772106180.0,68123.0,68123.0,68077.0,68079.0,2.19295063
1772106240.0,68079.0,68087.0,68079.0,68086.0,0.15826472
1772106300.0,68086.0,68094.0,68044.0,68044.0,0.9420921
1772106360.0,68044.0,68057.0,68037.0,68040.0,0.79692562
1772106420.0,68021.0,68022.0,68010.0,68017.0,0.3349627
1772106480.0,68015.0,68021.0,68004.0,68008.0,1.33532879
1772106540.0,68005.0,68020.0,67997.0,68020.0,2.00550732
1772106600.0,68019.0,68019.0,67992.0,67998.0,0.90002138
1772106660.0,68010.0,68010.0,67989.0,68004.0,0.16574901
1772106720.0,68004.0,68005.0,67985.0,67985.0,0.80109384
1772106780.0,68012.0,68012.0,68008.0,68009.0,0.35211199
1772106840.0,68015.0,68023.0,68012.0,68012.0,0.51903967
1772106900.0,68012.0,68025.0,68012.0,68024.0,1.27380641
1772106960.0,68024.0,68025.0,68019.0,68023.0,0.76185224
1772107020.0,68022.0,68027.0,68013.0,68027.0,0.51463593
1772107080.0,68027.0,68040.0,68027.0,68036.0,0.365086
1772107140.0,68036.0,68041.0,68036.0,68041.0,0.26813149
1772107200.0,68051.0,68130.0,68051.0,68130.0,0.94969049
1772107260.0,68132.0,68146.0,68073.0,68073.0,0.46201664
1772107320.0,68073.0,68073.0,68032.0,68047.0,0.50745045
1772107380.0,68069.0,68102.0,68065.0,68102.0,0.21700446
1772107440.0,68108.0,68194.0,68104.0,68161.0,2.06925153
1772107500.0,68161.0,68180.0,68145.0,68180.0,0.41944975
1772107560.0,68179.0,68179.0,68146.0,68146.0,0.18119596
1772107620.0,68147.0,68187.0,68147.0,68174.0,4.41198438
1772107680.0,68175.0,68186.0,68175.0,68186.0,0.7462061
1772107740.0,68190.0,68238.0,68190.0,68230.0,0.87798239
1772107800.0,68233.0,68233.0,68202.0,68202.0,0.65961358
1772107860.0,68197.0,68237.0,68197.0,68237.0,0.38755739
1772107920.0,68238.0,68241.0,68218.0,68226.0,3.2469754
1772107980.0,68232.0,68233.0,68219.0,68219.0,0.08453345
1772108040.0,68203.0,68203.0,68198.0,68202.0,0.72429482
1772108100.0,68202.0,68227.0,68178.0,68215.0,0.87854847
1772108160.0,68215.0,68227.0,68192.0,68192.0,0.06205354
1772108220.0,68191.0,68191.0,68153.0,68180.0,0.61900039
1772108280.0,68208.0,68268.0,68208.0,68249.0,2.5654901
1772108340.0,68249.0,68249.0,68227.0,68234.0,0.19204824
1772108400.0,68230.0,68230.0,68211.0,68222.0,0.10530036
1772108460.0,68224.0,68241.0,68222.0,68241.0,0.16282051
1772108520.0,68241.0,68264.0,68240.0,68255.0,0.26997765
1772108580.0,68263.0,68296.0,68263.0,68292.0,0.44656696
1772108640.0,68302.0,68302.0,68285.0,68291.0,0.79473091
1772108700.0,68290.0,68290.0,68264.0,68280.0,0.3379102
1772108760.0,68280.0,68289.0,68211.0,68214.0,1.70379746
1772108820.0,68216.0,68234.0,68179.0,68186.0,0.53237547
1772108880.0,68179.0,68180.0,68155.0,68180.0,0.68261264
1772108940.0,68187.0,68187.0,68148.0,68150.0,0.27166207
1772109000.0,68157.0,68197.0,68157.0,68160.0,1.09774614
1772109060.0,68159.0,68173.0,68139.0,68139.0,0.313535
1772109120.0,68147.0,68206.0,68147.0,68197.0,4.9056169
1772109180.0,68197.0,68198.0,68169.0,68178.0,1.45694221
1772109240.0,68191.0,68211.0,68191.0,68208.0,0.24878485
1772109300.0,68208.0,68208.0,68182.0,68182.0,0.01304264
1772109360.0,68185.0,68189.0,68178.0,68178.0,0.37316417
1772109420.0,68179.0,68179.0,68145.0,68145.0,0.45244566
1772109480.0,68147.0,68257.0,68147.0,68257.0,0.66821089
1772109540.0,68262.0,68291.0,68242.0,68269.0,0.75485686
1772109600.0,68269.0,68272.0,68260.0,68272.0,0.30195065
1772109660.0,68271.0,68272.0,68238.0,68238.0,0.2892471
1772109720.0,68232.0,68261.0,68209.0,68244.0,1.63746087
1772109780.0,68245.0,68264.0,68208.0,68208.0,2.10001564
1772109840.0,68190.0,68190.0,68092.0,68092.0,0.68886247
1772109900.0,68065.0,68085.0,68021.0,68070.0,1.31788558
1772109960.0,68071.0,68086.0,68044.0,68082.0,1.25437271
1772110020.0,68079.0,68081.0,68047.0,68081.0,0.98993024
1772110080.0,68080.0,68100.0,68076.0,68100.0,0.21088031
1772110140.0,68100.0,68211.0,68088.0,68195.0,5.59935168
1772110200.0,68189.0,68236.0,68176.0,68178.0,1.56993802
1772110260.0,68179.0,68179.0,68153.0,68174.0,0.59633183
1772110320.0,68177.0,68177.0,68163.0,68169.0,0.04790828
1772110380.0,68169.0,68177.0,68161.0,68177.0,0.6711296
1772110440.0,68187.0,68191.0,68176.0,68176.0,0.62872893
1772110500.0,68178.0,68187.0,68165.0,68165.0,0.53751061
1772110560.0,68156.0,68156.0,68153.0,68153.0,0.00195226
1772110620.0,68167.0,68172.0,68154.0,68172.0,0.04459808
1772110680.0,68172.0,68184.0,68172.0,68173.0,0.19731117
1772110740.0,68172.0,68174.0,68131.0,68174.0,1.44974342
1772110800.0,68175.0,68191.0,68170.0,68175.0,1.03332759
1772110860.0,68175.0,68192.0,68146.0,68158.0,0.61237048
1772110920.0,68187.0,68187.0,68150.0,68178.0,0.40462862
1772110980.0,68179.0,68193.0,68179.0,68181.0,0.86627552
1772111040.0,68179.0,68189.0,68158.0,68169.0,0.86429109
1772111100.0,68183.0,68213.0,68183.0,68199.0,0.94571591
1772111160.0,68198.0,68206.0,68195.0,68203.0,0.87441197
1772111220.0,68203.0,68203.0,68169.0,68169.0,0.3949156
1772111280.0,68168.0,68180.0,68168.0,68176.0,0.89864854
1772111340.0,68175.0,68175.0,68119.0,68123.0,0.86844328
1772111400.0,68123.0,68149.0,68123.0,68129.0,0.48927899
1772111460.0,68123.0,68123.0,68051.0,68061.0,2.30388307
1772111520.0,68060.0,68069.0,68051.0,68062.0,0.45862424
1772111580.0,68048.0,68049.0,68002.0,68014.0,1.60053115
1772111640.0,68013.0,68042.0,68002.0,68039.0,1.4907773
1772111700.0,68035.0,68036.0,68011.0,68012.0,0.36018787
1772111760.0,68029.0,68075.0,68026.0,68075.0,0.24397423
1772111820.0,68074.0,68075.0,68060.0,68060.0,0.63431268
1772111880.0,68061.0,68069.0,68002.0,68003.0,0.77344081
1772111940.0,68022.0,68050.0,68003.0,68003.0,0.41127607
1772112000.0,68004.0,68052.0,68004.0,68052.0,0.46037362
1772112060.0,68051.0,68051.0,68005.0,68013.0,0.67063528
1772112120.0,68012.0,68012.0,67958.0,67958.0,1.5119986
1772112180.0,67955.0,67981.0,67948.0,67981.0,0.98204697
1772112240.0,68003.0,68046.0,68003.0,68015.0,0.99569091
1772112300.0,68017.0,68027.0,67969.0,67969.0,2.84784777
1772112360.0,67979.0,68115.0,67979.0,68103.0,7.51558661
1772112420.0,68084.0,68135.0,68084.0,68135.0,0.12687272
1772112480.0,68134.0,68143.0,68127.0,68143.0,0.9394895
1772112540.0,68150.0,68166.0,68149.0,68159.0,0.41616105
1772112600.0,68158.0,68160.0,68120.0,68141.0,1.55114653
1772112660.0,68144.0,68191.0,68131.0,68164.0,0.5155587
1772112720.0,68163.0,68168.0,68146.0,68147.0,0.17546335
1772112780.0,68148.0,68161.0,68143.0,68143.0,0.3437726
1772112840.0,68145.0,68161.0,68131.0,68136.0,0.36507318
1772112900.0,68106.0,68107.0,68072.0,68072.0,0.24825318
1772112960.0,68080.0,68093.0,68080.0,68092.0,0.02804381
1772113020.0,68091.0,68091.0,68044.0,68047.0,0.38481379
1772113080.0,68036.0,68049.0,68036.0,68036.0,0.11162356
1772113140.0,68032.0,68038.0,67987.0,68038.0,1.36269492
1772113200.0,68042.0,68085.0,68042.0,68085.0,0.67582808
1772113260.0,68076.0,68076.0,68034.0,68034.0,0.47948667
1772113320.0,68035.0,68061.0,68035.0,68059.0,0.3136806
1772113380.0,68058.0,68058.0,68042.0,68055.0,0.01364391
1772113440.0,68056.0,68092.0,68056.0,68085.0,0.06323304
1772113500.0,68085.0,68085.0,68042.0,68042.0,0.1965567
1772113560.0,68052.0,68099.0,68052.0,68099.0,0.68142182
1772113620.0,68126.0,68195.0,68126.0,68167.0,1.79865169
1772113680.0,68167.0,68167.0,68121.0,68121.0,3.08311805
1772113740.0,68112.0,68112.0,68087.0,68098.0,2.01522443
1772113800.0,68097.0,68097.0,68036.0,68086.0,6.84796744
1772113860.0,68079.0,68079.0,68054.0,68063.0,1.69451137
1772113920.0,68056.0,68064.0,68038.0,68038.0,6.3434875
1772113980.0,68037.0,68038.0,67954.0,67977.0,11.86654694
1772114040.0,67977.0,67996.0,67975.0,67975.0,2.58105683
1772114100.0,67971.0,67973.0,67900.0,67902.0,53.52165568
1772114160.0,67914.0,67914.0,67852.0,67879.0,10.33317032
1772114220.0,67881.0,67911.0,67881.0,67898.0,3.06305905
1772114280.0,67908.0,67920.0,67908.0,67919.0,6.38221845
1772114340.0,67924.0,67940.0,67916.0,67916.0,0.83566562
1772114400.0,67910.0,67910.0,67828.0,67828.0,5.26502365
1772114460.0,67832.0,67867.0,67832.0,67849.0,1.04605879
1772114520.0,67846.0,67848.0,67770.0,67788.0,4.3290298
1772114580.0,67796.0,67825.0,67772.0,67817.0,1.34246799
1772114640.0,67816.0,67855.0,67804.0,67838.0,1.27452462
1772114700.0,67835.0,67839.0,67783.0,67833.0,1.46245052
1772114760.0,67819.0,67859.0,67703.0,67704.0,19.80000684
1772114820.0,67700.0,67728.0,67670.0,67718.0,7.23065441
1772114880.0,67718.0,67774.0,67710.0,67770.0,7.96019392
1772114940.0,67783.0,67793.0,67729.0,67729.0,0.59820711
1772115000.0,67738.0,67814.0,67738.0,67804.0,1.32196227
1772115060.0,67834.0,68001.0,67834.0,67986.0,3.34498221
1772115120.0,67991.0,68025.0,67981.0,68025.0,2.32997525
1772115180.0,68021.0,68021.0,67925.0,67997.0,1.0665301
1772115240.0,67995.0,67998.0,67974.0,67974.0,0.28091711
1772115300.0,67988.0,68000.0,67930.0,67945.0,0.62324148
1772115360.0,67945.0,67957.0,67853.0,67853.0,0.41698135
1772115420.0,67854.0,67855.0,67816.0,67855.0,1.1772477
1772115480.0,67876.0,67894.0,67874.0,67894.0,0.65775512
1772115540.0,67893.0,67906.0,67886.0,67905.0,0.8001901
1772115600.0,67906.0,67917.0,67888.0,67906.0,0.56352488
1772115660.0,67906.0,67906.0,67877.0,67900.0,1.18818109
1772115720.0,67909.0,67988.0,67888.0,67987.0,3.67592642
1772115780.0,67983.0,68134.0,67975.0,68118.0,5.74716414
1772115840.0,68119.0,68151.0,68091.0,68132.0,1.68357439
1772115900.0,68132.0,68133.0,68080.0,68102.0,5.81208272
1772115960.0,68115.0,68128.0,68098.0,68106.0,4.88706953
1772116020.0,68111.0,68138.0,68110.0,68138.0,3.00919581
1772116080.0,68143.0,68150.0,68112.0,68126.0,1.71421483
1772116140.0,68125.0,68136.0,68100.0,68125.0,1.10639297
1772116200.0,68122.0,68122.0,67751.0,67849.0,19.09155447
1772116260.0,67858.0,68109.0,67848.0,67973.0,7.74854255
1772116320.0,68020.0,68057.0,67910.0,67956.0,3.67029221
1772116380.0,67940.0,67973.0,67894.0,67917.0,5.34255292
1772116440.0,67937.0,68125.0,67925.0,68051.0,6.56957412
1772116500.0,68091.0,68270.0,68091.0,68229.0,14.65664573
1772116560.0,68226.0,68227.0,67965.0,68017.0,15.67297859
1772116620.0,68026.0,68139.0,67993.0,67993.0,11.2057468
1772116680.0,67992.0,68073.0,67894.0,67894.0,3.36830867
1772116740.0,67915.0,67985.0,67863.0,67863.0,4.64189665
1772116800.0,67863.0,67992.0,67856.0,67896.0,4.04019042
1772116860.0,67882.0,67940.0,67795.0,67931.0,5.9414721
1772116920.0,67946.0,68000.0,67877.0,67916.0,3.51262555
1772116980.0,67918.0,67988.0,67795.0,67878.0,4.89616774
1772117040.0,67898.0,67898.0,67807.0,67831.0,2.5902517
1772117100.0,67802.0,67820.0,67424.0,67424.0,16.48714889
1772117160.0,67432.0,67589.0,67430.0,67554.0,24.04349652
1772117220.0,67554.0,67554.0,67330.0,67356.0,13.99312185
1772117280.0,67361.0,67425.0,67314.0,67386.0,32.38621645
1772117340.0,67373.0,67411.0,67318.0,67364.0,7.40696972
1772117400.0,67351.0,67486.0,67351.0,67384.0,12.55128685
1772117460.0,67367.0,67367.0,67281.0,67336.0,7.22049133
1772117520.0,67333.0,67341.0,67300.0,67321.0,5.69964025
1772117580.0,67322.0,67475.0,67313.0,67454.0,7.61198972
1772117640.0,67451.0,67491.0,67344.0,67465.0,11.88758737
1772117700.0,67482.0,67613.0,67473.0,67583.0,14.24836795
1772117760.0,67587.0,67784.0,67587.0,67776.0,8.82519891
1772117820.0,67731.0,67745.0,67638.0,67663.0,1.26444536
1772117880.0,67662.0,67704.0,67604.0,67691.0,3.35851356
1772117940.0,67690.0,67715.0,67652.0,67701.0,5.60775012
1772118000.0,67701.0,67740.0,67583.0,67611.0,3.94578163
1772118060.0,67677.0,67677.0,67536.0,67568.0,2.82592908
1772118120.0,67590.0,67642.0,67541.0,67595.0,3.46210754
1772118180.0,67608.0,67608.0,67545.0,67555.0,2.81840789
1772118240.0,67542.0,67609.0,67475.0,67550.0,1.07593601
1772118300.0,67584.0,67678.0,67549.0,67675.0,10.81027356
1772118360.0,67647.0,67656.0,67591.0,67633.0,7.08160018
1772118420.0,67584.0,67592.0,67523.0,67523.0,3.62954162
1772118480.0,67527.0,67549.0,67461.0,67479.0,3.95431107
1772118540.0,67489.0,67506.0,67354.0,67355.0,5.49332118
1772118600.0,67356.0,67573.0,67356.0,67553.0,5.63531682
1772118660.0,67557.0,67607.0,67540.0,67591.0,4.53687971
1772118720.0,67596.0,67596.0,67264.0,67264.0,16.78720504
1772118780.0,67275.0,67376.0,67275.0,67351.0,4.21501562
1772118840.0,67337.0,67465.0,67337.0,67397.0,3.56344468
1772118900.0,67384.0,67399.0,67257.0,67307.0,8.91084287
1772118960.0,67307.0,67307.0,67076.0,67098.0,22.5303959
1772119020.0,67081.0,67083.0,66989.0,66989.0,14.52309968
1772119080.0,66995.0,67120.0,66978.0,67070.0,33.39233625
1772119140.0,67067.0,67082.0,66927.0,66952.0,26.51826749
1772119200.0,66986.0,67112.0,66986.0,67025.0,3.48113219
1772119260.0,67025.0,67064.0,66905.0,66912.0,9.38873151
1772119320.0,66920.0,66964.0,66879.0,66961.0,8.21388651
1772119380.0,66958.0,66972.0,66866.0,66936.0,6.62464582
1772119440.0,66950.0,67063.0,66933.0,66999.0,9.27970826
1772119500.0,66998.0,67019.0,66917.0,67019.0,28.51305555
1772119560.0,67018.0,67237.0,67018.0,67175.0,9.15921849
1772119620.0,67175.0,67180.0,67001.0,67019.0,7.95672515
1772119680.0,67022.0,67052.0,66864.0,66899.0,6.88005146
1772119740.0,66920.0,66985.0,66903.0,66985.0,3.24367802
1772119800.0,66984.0,67085.0,66966.0,67080.0,12.39864343
1772119860.0,67082.0,67134.0,67007.0,67080.0,8.05476996
1772119920.0,67050.0,67114.0,67037.0,67047.0,9.7213367
1772119980.0,67037.0,67082.0,67036.0,67050.0,10.68550807
1772120040.0,67050.0,67050.0,66775.0,66819.0,28.75546268
1772120100.0,66820.0,66889.0,66787.0,66867.0,4.86725979
1772120160.0,66858.0,67113.0,66858.0,67095.0,16.02613277
1772120220.0,67086.0,67130.0,67014.0,67028.0,7.65100493
1772120280.0,67031.0,67101.0,66995.0,67095.0,7.07433077
1772120340.0,67084.0,67282.0,67082.0,67282.0,13.0012583
1772120400.0,67298.0,67346.0,67251.0,67276.0,9.37937974
1772120460.0,67274.0,67346.0,67259.0,67345.0,26.46924105
1772120520.0,67345.0,67346.0,67234.0,67238.0,10.8768669
1772120580.0,67249.0,67459.0,67249.0,67451.0,29.52646398
1772120640.0,67458.0,67458.0,67352.0,67352.0,5.20750948
1772120700.0,67352.0,67578.0,67352.0,67459.0,7.20205974
1772120760.0,67452.0,67475.0,67405.0,67409.0,3.41216115
1772120820.0,67411.0,67442.0,67288.0,67377.0,10.71782713
1772120880.0,67350.0,67402.0,67271.0,67402.0,9.57926679
1772120940.0,67404.0,67491.0,67358.0,67453.0,18.84291082
1772121000.0,67445.0,67446.0,67361.0,67393.0,8.33024227
1772121060.0,67392.0,67422.0,67356.0,67362.0,6.85513498
1772121120.0,67373.0,67451.0,67317.0,67338.0,3.64475191
1772121180.0,67378.0,67393.0,67310.0,67319.0,5.87752952
1772121240.0,67317.0,67363.0,67309.0,67342.0,1.59081754
1772121300.0,67347.0,67351.0,67300.0,67329.0,1.17436144
1772121360.0,67319.0,67337.0,67300.0,67320.0,0.72010117
1772121420.0,67312.0,67406.0,67233.0,67393.0,6.09352623
1772121480.0,67406.0,67422.0,67374.0,67418.0,1.09194374
1772121540.0,67423.0,67435.0,67348.0,67386.0,2.68899843
1772121600.0,67396.0,67437.0,67349.0,67437.0,3.73563651
1772121660.0,67427.0,67442.0,67342.0,67342.0,2.50920643
1772121720.0,67361.0,67361.0,67252.0,67284.0,5.35926988
1772121780.0,67306.0,67382.0,67306.0,67341.0,3.08112376
1772121840.0,67346.0,67369.0,67312.0,67339.0,2.54621816
1772121900.0,67343.0,67358.0,67232.0,67240.0,5.63728334
1772121960.0,67231.0,67254.0,67115.0,67132.0,2.61939375
1772122020.0,67126.0,67129.0,67082.0,67121.0,9.17841665
1772122080.0,67121.0,67203.0,67105.0,67164.0,2.53164798
1772122140.0,67174.0,67199.0,67126.0,67131.0,1.23556548
1772122200.0,67130.0,67130.0,67056.0,67085.0,4.04275697
1772122260.0,67143.0,67143.0,67082.0,67111.0,2.22805507
1772122320.0,67106.0,67165.0,67106.0,67116.0,1.96721057
1772122380.0,67097.0,67114.0,67064.0,67114.0,1.73059948
1772122440.0,67121.0,67154.0,67086.0,67154.0,0.81675776
1772122500.0,67152.0,67209.0,67115.0,67196.0,0.67887776
1772122560.0,67182.0,67301.0,67136.0,67295.0,4.68655965
1772122620.0,67299.0,67299.0,67226.0,67250.0,2.47499788
1772122680.0,67248.0,67248.0,67213.0,67236.0,1.08149304
1772122740.0,67229.0,67229.0,67206.0,67212.0,0.34761847
1772122800.0,67211.0,67225.0,67198.0,67207.0,1.51876797
1772122860.0,67207.0,67257.0,67207.0,67252.0,1.37970284
1772122920.0,67270.0,67321.0,67254.0,67263.0,1.67311793
1772122980.0,67246.0,67300.0,67246.0,67284.0,0.87199044
1772123040.0,67283.0,67343.0,67232.0,67339.0,1.93253073
1772123100.0,67331.0,67407.0,67302.0,67407.0,2.53868333
1772123160.0,67407.0,67480.0,67407.0,67471.0,15.80933009
1772123220.0,67464.0,67483.0,67433.0,67483.0,31.93695317
1772123280.0,67483.0,67556.0,67483.0,67486.0,25.7580585
1772123340.0,67479.0,67479.0,67455.0,67459.0,1.77272208
1772123400.0,67458.0,67466.0,67414.0,67448.0,3.87966166
1772123460.0,67446.0,67446.0,67358.0,67365.0,1.54496939
1772123520.0,67362.0,67417.0,67290.0,67290.0,2.9803172
1772123580.0,67282.0,67294.0,67171.0,67202.0,2.10252825
1772123640.0,67180.0,67196.0,67063.0,67196.0,8.67446629
1772123700.0,67196.0,67227.0,66983.0,66983.0,8.23582235
1772123760.0,66983.0,67040.0,66943.0,67025.0,50.25134354
1772123820.0,67026.0,67149.0,67026.0,67043.0,12.44321744
1772123880.0,67043.0,67086.0,67006.0,67086.0,3.77216348
1772123940.0,67092.0,67111.0,67062.0,67085.0,3.19302926
1772124000.0,67085.0,67086.0,67018.0,67066.0,3.73266555
1772124060.0,67084.0,67174.0,67084.0,67151.0,6.44854581
1772124120.0,67151.0,67151.0,67117.0,67126.0,1.83153727
1772124180.0,67118.0,67118.0,67070.0,67089.0,3.01042248
1772124240.0,67097.0,67097.0,67032.0,67037.0,3.24277836
1772124300.0,67038.0,67059.0,66864.0,66891.0,10.19071421
1772124360.0,66885.0,66886.0,66714.0,66867.0,16.07200134
1772124420.0,66866.0,66866.0,66735.0,66745.0,6.79021601
1772124480.0,66735.0,66941.0,66735.0,66940.0,10.14790789
1772124540.0,66941.0,67036.0,66936.0,67027.0,8.24993298
1772124600.0,67041.0,67041.0,66647.0,66647.0,38.18227202
1772124660.0,66647.0,66711.0,66641.0,66681.0,10.34385004
1772124720.0,66684.0,66741.0,66668.0,66692.0,5.91763323
1772124780.0,66679.0,66698.0,66629.0,66667.0,6.63290609
1772124840.0,66668.0,66704.0,66614.0,66614.0,6.13476612
1772124900.0,66614.0,66653.0,66607.0,66642.0,5.68748981
1772124960.0,66642.0,66743.0,66642.0,66716.0,6.38121096
1772125020.0,66716.0,66716.0,66622.0,66622.0,8.28863981
1772125080.0,66614.0,66638.0,66511.0,66624.0,15.21356325
1772125140.0,66614.0,66671.0,66614.0,66640.0,2.56618865
1772125200.0,66639.0,66802.0,66607.0,66802.0,4.87219135
1772125260.0,66811.0,66817.0,66703.0,66720.0,6.93604707
1772125320.0,66713.0,66824.0,66713.0,66811.0,3.74247633
1772125380.0,66821.0,66901.0,66807.0,66817.0,2.8719054
1772125440.0,66828.0,66921.0,66819.0,66912.0,3.60089829
1772125500.0,66911.0,66922.0,66863.0,66922.0,8.93739006
1772125560.0,66933.0,67011.0,66902.0,66966.0,10.65591624
1772125620.0,66954.0,66968.0,66877.0,66934.0,1.81222836
1772125680.0,66934.0,66934.0,66890.0,66909.0,1.50566781
1772125740.0,66927.0,66945.0,66896.0,66908.0,1.34145935
1772125800.0,66913.0,66991.0,66913.0,66939.0,1.52704816
1772125860.0,66933.0,66996.0,66933.0,66989.0,1.42792208
1772125920.0,66992.0,67006.0,66949.0,66949.0,1.15248821
1772125980.0,66937.0,66945.0,66902.0,66932.0,1.18396204
1772126040.0,66933.0,66960.0,66902.0,66902.0,1.22138641
1772126100.0,66893.0,66915.0,66842.0,66842.0,1.40014204
1772126160.0,66834.0,66939.0,66834.0,66929.0,4.15968618
1772126220.0,66932.0,67051.0,66932.0,66963.0,10.28023877
1772126280.0,66963.0,66968.0,66911.0,66911.0,1.86144746
1772126340.0,66904.0,66932.0,66892.0,66924.0,2.78164083
1772126400.0,66929.0,66929.0,66878.0,66886.0,1.25779685
1772126460.0,66878.0,66914.0,66871.0,66879.0,1.10859291
1772126520.0,66865.0,66895.0,66800.0,66802.0,5.29489784
1772126580.0,66801.0,66823.0,66758.0,66780.0,6.38156803
1772126640.0,66779.0,66854.0,66765.0,66848.0,2.95706519
1772126700.0,66848.0,66876.0,66827.0,66864.0,1.15165604
1772126760.0,66866.0,66935.0,66859.0,66926.0,1.25230023
1772126820.0,66922.0,66946.0,66901.0,66946.0,1.39540083
1772126880.0,66946.0,66973.0,66930.0,66970.0,1.96985528
1772126940.0,66980.0,66994.0,66938.0,66938.0,0.70426459
1772127000.0,66938.0,66982.0,66932.0,66933.0,1.64728095
1772127060.0,66933.0,66981.0,66933.0,66981.0,1.60477408
1772127120.0,66981.0,66981.0,66949.0,66969.0,1.25739279
1772127180.0,66977.0,67016.0,66966.0,67001.0,2.64098089
1772127240.0,66977.0,66985.0,66947.0,66947.0,0.2205908
1772127300.0,66951.0,66952.0,66859.0,66859.0,1.70728719
1772127360.0,66852.0,66860.0,66811.0,66836.0,0.68991198
1772127420.0,66835.0,66835.0,66730.0,66801.0,2.21910438
1772127480.0,66801.0,66889.0,66800.0,66873.0,0.61736204
1772127540.0,66852.0,66852.0,66787.0,66787.0,0.87940814
1772127600.0,66833.0,66837.0,66777.0,66831.0,0.61898586
1772127660.0,66843.0,66856.0,66832.0,66832.0,1.05803651
1772127720.0,66823.0,66823.0,66787.0,66800.0,0.64843039
1772127780.0,66801.0,66814.0,66758.0,66758.0,0.71192431
1772127840.0,66763.0,66764.0,66715.0,66747.0,2.73492756
1772127900.0,66746.0,66782.0,66742.0,66782.0,1.06973231
1772127960.0,66781.0,66793.0,66744.0,66749.0,1.24774326
1772128020.0,66749.0,66813.0,66749.0,66774.0,0.63412392
1772128080.0,66772.0,66787.0,66772.0,66778.0,1.07543026
1772128140.0,66781.0,66781.0,66668.0,66680.0,1.29666417
1772128200.0,66701.0,66701.0,66623.0,66645.0,2.39163996
1772128260.0,66639.0,66711.0,66638.0,66696.0,1.67744844
1772128320.0,66693.0,66756.0,66693.0,66734.0,1.65986455
1772128380.0,66741.0,66825.0,66727.0,66824.0,2.79833756
1772128440.0,66850.0,66850.0,66822.0,66839.0,0.89050924
1772128500.0,66838.0,66850.0,66742.0,66742.0,2.1425677
1772128560.0,66747.0,66769.0,66747.0,66755.0,1.65148009
1772128620.0,66776.0,66833.0,66776.0,66832.0,0.74468915
1772128680.0,66835.0,66857.0,66829.0,66849.0,0.3935042
1772128740.0,66848.0,66848.0,66828.0,66844.0,0.90418805
1772128800.0,66827.0,66857.0,66815.0,66815.0,1.03316709
1772128860.0,66784.0,66887.0,66784.0,66864.0,2.57794389
1772128920.0,66863.0,66865.0,66832.0,66842.0,0.97271162
1772128980.0,66810.0,66828.0,66788.0,66803.0,1.02888385
1772129040.0,66808.0,66866.0,66808.0,66849.0,0.49483354
1772129100.0,66849.0,66881.0,66832.0,66832.0,0.46599322
1772129160.0,66804.0,66830.0,66711.0,66711.0,0.99282842
1772129220.0,66711.0,66791.0,66658.0,66663.0,4.29006403
1772129280.0,66660.0,66669.0,66583.0,66588.0,6.47624892
1772129340.0,66589.0,66676.0,66589.0,66674.0,3.77104746
1772129400.0,66671.0,66748.0,66648.0,66716.0,8.41755428
1772129460.0,66702.0,66732.0,66698.0,66732.0,2.76443627
1772129520.0,66732.0,66732.0,66663.0,66676.0,0.47786238
1772129580.0,66693.0,66709.0,66687.0,66695.0,4.68215413
1772129640.0,66704.0,66772.0,66698.0,66772.0,4.73992143
1772129700.0,66772.0,66783.0,66752.0,66772.0,1.93753575
1772129760.0,66770.0,66859.0,66759.0,66858.0,0.74922447
1772129820.0,66855.0,67021.0,66850.0,67013.0,6.01925737
1772129880.0,67012.0,67025.0,66950.0,66959.0,2.83184452
1772129940.0,66980.0,67008.0,66945.0,67007.0,2.36773643
1772130000.0,67007.0,67007.0,66932.0,66945.0,0.90451976
1772130060.0,66945.0,66959.0,66915.0,66915.0,0.69683549
1772130120.0,66927.0,66927.0,66841.0,66894.0,1.71276029
1772130180.0,66891.0,66901.0,66863.0,66881.0,0.97753977
1772130240.0,66878.0,66937.0,66878.0,66936.0,0.65375248
1772130300.0,66946.0,66955.0,66929.0,66952.0,3.2541457
1772130360.0,66955.0,66955.0,66852.0,66856.0,3.98141595
1772130420.0,66860.0,66884.0,66860.0,66863.0,0.05432949
1772130480.0,66853.0,66853.0,66821.0,66825.0,0.41548146
1772130540.0,66841.0,66863.0,66841.0,66863.0,0.36934435
1772130600.0,66862.0,66943.0,66842.0,66921.0,1.71677146
1772130660.0,66922.0,66938.0,66866.0,66868.0,2.40467662
1772130720.0,66904.0,67007.0,66904.0,67002.0,6.23694821
1772130780.0,67010.0,67265.0,67010.0,67233.0,63.72241793
1772130840.0,67237.0,67301.0,67185.0,67272.0,14.94737859
1772130900.0,67272.0,67272.0,67174.0,67194.0,4.12478027
1772130960.0,67194.0,67368.0,67186.0,67332.0,8.3921321
1772131020.0,67335.0,67335.0,67231.0,67254.0,5.1425053
1772131080.0,67245.0,67300.0,67245.0,67289.0,4.91549594
1772131140.0,67289.0,67315.0,67226.0,67227.0,2.65582331
1772131200.0,67239.0,67239.0,67187.0,67189.0,2.24216914
1772131260.0,67185.0,67207.0,67171.0,67175.0,2.37333021
1772131320.0,67175.0,67175.0,67122.0,67141.0,4.57293284
1772131380.0,67137.0,67275.0,67136.0,67265.0,18.62239924
1772131440.0,67277.0,67287.0,67240.0,67275.0,33.17206619
1772131500.0,67274.0,67330.0,67270.0,67300.0,3.2986106
1772131560.0,67300.0,67300.0,67250.0,67284.0,2.35532067
1772131620.0,67285.0,67339.0,67265.0,67270.0,2.13681333
1772131680.0,67257.0,67257.0,67202.0,67202.0,1.55241372
1772131740.0,67215.0,67233.0,67215.0,67233.0,0.49327019
1772131800.0,67250.0,67252.0,67207.0,67227.0,0.58364989
1772131860.0,67224.0,67224.0,67183.0,67187.0,1.63624228
1772131920.0,67182.0,67218.0,67182.0,67200.0,0.33430399
1772131980.0,67200.0,67326.0,67200.0,67326.0,3.14932903
1772132040.0,67325.0,67325.0,67255.0,67274.0,1.68074739
1772132100.0,67278.0,67282.0,67258.0,67269.0,0.24977552
1772132160.0,67267.0,67308.0,67260.0,67308.0,0.23117372
1772132220.0,67307.0,67333.0,67289.0,67332.0,0.51176973
1772132280.0,67332.0,67356.0,67332.0,67341.0,0.94279028
1772132340.0,67332.0,67332.0,67300.0,67307.0,1.08514252
1772132400.0,67293.0,67411.0,67289.0,67411.0,15.97694511
1772132460.0,67408.0,67446.0,67370.0,67401.0,15.65906405
1772132520.0,67426.0,67586.0,67410.0,67500.0,22.19014777
1772132580.0,67521.0,67545.0,67468.0,67475.0,3.42108889
1772132640.0,67473.0,67908.0,67467.0,67752.0,54.86541325
1772132700.0,67745.0,67745.0,67631.0,67633.0,1.55917237
1772132760.0,67640.0,67640.0,67562.0,67592.0,5.06628005
1772132820.0,67596.0,67604.0,67500.0,67504.0,2.96607196
1772132880.0,67506.0,67568.0,67506.0,67568.0,2.44143543
1772132940.0,67562.0,67562.0,67513.0,67518.0,2.28398529
1772133000.0,67524.0,67624.0,67491.0,67605.0,0.84607656
1772133060.0,67605.0,67682.0,67605.0,67675.0,1.34728898
1772133120.0,67657.0,67730.0,67558.0,67562.0,13.73345655
1772133180.0,67561.0,67572.0,67524.0,67541.0,2.56253698
1772133240.0,67545.0,67550.0,67506.0,67506.0,1.40413245
1772133300.0,67500.0,67578.0,67500.0,67522.0,1.72980398
1772133360.0,67529.0,67529.0,67487.0,67494.0,2.52543509
1772133420.0,67493.0,67575.0,67488.0,67556.0,14.33368652
1772133480.0,67564.0,67579.0,67533.0,67533.0,2.80389411
1772133540.0,67532.0,67543.0,67522.0,67541.0,0.75582153
1772133600.0,67545.0,67646.0,67528.0,67646.0,0.28819326
1772133660.0,67630.0,67670.0,67605.0,67670.0,6.98028433
1772133720.0,67681.0,67714.0,67668.0,67677.0,1.44293509
1772133780.0,67692.0,67767.0,67692.0,67744.0,2.81298229
1772133840.0,67745.0,67748.0,67718.0,67726.0,2.36166026
1772133900.0,67719.0,67721.0,67700.0,67704.0,0.55855976
1772133960.0,67687.0,67687.0,67593.0,67636.0,1.81368998
1772134020.0,67635.0,67679.0,67623.0,67672.0,2.48149545
1772134080.0,67671.0,67671.0,67595.0,67598.0,1.82414187
1772134140.0,67593.0,67611.0,67553.0,67572.0,0.31318593
1772134200.0,67574.0,67576.0,67535.0,67576.0,0.17502752
1772134260.0,67631.0,67659.0,67630.0,67659.0,0.22740809
1772134320.0,67673.0,67697.0,67636.0,67636.0,0.33291251
1772134380.0,67637.0,67698.0,67637.0,67692.0,0.25318576
1772134440.0,67694.0,67702.0,67674.0,67689.0,0.26462134
1772134500.0,67689.0,67696.0,67640.0,67640.0,0.87565429
1772134560.0,67655.0,67655.0,67610.0,67630.0,2.09320346
1772134620.0,67636.0,67638.0,67597.0,67628.0,0.58261549
1772134680.0,67628.0,67628.0,67568.0,67580.0,2.14105827
1772134740.0,67583.0,67610.0,67485.0,67540.0,8.63009635
1772134800.0,67539.0,67539.0,67422.0,67431.0,9.53487403
1772134860.0,67437.0,67464.0,67418.0,67421.0,1.35582072
1772134920.0,67431.0,67446.0,67395.0,67434.0,1.42355326
1772134980.0,67434.0,67458.0,67425.0,67458.0,0.31081492
1772135040.0,67477.0,67483.0,67445.0,67473.0,1.81531334
1772135100.0,67490.0,67537.0,67489.0,67535.0,1.55462415
1772135160.0,67535.0,67566.0,67530.0,67566.0,0.49116628
1772135220.0,67566.0,67606.0,67546.0,67554.0,2.9830901
1772135280.0,67554.0,67563.0,67511.0,67527.0,0.74966871
1772135340.0,67527.0,67544.0,67527.0,67530.0,0.40727518
1772135400.0,67529.0,67529.0,67498.0,67500.0,0.32065648
1772135460.0,67495.0,67533.0,67495.0,67510.0,1.17792573
1772135520.0,67512.0,67527.0,67512.0,67527.0,0.05846894
1772135580.0,67528.0,67546.0,67524.0,67542.0,0.10679599
1772135640.0,67540.0,67587.0,67540.0,67587.0,0.10445288
1772135700.0,67589.0,67674.0,67583.0,67635.0,1.49136809
1772135760.0,67634.0,67658.0,67630.0,67630.0,0.09998688
1772135820.0,67607.0,67649.0,67592.0,67624.0,11.3445919
1772135880.0,67621.0,67629.0,67540.0,67540.0,1.73215464
1772135940.0,67538.0,67682.0,67517.0,67602.0,17.18702244
1772136000.0,67592.0,67662.0,67591.0,67635.0,5.57048691
1772136060.0,67634.0,67710.0,67634.0,67709.0,0.54908667
1772136120.0,67709.0,67743.0,67709.0,67715.0,2.51169669
1772136180.0,67714.0,67799.0,67698.0,67780.0,7.51077417
1772136240.0,67794.0,67825.0,67794.0,67803.0,5.61396712
1772136300.0,67794.0,67804.0,67760.0,67804.0,3.79786932
1772136360.0,67804.0,67804.0,67763.0,67764.0,2.97733457
1772136420.0,67762.0,67795.0,67761.0,67782.0,0.53342063
1772136480.0,67766.0,67766.0,67753.0,67753.0,0.25376898
1772136540.0,67753.0,67753.0,67713.0,67713.0,1.42367316
1772136600.0,67706.0,67747.0,67706.0,67734.0,1.13977228
1772136660.0,67730.0,67731.0,67714.0,67714.0,0.3126033
1772136720.0,67706.0,67706.0,67682.0,67706.0,1.60184888
1772136780.0,67714.0,67725.0,67706.0,67720.0,2.04983072
1772136840.0,67722.0,67730.0,67683.0,67683.0,3.26411382
1772136900.0,67691.0,67759.0,67691.0,67759.0,0.83621774
1772136960.0,67759.0,67818.0,67753.0,67753.0,2.23139027
1772137020.0,67746.0,67746.0,67718.0,67729.0,0.98008591
1772137080.0,67728.0,67784.0,67710.0,67782.0,1.0357945
1772137140.0,67773.0,67773.0,67760.0,67763.0,0.79110527
1772137200.0,67763.0,67777.0,67760.0,67761.0,2.41616278
1772137260.0,67750.0,67752.0,67699.0,67699.0,1.49794628
1772137320.0,67709.0,67733.0,67709.0,67723.0,0.02888417
1772137380.0,67724.0,67724.0,67625.0,67625.0,7.18584182
1772137440.0,67624.0,67624.0,67597.0,67617.0,1.18742173
1772137500.0,67620.0,67627.0,67603.0,67603.0,0.56381118
1772137560.0,67603.0,67619.0,67599.0,67605.0,0.77365839
1772137620.0,67611.0,67635.0,67611.0,67628.0,0.51376827
1772137680.0,67629.0,67629.0,67592.0,67602.0,0.89518297
1772137740.0,67597.0,67597.0,67554.0,67555.0,0.97788031
1772137800.0,67557.0,67557.0,67508.0,67508.0,0.2771614
1772137860.0,67501.0,67512.0,67476.0,67483.0,0.30889901
1772137920.0,67499.0,67539.0,67485.0,67539.0,0.22353336
1772137980.0,67533.0,67533.0,67505.0,67521.0,0.11719681
1772138040.0,67529.0,67529.0,67529.0,67529.0,0.00017031
1772138100.0,67556.0,67556.0,67498.0,67501.0,0.65292874
1772138160.0,67500.0,67502.0,67465.0,67465.0,0.12206869
1772138220.0,67458.0,67458.0,67334.0,67381.0,5.27924185
1772138280.0,67380.0,67429.0,67364.0,67406.0,1.60932249
1772138340.0,67404.0,67415.0,67369.0,67369.0,4.11336526
1772138400.0,67371.0,67413.0,67371.0,67413.0,1.72482658
1772138460.0,67413.0,67461.0,67413.0,67452.0,1.44845144
1772138520.0,67450.0,67456.0,67438.0,67456.0,2.52233523
1772138580.0,67450.0,67488.0,67448.0,67475.0,0.51093035
1772138640.0,67468.0,67468.0,67468.0,67468.0,0.00504968
1772138700.0,67471.0,67471.0,67431.0,67434.0,0.44179991
1772138760.0,67434.0,67454.0,67433.0,67433.0,0.51399164
1772138820.0,67439.0,67439.0,67421.0,67430.0,0.28835729
1772138880.0,67428.0,67437.0,67422.0,67424.0,0.19138425
1772138940.0,67425.0,67427.0,67424.0,67424.0,0.02628177
1772139000.0,67421.0,67421.0,67335.0,67349.0,3.36039482
1772139060.0,67349.0,67350.0,67294.0,67294.0,0.84907756
1772139120.0,67301.0,67342.0,67301.0,67330.0,0.35388277
1772139180.0,67330.0,67339.0,67323.0,67338.0,0.32845336
1772139240.0,67338.0,67338.0,67315.0,67328.0,0.52000801
1772139300.0,67342.0,67373.0,67335.0,67366.0,2.55878875
1772139360.0,67367.0,67381.0,67367.0,67370.0,1.25921399
1772139420.0,67371.0,67378.0,67371.0,67373.0,2.2502819
1772139480.0,67376.0,67422.0,67376.0,67422.0,0.86332239
1772139540.0,67433.0,67446.0,67396.0,67416.0,3.41722559
1772139600.0,67419.0,67419.0,67326.0,67364.0,1.24852682
1772139660.0,67353.0,67383.0,67330.0,67382.0,0.97302199
1772139720.0,67382.0,67397.0,67376.0,67397.0,0.0415072
1772139780.0,67397.0,67455.0,67397.0,67442.0,0.87496798
1772139840.0,67442.0,67450.0,67435.0,67435.0,0.1747059
1772139900.0,67434.0,67452.0,67423.0,67435.0,0.90846588
1772139960.0,67425.0,67425.0,67323.0,67323.0,0.67848802
1772140020.0,67315.0,67326.0,67265.0,67266.0,1.49262845
1772140080.0,67266.0,67275.0,67265.0,67265.0,30.1717885
1772140140.0,67265.0,67265.0,67201.0,67204.0,20.96308023
1772140200.0,67205.0,67234.0,67160.0,67220.0,6.98645489
1772140260.0,67236.0,67251.0,67201.0,67211.0,1.06112229
1772140320.0,67213.0,67233.0,67213.0,67233.0,3.77340648
1772140380.0,67241.0,67323.0,67241.0,67323.0,1.20117178
1772140440.0,67326.0,67369.0,67326.0,67369.0,0.4467602
1772140500.0,67364.0,67392.0,67357.0,67392.0,0.14630865
1772140560.0,67379.0,67392.0,67363.0,67392.0,2.1093906
1772140620.0,67379.0,67379.0,67346.0,67346.0,1.20718142
1772140680.0,67346.0,67405.0,67346.0,67401.0,0.47219668
1772140740.0,67389.0,67399.0,67356.0,67358.0,0.49751548
1772140800.0,67358.0,67358.0,67335.0,67353.0,0.32183589
1772140860.0,67371.0,67371.0,67348.0,67356.0,0.16407671
1772140920.0,67371.0,67375.0,67370.0,67375.0,0.15431089
1772140980.0,67390.0,67390.0,67374.0,67381.0,0.19665213
1772141040.0,67382.0,67391.0,67382.0,67386.0,0.02359227
1772141100.0,67393.0,67415.0,67393.0,67398.0,0.83616536
1772141160.0,67391.0,67391.0,67348.0,67348.0,0.27668093
1772141220.0,67350.0,67442.0,67350.0,67434.0,0.12737466
1772141280.0,67436.0,67495.0,67436.0,67492.0,3.13336613
1772141340.0,67483.0,67483.0,67473.0,67473.0,0.04036615
1772141400.0,67483.0,67484.0,67469.0,67469.0,0.21464259
1772141460.0,67471.0,67473.0,67468.0,67473.0,0.03181669
1772141520.0,67474.0,67474.0,67423.0,67423.0,2.34596223
1772141580.0,67413.0,67426.0,67413.0,67426.0,0.39304353
1772141640.0,67426.0,67450.0,67426.0,67450.0,0.10629785
1772141700.0,67458.0,67458.0,67458.0,67458.0,0.00035562
1772141760.0,67459.0,67459.0,67431.0,67431.0,0.2478763
1772141820.0,67430.0,67430.0,67383.0,67383.0,1.04256963
1772141880.0,67382.0,67411.0,67382.0,67403.0,0.17318519
1772141940.0,67408.0,67432.0,67403.0,67403.0,0.47501225
1772142000.0,67403.0,67403.0,67376.0,67379.0,0.39224579
1772142060.0,67380.0,67403.0,67380.0,67393.0,0.16716252
1772142120.0,67409.0,67423.0,67409.0,67422.0,0.23064278
1772142180.0,67423.0,67453.0,67423.0,67453.0,0.15241803
1772142240.0,67453.0,67453.0,67450.0,67450.0,0.25911731
1772142300.0,67444.0,67444.0,67407.0,67416.0,0.12705757
1772142360.0,67420.0,67453.0,67420.0,67452.0,0.15321798
1772142420.0,67444.0,67444.0,67444.0,67444.0,0.7013595
1772142480.0,67474.0,67555.0,67474.0,67553.0,2.14610205
1772142540.0,67559.0,67585.0,67559.0,67577.0,2.49640951
1772142600.0,67570.0,67570.0,67554.0,67557.0,0.66933901
1772142660.0,67555.0,67555.0,67531.0,67531.0,0.46711968
1772142720.0,67530.0,67541.0,67527.0,67538.0,0.45071099
1772142780.0,67539.0,67539.0,67495.0,67500.0,1.09673514
1772142840.0,67508.0,67508.0,67488.0,67489.0,0.52119881
1772142900.0,67494.0,67516.0,67494.0,67516.0,0.10819569
1772142960.0,67520.0,67520.0,67466.0,67466.0,1.28752824
1772143020.0,67467.0,67478.0,67458.0,67458.0,0.31370588
1772143080.0,67458.0,67458.0,67421.0,67436.0,0.64388273
1772143140.0,67439.0,67460.0,67439.0,67460.0,0.16697161
1772143200.0,67467.0,67467.0,67432.0,67447.0,2.08523952
1772143260.0,67449.0,67473.0,67449.0,67458.0,0.14736333
1772143320.0,67433.0,67445.0,67431.0,67445.0,0.36321341
1772143380.0,67445.0,67447.0,67444.0,67447.0,0.0847638
1772143440.0,67457.0,67468.0,67457.0,67468.0,0.0672062
1772143500.0,67476.0,67481.0,67410.0,67429.0,3.0880864
1772143560.0,67430.0,67434.0,67430.0,67434.0,0.05407178
1772143620.0,67434.0,67434.0,67421.0,67421.0,0.13299219
1772143680.0,67420.0,67420.0,67413.0,67415.0,0.03958604
1772143740.0,67415.0,67436.0,67415.0,67436.0,0.46768227
1772143800.0,67440.0,67447.0,67440.0,67447.0,0.07866247
1772143860.0,67458.0,67505.0,67458.0,67505.0,0.4328265
1772143920.0,67506.0,67550.0,67506.0,67546.0,0.38466792
1772143980.0,67553.0,67583.0,67548.0,67550.0,1.11990309
1772144040.0,67557.0,67557.0,67550.0,67550.0,0.46670767
1772144100.0,67549.0,67557.0,67534.0,67534.0,0.14423072
1772144160.0,67528.0,67528.0,67464.0,67495.0,0.39659298
1772144220.0,67494.0,67494.0,67480.0,67481.0,0.10425322
1772144280.0,67490.0,67491.0,67489.0,67491.0,0.31867435
1772144340.0,67491.0,67491.0,67452.0,67452.0,0.60618505
1772144400.0,67434.0,67436.0,67423.0,67425.0,0.14921974
1772144460.0,67424.0,67424.0,67401.0,67401.0,0.44097009
1772144520.0,67401.0,67406.0,67401.0,67406.0,0.02520584
1772144580.0,67406.0,67406.0,67322.0,67322.0,1.12138437
1772144640.0,67323.0,67380.0,67323.0,67380.0,0.0491177
1772144700.0,67379.0,67379.0,67351.0,67356.0,1.20792866
1772144760.0,67355.0,67362.0,67355.0,67362.0,0.04824101
1772144820.0,67364.0,67387.0,67364.0,67387.0,0.2794917
1772144880.0,67393.0,67408.0,67393.0,67408.0,1.16246184
1772144940.0,67412.0,67418.0,67412.0,67418.0,0.62253558
1772145000.0,67418.0,67418.0,67414.0,67416.0,1.59262008
1772145060.0,67416.0,67416.0,67416.0,67416.0,0.05333409
1772145120.0,67427.0,67466.0,67427.0,67456.0,0.93663324
1772145180.0,67473.0,67473.0,67460.0,67461.0,0.00648355
1772145240.0,67461.0,67471.0,67460.0,67465.0,3.71992096
1772145300.0,67465.0,67493.0,67464.0,67493.0,0.27963646
1772145360.0,67501.0,67552.0,67501.0,67545.0,0.78339227
1772145420.0,67544.0,67546.0,67528.0,67528.0,0.12723178
1772145480.0,67528.0,67541.0,67523.0,67539.0,0.77902224
1772145540.0,67555.0,67588.0,67555.0,67574.0,0.93051299
1772145600.0,67549.0,67549.0,67535.0,67547.0,0.46632496
1772145660.0,67547.0,67583.0,67547.0,67571.0,0.63519993
1772145720.0,67575.0,67576.0,67541.0,67543.0,0.73644946
1772145780.0,67564.0,67580.0,67550.0,67550.0,1.53650431
1772145840.0,67550.0,67627.0,67550.0,67609.0,1.12492547
1772145900.0,67622.0,67622.0,67618.0,67618.0,0.00103101
1772145960.0,67591.0,67591.0,67561.0,67579.0,0.90286811
1772146020.0,67576.0,67578.0,67556.0,67578.0,0.64281252
1772146080.0,67597.0,67610.0,67597.0,67610.0,0.049503
1772146140.0,67611.0,67632.0,67611.0,67632.0,0.57619233
1772146200.0,67631.0,67631.0,67593.0,67600.0,0.55485813
1772146260.0,67606.0,67606.0,67593.0,67593.0,0.50662036
1772146320.0,67582.0,67582.0,67559.0,67563.0,0.7379111
1772146380.0,67567.0,67567.0,67558.0,67562.0,0.10584358
1772146440.0,67561.0,67570.0,67561.0,67570.0,0.03211204
1772146500.0,67571.0,67571.0,67525.0,67525.0,1.35221844
1772146560.0,67513.0,67551.0,67513.0,67551.0,0.69502816
1772146620.0,67560.0,67560.0,67524.0,67524.0,0.14193787
1772146680.0,67541.0,67546.0,67541.0,67546.0,0.00325975
1772146740.0,67553.0,67592.0,67553.0,67589.0,0.26884461
1772146800.0,67574.0,67574.0,67506.0,67506.0,0.63137373
1772146860.0,67510.0,67518.0,67496.0,67499.0,0.53647139
1772146920.0,67498.0,67509.0,67460.0,67489.0,10.63435159
1772146980.0,67493.0,67499.0,67425.0,67428.0,2.17844224
1772147040.0,67447.0,67468.0,67419.0,67468.0,1.08945409
1772147100.0,67473.0,67473.0,67403.0,67423.0,0.46216
1772147160.0,67423.0,67435.0,67420.0,67426.0,0.20599028
1772147220.0,67435.0,67442.0,67427.0,67429.0,0.01367268
1772147280.0,67429.0,67461.0,67429.0,67461.0,1.29453676
1772147340.0,67458.0,67482.0,67458.0,67482.0,0.03830256
1772147400.0,67482.0,67485.0,67479.0,67485.0,0.0707758
1772147460.0,67485.0,67506.0,67485.0,67506.0,0.14505958
1772147520.0,67506.0,67512.0,67506.0,67508.0,0.1308147
1772147580.0,67509.0,67571.0,67509.0,67571.0,0.66510067
1772147640.0,67577.0,67577.0,67522.0,67532.0,1.33166966
1772147700.0,67532.0,67532.0,67503.0,67503.0,0.42037511
1772147760.0,67504.0,67504.0,67486.0,67486.0,0.01154599
1772147820.0,67477.0,67477.0,67463.0,67474.0,0.26850256
1772147880.0,67474.0,67479.0,67474.0,67479.0,0.04366683
1772147940.0,67479.0,67504.0,67479.0,67493.0,0.10012488
1772148000.0,67492.0,67583.0,67492.0,67583.0,0.55045616
1772148060.0,67583.0,67601.0,67568.0,67600.0,0.96330559
1772148120.0,67585.0,67585.0,67576.0,67584.0,0.60225768
1772148180.0,67584.0,67589.0,67583.0,67589.0,0.05590714
1772148240.0,67589.0,67595.0,67583.0,67583.0,0.42096618
1772148300.0,67582.0,67582.0,67561.0,67568.0,1.37286969
1772148360.0,67568.0,67577.0,67559.0,67577.0,0.55622177
1772148420.0,67579.0,67594.0,67579.0,67594.0,0.03079617
1772148480.0,67594.0,67620.0,67594.0,67615.0,0.22781006
1772148540.0,67615.0,67618.0,67573.0,67573.0,1.35926063
1772148600.0,67573.0,67579.0,67544.0,67547.0,0.88525191
1772148660.0,67547.0,67566.0,67546.0,67554.0,0.07149454
1772148720.0,67554.0,67563.0,67540.0,67563.0,0.40679804
1772148780.0,67563.0,67570.0,67555.0,67561.0,0.71176315
1772148840.0,67569.0,67588.0,67569.0,67588.0,0.11232337
1772148900.0,67603.0,67611.0,67603.0,67611.0,0.26438831
1772148960.0,67611.0,67611.0,67580.0,67580.0,0.16828698
1772149020.0,67580.0,67617.0,67580.0,67614.0,0.41397213
1772149080.0,67614.0,67630.0,67603.0,67630.0,0.43024034
1772149140.0,67631.0,67659.0,67556.0,67578.0,8.37146716
1772149200.0,67580.0,67607.0,67554.0,67557.0,1.21207793
1772149260.0,67556.0,67556.0,67511.0,67511.0,0.00381811
1772149320.0,67510.0,67522.0,67495.0,67520.0,2.78361164
1772149380.0,67520.0,67533.0,67511.0,67511.0,0.19984974
1772149440.0,67513.0,67517.0,67508.0,67514.0,0.85522879
1772149500.0,67515.0,67515.0,67480.0,67480.0,0.48595977
1772149560.0,67480.0,67529.0,67480.0,67524.0,0.9482327
1772149620.0,67517.0,67519.0,67481.0,67481.0,2.41148491
1772149680.0,67481.0,67489.0,67480.0,67488.0,0.21969146
1772149740.0,67488.0,67522.0,67488.0,67502.0,1.26133831
1772149800.0,67502.0,67502.0,67478.0,67478.0,0.58262178
1772149860.0,67464.0,67464.0,67428.0,67434.0,0.48161215
1772149920.0,67434.0,67478.0,67434.0,67478.0,1.1702679
1772149980.0,67478.0,67496.0,67470.0,67476.0,0.87798428
1772150040.0,67474.0,67503.0,67473.0,67494.0,0.50003669
1772150100.0,67478.0,67493.0,67450.0,67493.0,0.23502464
1772150160.0,67495.0,67519.0,67492.0,67492.0,1.16127139
1772150220.0,67492.0,67492.0,67456.0,67456.0,0.22242478
1772150280.0,67456.0,67462.0,67456.0,67462.0,0.01266436
1772150340.0,67462.0,67488.0,67462.0,67488.0,0.16138396
1772150400.0,67488.0,67488.0,67450.0,67452.0,0.39938152
1772150460.0,67452.0,67482.0,67452.0,67481.0,0.35443113
1772150520.0,67479.0,67490.0,67449.0,67449.0,0.04801529
1772150580.0,67452.0,67452.0,67437.0,67437.0,1.56839889
1772150640.0,67442.0,67442.0,67399.0,67399.0,0.4044238
1772150700.0,67399.0,67533.0,67399.0,67525.0,1.55455765
1772150760.0,67515.0,67515.0,67450.0,67473.0,0.79398671
1772150820.0,67476.0,67538.0,67476.0,67528.0,0.0909217
1772150880.0,67523.0,67538.0,67523.0,67537.0,0.48499863
1772150940.0,67537.0,67537.0,67465.0,67470.0,1.3238356
1772151000.0,67470.0,67480.0,67438.0,67441.0,0.08934739
1772151060.0,67444.0,67444.0,67321.0,67321.0,1.66980731
1772151120.0,67336.0,67336.0,67313.0,67329.0,4.22487451
1772151180.0,67351.0,67362.0,67336.0,67339.0,0.36434178
1772151240.0,67338.0,67339.0,67338.0,67339.0,0.00701294
1772151300.0,67365.0,67375.0,67356.0,67375.0,0.68568522
1772151360.0,67389.0,67389.0,67369.0,67369.0,0.340589
1772151420.0,67367.0,67367.0,67351.0,67352.0,0.22703629
1772151480.0,67339.0,67339.0,67278.0,67320.0,3.41641715
1772151540.0,67319.0,67319.0,67285.0,67295.0,0.04148251
1772151600.0,67304.0,67311.0,67279.0,67307.0,1.04016636
1772151660.0,67315.0,67315.0,67286.0,67286.0,1.16035153
1772151720.0,67286.0,67294.0,67286.0,67293.0,0.54253013
1772151780.0,67279.0,67279.0,67202.0,67202.0,1.15184198
1772151840.0,67210.0,67257.0,67210.0,67257.0,1.30602546
1772151900.0,67260.0,67260.0,67232.0,67232.0,0.17112176
1772151960.0,67237.0,67237.0,67179.0,67182.0,2.86524538
1772152020.0,67190.0,67210.0,67190.0,67210.0,0.43778835
1772152080.0,67248.0,67256.0,67238.0,67256.0,0.24635338
1772152140.0,67272.0,67319.0,67264.0,67309.0,0.98131558
1772152200.0,67303.0,67303.0,67264.0,67298.0,0.44493389
1772152260.0,67303.0,67303.0,67259.0,67259.0,0.66193072
1772152320.0,67249.0,67249.0,67239.0,67245.0,0.80124056
1772152380.0,67246.0,67248.0,67240.0,67240.0,0.12454115
1772152440.0,67235.0,67294.0,67235.0,67294.0,0.46314426
1772152500.0,67295.0,67321.0,67288.0,67319.0,0.36626414
1772152560.0,67288.0,67288.0,67249.0,67249.0,0.44423338
1772152620.0,67249.0,67249.0,67144.0,67163.0,4.10386908
1772152680.0,67159.0,67159.0,67065.0,67088.0,7.10917937
1772152740.0,67092.0,67156.0,67092.0,67149.0,1.92250213
1772152800.0,67135.0,67184.0,67112.0,67182.0,1.13291166
1772152860.0,67168.0,67210.0,67153.0,67208.0,0.58292294
1772152920.0,67203.0,67203.0,67132.0,67146.0,0.84162989
1772152980.0,67135.0,67165.0,67135.0,67165.0,0.81401688
1772153040.0,67168.0,67168.0,67142.0,67142.0,0.33123498
1772153100.0,67137.0,67137.0,67077.0,67124.0,1.53034231
1772153160.0,67087.0,67087.0,67015.0,67053.0,7.9248666
1772153220.0,67081.0,67138.0,67081.0,67130.0,1.4903362
1772153280.0,67145.0,67158.0,67134.0,67147.0,1.69844168
1772153340.0,67184.0,67192.0,67143.0,67191.0,1.23846398
1772153400.0,67179.0,67262.0,67179.0,67253.0,0.41811056
1772153460.0,67274.0,67283.0,67268.0,67275.0,0.18959938
1772153520.0,67252.0,67255.0,67252.0,67255.0,0.61990525
1772153580.0,67261.0,67283.0,67225.0,67228.0,1.56294682
1772153640.0,67220.0,67220.0,67170.0,67171.0,0.34845661
1772153700.0,67169.0,67169.0,67144.0,67159.0,1.00525973
1772153760.0,67158.0,67177.0,67158.0,67177.0,0.0937055
1772153820.0,67182.0,67201.0,67167.0,67184.0,1.1012465
1772153880.0,67219.0,67224.0,67212.0,67224.0,0.69974455
1772153940.0,67230.0,67230.0,67220.0,67220.0,0.20425
1772154000.0,67243.0,67243.0,67186.0,67191.0,2.07906568
1772154060.0,67190.0,67190.0,67166.0,67174.0,0.25989095
1772154120.0,67167.0,67167.0,67137.0,67137.0,0.04659468
1772154180.0,67137.0,67173.0,67097.0,67104.0,1.6634122
1772154240.0,67108.0,67120.0,67080.0,67081.0,0.17311322
1772154300.0,67082.0,67164.0,67082.0,67164.0,0.38104365
1772154360.0,67183.0,67193.0,67088.0,67090.0,1.81837605
1772154420.0,67090.0,67090.0,66895.0,66903.0,15.59191444
1772154480.0,66900.0,66978.0,66900.0,66941.0,1.36984753
1772154540.0,66941.0,66994.0,66941.0,66978.0,0.50567416
1772154600.0,66941.0,66944.0,66897.0,66913.0,2.29704733
1772154660.0,66920.0,66999.0,66920.0,66989.0,1.00780592
1772154720.0,66985.0,66985.0,66925.0,66944.0,1.38256217
1772154780.0,66976.0,66995.0,66970.0,66995.0,0.29033599
1772154840.0,66995.0,66998.0,66993.0,66993.0,1.16528893
1772154900.0,67003.0,67009.0,66978.0,66992.0,0.30455471
1772154960.0,67040.0,67042.0,67024.0,67042.0,0.27606859
1772155020.0,67066.0,67153.0,67066.0,67132.0,2.23893794
1772155080.0,67132.0,67143.0,67121.0,67121.0,1.06933648
1772155140.0,67094.0,67094.0,67047.0,67047.0,2.10680452
1772155200.0,67065.0,67078.0,67048.0,67060.0,0.30436743
1772155260.0,67044.0,67076.0,66983.0,67063.0,3.64455322
1772155320.0,67071.0,67076.0,67050.0,67069.0,1.94846562
1772155380.0,67068.0,67068.0,67026.0,67031.0,0.84074563
1772155440.0,67053.0,67095.0,67053.0,67081.0,0.514606
1772155500.0,67081.0,67100.0,67081.0,67100.0,0.08727479
1772155560.0,67087.0,67122.0,67085.0,67114.0,1.25940445
1772155620.0,67154.0,67154.0,67077.0,67079.0,1.35365974
1772155680.0,67078.0,67078.0,67025.0,67025.0,1.94257817
1772155740.0,67048.0,67079.0,67048.0,67079.0,0.89251432
1772155800.0,67072.0,67088.0,67035.0,67088.0,1.64060961
1772155860.0,67061.0,67086.0,67061.0,67082.0,0.16632941
1772155920.0,67085.0,67140.0,67076.0,67140.0,1.45523361
1772155980.0,67146.0,67213.0,67146.0,67184.0,1.1249203
1772156040.0,67183.0,67206.0,67171.0,67204.0,4.57534667
1772156100.0,67212.0,67235.0,67197.0,67225.0,0.87181838
1772156160.0,67202.0,67254.0,67198.0,67254.0,1.24615246
1772156220.0,67253.0,67253.0,67222.0,67222.0,0.81284347
1772156280.0,67229.0,67231.0,67187.0,67212.0,1.57643798
1772156340.0,67223.0,67266.0,67198.0,67266.0,1.4905459
1772156400.0,67269.0,67306.0,67269.0,67296.0,2.93634038
1772156460.0,67300.0,67314.0,67269.0,67269.0,0.67565177
1772156520.0,67265.0,67265.0,67260.0,67263.0,0.19083777
1772156580.0,67263.0,67277.0,67219.0,67220.0,3.0173298
1772156640.0,67223.0,67226.0,67180.0,67198.0,3.22923894
1772156700.0,67165.0,67234.0,67122.0,67234.0,1.78122808
1772156760.0,67231.0,67236.0,67196.0,67200.0,1.96920615
1772156820.0,67190.0,67248.0,67190.0,67227.0,0.59405955
1772156880.0,67253.0,67299.0,67253.0,67299.0,0.88769786
1772156940.0,67297.0,67297.0,67248.0,67248.0,1.32009414
1772157000.0,67256.0,67266.0,67212.0,67266.0,0.02297919
1772157060.0,67282.0,67314.0,67274.0,67275.0,2.31945702
1772157120.0,67276.0,67295.0,67276.0,67282.0,0.44875273
1772157180.0,67288.0,67288.0,67281.0,67287.0,0.50608302
1772157240.0,67282.0,67313.0,67280.0,67298.0,0.319364
1772157300.0,67301.0,67304.0,67248.0,67261.0,2.23469574
1772157360.0,67258.0,67258.0,67237.0,67251.0,0.24936648
1772157420.0,67304.0,67314.0,67283.0,67295.0,1.07018836
1772157480.0,67297.0,67377.0,67297.0,67377.0,35.61761668
1772157540.0,67376.0,67376.0,67348.0,67350.0,1.03255533
1772157600.0,67347.0,67390.0,67331.0,67382.0,2.99875645
1772157660.0,67382.0,67454.0,67382.0,67452.0,3.17010637
1772157720.0,67452.0,67463.0,67426.0,67439.0,4.46041842
1772157780.0,67462.0,67462.0,67413.0,67413.0,0.68250699
1772157840.0,67413.0,67432.0,67413.0,67432.0,0.44702523
1772157900.0,67428.0,67451.0,67400.0,67451.0,0.32970957
1772157960.0,67451.0,67483.0,67451.0,67482.0,0.23056778
1772158020.0,67481.0,67481.0,67445.0,67446.0,1.05894034
1772158080.0,67423.0,67434.0,67423.0,67434.0,0.83286296
1772158140.0,67434.0,67437.0,67423.0,67423.0,0.57489971
1772158200.0,67422.0,67422.0,67334.0,67351.0,3.1270059
1772158260.0,67383.0,67402.0,67369.0,67396.0,0.83804642
1772158320.0,67405.0,67405.0,67394.0,67394.0,0.00550356
1772158380.0,67383.0,67383.0,67324.0,67324.0,3.10059323
1772158440.0,67345.0,67390.0,67312.0,67325.0,2.3867973
1772158500.0,67326.0,67335.0,67282.0,67291.0,1.95303135
1772158560.0,67298.0,67326.0,67298.0,67312.0,2.1574798
1772158620.0,67309.0,67418.0,67309.0,67377.0,9.11497117
1772158680.0,67374.0,67391.0,67360.0,67391.0,0.09473933
1772158740.0,67395.0,67517.0,67395.0,67517.0,10.90403265
1772158800.0,67511.0,67527.0,67452.0,67452.0,6.55401936
1772158860.0,67448.0,67468.0,67426.0,67426.0,3.07914106
1772158920.0,67436.0,67436.0,67433.0,67433.0,0.00064026
1772158980.0,67425.0,67425.0,67357.0,67369.0,1.98487103
1772159040.0,67369.0,67402.0,67352.0,67399.0,0.47184021
1772159100.0,67387.0,67418.0,67387.0,67418.0,0.96433995
1772159160.0,67419.0,67438.0,67419.0,67438.0,0.00022056
1772159220.0,67439.0,67446.0,67439.0,67440.0,0.56484005
1772159280.0,67428.0,67428.0,67359.0,67401.0,1.15396502
1772159340.0,67401.0,67411.0,67398.0,67411.0,0.47879418
1772159400.0,67432.0,67445.0,67427.0,67445.0,0.05634072
1772159460.0,67466.0,67466.0,67447.0,67448.0,0.091484
1772159520.0,67459.0,67475.0,67459.0,67469.0,0.05264178
1772159580.0,67460.0,67511.0,67460.0,67497.0,0.90394885
1772159640.0,67513.0,67517.0,67490.0,67517.0,3.98109755
1772159700.0,67522.0,67536.0,67506.0,67507.0,3.7927513
1772159760.0,67507.0,67522.0,67492.0,67500.0,1.09038967
1772159820.0,67500.0,67527.0,67478.0,67478.0,3.06038071
1772159880.0,67473.0,67473.0,67473.0,67473.0,0.00194936
1772159940.0,67464.0,67465.0,67443.0,67465.0,0.24743598
1772160000.0,67470.0,67470.0,67445.0,67461.0,0.48680092
1772160060.0,67467.0,67467.0,67458.0,67458.0,0.00255575
1772160120.0,67451.0,67451.0,67413.0,67413.0,0.6361692
1772160180.0,67412.0,67412.0,67365.0,67404.0,0.40517693
1772160240.0,67426.0,67435.0,67426.0,67435.0,0.10376731
1772160300.0,67434.0,67434.0,67421.0,67429.0,0.22187772
1772160360.0,67419.0,67442.0,67419.0,67425.0,0.04573147
1772160420.0,67424.0,67434.0,67418.0,67418.0,0.72492534
1772160480.0,67421.0,67470.0,67421.0,67467.0,0.60952848
1772160540.0,67454.0,67487.0,67443.0,67464.0,2.5324467
1772160600.0,67463.0,67463.0,67411.0,67411.0,1.96395406
1772160660.0,67411.0,67415.0,67382.0,67404.0,1.48676389
1772160720.0,67408.0,67413.0,67343.0,67343.0,3.88669916
1772160780.0,67344.0,67346.0,67333.0,67346.0,0.25290215
1772160840.0,67349.0,67363.0,67325.0,67325.0,2.70680733
1772160900.0,67325.0,67325.0,67298.0,67302.0,0.64543307
1772160960.0,67312.0,67312.0,67294.0,67295.0,0.07692185
1772161020.0,67305.0,67364.0,67305.0,67356.0,1.12403879
1772161080.0,67360.0,67373.0,67340.0,67340.0,1.64834223
1772161140.0,67326.0,67326.0,67270.0,67270.0,1.45790694
1772161200.0,67269.0,67295.0,67256.0,67287.0,0.93583029
1772161260.0,67281.0,67285.0,67250.0,67250.0,0.82963012
1772161320.0,67250.0,67250.0,67229.0,67233.0,0.63945816
1772161380.0,67236.0,67252.0,67236.0,67252.0,0.10693712
1772161440.0,67235.0,67258.0,67235.0,67253.0,0.61266573
1772161500.0,67251.0,67251.0,67191.0,67193.0,6.77147152
1772161560.0,67179.0,67179.0,67145.0,67145.0,27.80342695
1772161620.0,67144.0,67144.0,67131.0,67136.0,2.02369701
1772161680.0,67136.0,67172.0,67135.0,67172.0,0.53179628
1772161740.0,67176.0,67225.0,67176.0,67196.0,0.32377451
1772161800.0,67218.0,67218.0,67200.0,67200.0,0.03268873
1772161860.0,67200.0,67217.0,67169.0,67169.0,0.21862834
1772161920.0,67163.0,67177.0,67162.0,67177.0,0.31504871
1772161980.0,67167.0,67167.0,67129.0,67129.0,0.51271185
1772162040.0,67129.0,67166.0,67129.0,67166.0,0.71685439
1772162100.0,67180.0,67213.0,67180.0,67192.0,1.15819176
1772162160.0,67187.0,67201.0,67187.0,67192.0,0.36154223
1772162220.0,67188.0,67188.0,67181.0,67181.0,0.00180027
1772162280.0,67181.0,67181.0,67171.0,67171.0,0.32395168
1772162340.0,67176.0,67194.0,67176.0,67193.0,0.52540034
1772162400.0,67193.0,67211.0,67192.0,67211.0,0.27762228
1772162460.0,67211.0,67234.0,67205.0,67234.0,0.0783399
1772162520.0,67225.0,67225.0,67131.0,67132.0,0.80378801
1772162580.0,67138.0,67139.0,67133.0,67133.0,0.12560451
1772162640.0,67134.0,67141.0,67128.0,67128.0,0.74546807
1772162700.0,67128.0,67131.0,67110.0,67110.0,2.6932222
1772162760.0,67116.0,67118.0,67111.0,67117.0,0.28673231
1772162820.0,67117.0,67117.0,67111.0,67111.0,0.18180909
1772162880.0,67121.0,67137.0,67121.0,67136.0,0.48151594
1772162940.0,67123.0,67123.0,67118.0,67118.0,0.00755473
1772163000.0,67118.0,67135.0,67118.0,67133.0,0.47553949
1772163060.0,67131.0,67132.0,67130.0,67131.0,0.00179994
1772163120.0,67131.0,67136.0,67131.0,67136.0,0.01389295
1772163180.0,67181.0,67211.0,67181.0,67205.0,0.38224264
1772163240.0,67237.0,67257.0,67224.0,67257.0,0.6573625
1772163300.0,67261.0,67279.0,67261.0,67266.0,1.27454252
1772163360.0,67263.0,67263.0,67227.0,67237.0,0.52327963
1772163420.0,67269.0,67271.0,67264.0,67271.0,2.31171578
1772163480.0,67272.0,67323.0,67271.0,67323.0,0.75516755
1772163540.0,67324.0,67363.0,67324.0,67343.0,1.67211276
1772163600.0,67331.0,67331.0,67311.0,67311.0,0.82277966
1772163660.0,67310.0,67315.0,67303.0,67311.0,0.54316088
1772163720.0,67312.0,67367.0,67304.0,67347.0,4.41689267
1772163780.0,67346.0,67357.0,67340.0,67343.0,1.931214
1772163840.0,67352.0,67400.0,67352.0,67400.0,1.09759383
1772163900.0,67401.0,67401.0,67349.0,67357.0,0.23354554
1772163960.0,67349.0,67362.0,67349.0,67362.0,0.19266171
1772164020.0,67372.0,67390.0,67371.0,67388.0,0.40769032
1772164080.0,67384.0,67384.0,67343.0,67354.0,1.33396444
1772164140.0,67356.0,67438.0,67356.0,67438.0,1.18943017
1772164200.0,67443.0,67448.0,67428.0,67428.0,0.5595458
1772164260.0,67432.0,67441.0,67426.0,67426.0,0.754218
1772164320.0,67426.0,67501.0,67426.0,67493.0,28.09181101
1772164380.0,67493.0,67524.0,67493.0,67514.0,3.43988611
1772164440.0,67513.0,67513.0,67498.0,67498.0,1.23270582
1772164500.0,67499.0,67544.0,67499.0,67525.0,3.48504934
1772164560.0,67529.0,67628.0,67520.0,67619.0,13.45918766
1772164620.0,67622.0,67678.0,67622.0,67678.0,8.7779034
1772164680.0,67678.0,67702.0,67640.0,67640.0,4.87028544
1772164740.0,67633.0,67651.0,67601.0,67609.0,1.45026259
1772164800.0,67601.0,67621.0,67576.0,67617.0,2.76655732
1772164860.0,67636.0,67646.0,67593.0,67634.0,3.65658276
1772164920.0,67637.0,67649.0,67624.0,67624.0,0.98576104
1772164980.0,67610.0,67860.0,67610.0,67858.0,14.40421849
1772165040.0,67854.0,67906.0,67731.0,67806.0,7.27519679
1772165100.0,67817.0,67833.0,67738.0,67746.0,2.55694505
1772165160.0,67763.0,67778.0,67748.0,67759.0,1.68590973
1772165220.0,67750.0,67759.0,67679.0,67709.0,5.40497222
1772165280.0,67738.0,67738.0,67713.0,67729.0,0.36385301
1772165340.0,67722.0,67804.0,67717.0,67787.0,2.00233554
1772165400.0,67776.0,67850.0,67771.0,67850.0,3.25436758
1772165460.0,67860.0,67944.0,67841.0,67855.0,9.41075342
1772165520.0,67856.0,67955.0,67856.0,67955.0,2.30016984
1772165580.0,67954.0,67955.0,67893.0,67921.0,1.51969633
1772165640.0,67917.0,67933.0,67893.0,67924.0,3.21673311
1772165700.0,67930.0,67987.0,67923.0,67980.0,4.76973558
1772165760.0,67983.0,68207.0,67972.0,68196.0,20.60551295
1772165820.0,68195.0,68207.0,68088.0,68097.0,3.25021153
1772165880.0,68095.0,68104.0,68068.0,68079.0,1.36740673
1772165940.0,68104.0,68141.0,68068.0,68141.0,0.84220063
1772166000.0,68141.0,68155.0,68037.0,68037.0,1.60770798
1772166060.0,68010.0,68047.0,67991.0,67993.0,3.6400205
1772166120.0,68008.0,68082.0,68000.0,68039.0,2.16919483
1772166180.0,68022.0,68045.0,67997.0,68023.0,0.60938593
1772166240.0,68025.0,68026.0,68005.0,68005.0,0.36389988
1772166300.0,68008.0,68008.0,67930.0,67930.0,1.87361547
1772166360.0,67922.0,67967.0,67892.0,67948.0,2.34626294
1772166420.0,67950.0,67950.0,67918.0,67938.0,0.86803422
1772166480.0,67943.0,67962.0,67943.0,67948.0,0.68639288
1772166540.0,67946.0,67968.0,67943.0,67944.0,0.23861157
1772166600.0,67957.0,67969.0,67794.0,67794.0,31.38734275
1772166660.0,67807.0,67847.0,67807.0,67846.0,0.96470113
1772166720.0,67845.0,67876.0,67824.0,67872.0,0.55464217
1772166780.0,67873.0,67874.0,67844.0,67874.0,3.49737577
1772166840.0,67873.0,67873.0,67853.0,67853.0,0.33398109
1772166900.0,67853.0,67853.0,67826.0,67844.0,0.62190453
1772166960.0,67850.0,67876.0,67835.0,67863.0,2.9094974
1772167020.0,67863.0,67863.0,67830.0,67834.0,1.91994841
1772167080.0,67833.0,67869.0,67833.0,67869.0,0.08914735
1772167140.0,67879.0,67882.0,67793.0,67793.0,4.33655183
1772167200.0,67793.0,67795.0,67777.0,67787.0,1.60649002
1772167260.0,67794.0,67794.0,67752.0,67768.0,7.1414573
1772167320.0,67780.0,67780.0,67726.0,67726.0,4.58793637
1772167380.0,67734.0,67771.0,67734.0,67770.0,1.44612785
1772167440.0,67769.0,67769.0,67756.0,67756.0,0.57029306
1772167500.0,67767.0,67767.0,67746.0,67746.0,0.39881838
1772167560.0,67759.0,67778.0,67759.0,67772.0,0.63380836
1772167620.0,67767.0,67803.0,67764.0,67797.0,0.84177465
1772167680.0,67811.0,67825.0,67798.0,67806.0,2.10743204
1772167740.0,67819.0,67863.0,67819.0,67821.0,2.8737997
1772167800.0,67816.0,67816.0,67780.0,67799.0,0.15862051
1772167860.0,67798.0,67798.0,67788.0,67797.0,0.39544818
1772167920.0,67804.0,67902.0,67804.0,67883.0,5.90475596
1772167980.0,67889.0,67965.0,67886.0,67914.0,3.25739286
1772168040.0,67913.0,67924.0,67904.0,67911.0,1.05810795
1772168100.0,67911.0,67911.0,67889.0,67889.0,1.94682944
1772168160.0,67881.0,67881.0,67843.0,67847.0,0.65370097
1772168220.0,67847.0,67847.0,67736.0,67760.0,3.60645711
1772168280.0,67759.0,67759.0,67686.0,67730.0,5.84286956
1772168340.0,67730.0,67748.0,67730.0,67748.0,0.29008962
1772168400.0,67747.0,67757.0,67724.0,67755.0,6.76229841
1772168460.0,67752.0,67814.0,67752.0,67782.0,1.43679362
1772168520.0,67778.0,67816.0,67772.0,67811.0,0.44095262
1772168580.0,67811.0,67839.0,67811.0,67831.0,0.39437473
1772168640.0,67838.0,67839.0,67820.0,67820.0,0.66108949
1772168700.0,67817.0,67844.0,67817.0,67841.0,0.58001463
1772168760.0,67842.0,67842.0,67830.0,67839.0,0.90514895
1772168820.0,67839.0,67839.0,67827.0,67837.0,0.14102876
1772168880.0,67849.0,67850.0,67835.0,67837.0,0.15004571
1772168940.0,67835.0,67835.0,67795.0,67796.0,0.14188617
1772169000.0,67795.0,67814.0,67784.0,67814.0,0.35309512
1772169060.0,67815.0,67839.0,67815.0,67839.0,0.18502665
1772169120.0,67840.0,67921.0,67840.0,67907.0,1.56086358
1772169180.0,67907.0,67907.0,67861.0,67867.0,0.43727546
1772169240.0,67868.0,67882.0,67868.0,67869.0,1.41625552
1772169300.0,67868.0,67882.0,67863.0,67874.0,0.53261201
1772169360.0,67874.0,67874.0,67841.0,67842.0,1.02466415
1772169420.0,67842.0,67865.0,67842.0,67865.0,0.75968717
1772169480.0,67873.0,67882.0,67872.0,67881.0,0.96011932
1772169540.0,67881.0,67881.0,67836.0,67836.0,0.55362276
1772169600.0,67831.0,67886.0,67828.0,67864.0,0.42116746
1772169660.0,67861.0,67861.0,67798.0,67800.0,0.5884836
1772169720.0,67801.0,67801.0,67747.0,67747.0,1.11423031
1772169780.0,67747.0,67747.0,67696.0,67728.0,1.30990646
1772169840.0,67745.0,67801.0,67745.0,67773.0,2.80070599
1772169900.0,67780.0,67798.0,67780.0,67797.0,0.04190476
1772169960.0,67797.0,67797.0,67777.0,67777.0,0.5932663
1772170020.0,67782.0,67782.0,67779.0,67780.0,0.32747065
1772170080.0,67805.0,67832.0,67805.0,67832.0,5.62228084
1772170140.0,67817.0,67817.0,67813.0,67813.0,0.01365209
1772170200.0,67812.0,67832.0,67809.0,67832.0,0.28600966
1772170260.0,67832.0,67842.0,67832.0,67838.0,0.58081327
1772170320.0,67848.0,67870.0,67848.0,67865.0,0.07184405
1772170380.0,67865.0,67867.0,67862.0,67862.0,0.27801116
1772170440.0,67865.0,67884.0,67851.0,67851.0,0.94741124
1772170500.0,67850.0,67850.0,67825.0,67827.0,0.32226983
1772170560.0,67827.0,67827.0,67806.0,67806.0,0.13821701
1772170620.0,67798.0,67809.0,67784.0,67809.0,0.24516863
1772170680.0,67808.0,67836.0,67805.0,67832.0,0.08300382
1772170740.0,67831.0,67875.0,67831.0,67866.0,1.34771095
1772170800.0,67867.0,67867.0,67831.0,67831.0,0.25739516
1772170860.0,67831.0,67848.0,67831.0,67848.0,0.65437228
1772170920.0,67848.0,67854.0,67848.0,67853.0,0.26325835
1772170980.0,67853.0,67861.0,67853.0,67861.0,0.06217288
1772171040.0,67861.0,67861.0,67851.0,67851.0,0.57155501
1772171100.0,67848.0,67864.0,67831.0,67840.0,1.59675915
1772171160.0,67839.0,67839.0,67832.0,67832.0,0.01709538
1772171220.0,67804.0,67804.0,67788.0,67788.0,0.06487269
1772171280.0,67788.0,67792.0,67788.0,67788.0,0.33061953
1772171340.0,67785.0,67792.0,67784.0,67790.0,0.08334373
1772171400.0,67790.0,67796.0,67784.0,67795.0,0.6597544
1772171460.0,67795.0,67802.0,67792.0,67792.0,0.7356908
1772171520.0,67797.0,67807.0,67797.0,67807.0,0.08850033
1772171580.0,67806.0,67806.0,67782.0,67782.0,0.43766768
1772171640.0,67782.0,67782.0,67755.0,67755.0,1.45507513
1772171700.0,67756.0,67759.0,67756.0,67759.0,0.17414985
1772171760.0,67759.0,67759.0,67734.0,67737.0,1.00761181
1772171820.0,67736.0,67740.0,67704.0,67704.0,1.42244445
1772171880.0,67703.0,67723.0,67692.0,67709.0,0.81103446
1772171940.0,67704.0,67718.0,67699.0,67718.0,0.19759821
1772172000.0,67737.0,67758.0,67737.0,67753.0,0.87190663
1772172060.0,67743.0,67743.0,67726.0,67734.0,2.58749554
1772172120.0,67734.0,67761.0,67734.0,67745.0,0.42819421
1772172180.0,67745.0,67774.0,67745.0,67772.0,0.40134777
1772172240.0,67772.0,67779.0,67763.0,67775.0,0.13706862
1772172300.0,67775.0,67775.0,67757.0,67759.0,2.35219874
1772172360.0,67772.0,67779.0,67772.0,67773.0,0.26580723
1772172420.0,67772.0,67773.0,67764.0,67764.0,0.56854683
1772172480.0,67761.0,67761.0,67750.0,67751.0,0.11038489
1772172540.0,67750.0,67751.0,67711.0,67711.0,0.99996179
1772172600.0,67717.0,67723.0,67706.0,67706.0,0.70545256
1772172660.0,67702.0,67707.0,67693.0,67694.0,0.3768935
1772172720.0,67693.0,67701.0,67684.0,67684.0,1.10982334
1772172780.0,67678.0,67678.0,67658.0,67664.0,3.4562225
1772172840.0,67664.0,67676.0,67664.0,67666.0,0.23438751
1772172900.0,67665.0,67670.0,67646.0,67670.0,1.58753446
1772172960.0,67693.0,67700.0,67680.0,67683.0,2.50834835
1772173020.0,67683.0,67696.0,67683.0,67696.0,0.7353329
1772173080.0,67696.0,67705.0,67696.0,67705.0,0.72056039
1772173140.0,67704.0,67704.0,67637.0,67649.0,1.37898037
1772173200.0,67655.0,67655.0,67645.0,67654.0,0.42987644
1772173260.0,67647.0,67647.0,67614.0,67641.0,1.94767234
1772173320.0,67645.0,67648.0,67617.0,67617.0,0.81601162
1772173380.0,67614.0,67614.0,67608.0,67608.0,0.62741507
1772173440.0,67609.0,67614.0,67605.0,67608.0,1.59661996
1772173500.0,67605.0,67605.0,67595.0,67595.0,1.38272807
1772173560.0,67593.0,67593.0,67539.0,67551.0,4.56073664
1772173620.0,67551.0,67569.0,67537.0,67537.0,1.92368988
1772173680.0,67534.0,67535.0,67534.0,67535.0,0.02002909
1772173740.0,67572.0,67607.0,67572.0,67607.0,1.74078469
1772173800.0,67607.0,67705.0,67607.0,67691.0,1.33478659
1772173860.0,67697.0,67701.0,67632.0,67647.0,1.76027335
1772173920.0,67648.0,67664.0,67638.0,67648.0,0.48864225
1772173980.0,67647.0,67647.0,67616.0,67616.0,0.91089241
1772174040.0,67616.0,67651.0,67616.0,67651.0,0.43718662
1772174100.0,67667.0,67757.0,67667.0,67748.0,0.5819686
1772174160.0,67739.0,67758.0,67739.0,67752.0,0.38621536
1772174220.0,67747.0,67747.0,67724.0,67724.0,0.29021521
1772174280.0,67718.0,67718.0,67711.0,67712.0,0.0540217
1772174340.0,67712.0,67740.0,67712.0,67740.0,0.02720993
1772174400.0,67751.0,67764.0,67739.0,67756.0,0.56848346
1772174460.0,67758.0,67775.0,67758.0,67774.0,0.22568249
1772174520.0,67774.0,67775.0,67761.0,67761.0,0.02652581
1772174580.0,67770.0,67771.0,67755.0,67763.0,0.41717352
1772174640.0,67762.0,67762.0,67749.0,67750.0,0.5609207
1772174700.0,67750.0,67758.0,67750.0,67756.0,0.19754934
1772174760.0,67762.0,67762.0,67754.0,67754.0,0.29250748
1772174820.0,67757.0,67798.0,67757.0,67798.0,0.4583696
1772174880.0,67818.0,67827.0,67812.0,67813.0,0.14212089
1772174940.0,67812.0,67812.0,67774.0,67774.0,0.20244616
1772175000.0,67774.0,67774.0,67739.0,67751.0,0.19852136
1772175060.0,67751.0,67757.0,67729.0,67729.0,0.18456048
1772175120.0,67727.0,67744.0,67723.0,67742.0,0.23032335
1772175180.0,67741.0,67741.0,67694.0,67733.0,2.74719319
1772175240.0,67738.0,67747.0,67714.0,67724.0,0.71554589
1772175300.0,67723.0,67726.0,67704.0,67706.0,1.33133028
1772175360.0,67712.0,67712.0,67690.0,67690.0,1.27046022
1772175420.0,67691.0,67691.0,67667.0,67667.0,0.52023386
1772175480.0,67666.0,67668.0,67658.0,67668.0,0.59412355
1772175540.0,67667.0,67668.0,67667.0,67667.0,0.04055638
1772175600.0,67663.0,67692.0,67660.0,67685.0,1.01594504
1772175660.0,67686.0,67686.0,67663.0,67663.0,0.150525
1772175720.0,67662.0,67662.0,67630.0,67630.0,0.07312283
1772175780.0,67628.0,67628.0,67587.0,67587.0,0.50694611
1772175840.0,67587.0,67601.0,67580.0,67601.0,0.25637538
1772175900.0,67610.0,67637.0,67610.0,67615.0,0.34131204
1772175960.0,67612.0,67622.0,67612.0,67622.0,0.17193627
1772176020.0,67621.0,67634.0,67621.0,67630.0,0.03721071
1772176080.0,67630.0,67705.0,67630.0,67705.0,0.60355708
1772176140.0,67711.0,67711.0,67688.0,67688.0,0.30510733
1772176200.0,67705.0,67705.0,67690.0,67690.0,0.30593421
1772176260.0,67690.0,67690.0,67673.0,67673.0,0.14803661
1772176320.0,67671.0,67693.0,67671.0,67693.0,0.00312317
1772176380.0,67693.0,67693.0,67652.0,67652.0,0.97212396
1772176440.0,67655.0,67663.0,67655.0,67663.0,0.45472576
1772176500.0,67662.0,67662.0,67645.0,67645.0,0.57133024
1772176560.0,67618.0,67619.0,67586.0,67604.0,0.67202852
1772176620.0,67613.0,67627.0,67604.0,67605.0,0.34062152
1772176680.0,67606.0,67627.0,67600.0,67627.0,0.27560301
1772176740.0,67626.0,67642.0,67626.0,67642.0,0.01025078
1772176800.0,67641.0,67651.0,67634.0,67635.0,0.48035128
1772176860.0,67645.0,67662.0,67589.0,67589.0,0.18593232
1772176920.0,67589.0,67606.0,67589.0,67597.0,0.03240388
1772176980.0,67582.0,67632.0,67582.0,67628.0,0.21888466
1772177040.0,67629.0,67629.0,67614.0,67614.0,0.00320686
1772177100.0,67614.0,67625.0,67607.0,67625.0,0.0999782
1772177160.0,67624.0,67640.0,67623.0,67623.0,1.35132166
1772177220.0,67623.0,67623.0,67578.0,67578.0,0.20456401
1772177280.0,67569.0,67569.0,67548.0,67548.0,1.68763584
1772177340.0,67548.0,67548.0,67495.0,67505.0,5.93933027
1772177400.0,67518.0,67552.0,67518.0,67536.0,1.75465728
1772177460.0,67533.0,67538.0,67522.0,67525.0,0.89427332
1772177520.0,67546.0,67571.0,67546.0,67571.0,2.06148855
1772177580.0,67570.0,67578.0,67556.0,67572.0,0.98618793
1772177640.0,67578.0,67613.0,67576.0,67613.0,0.8684473
1772177700.0,67622.0,67632.0,67615.0,67621.0,2.41883101
1772177760.0,67621.0,67621.0,67594.0,67608.0,1.90802644
1772177820.0,67608.0,67630.0,67516.0,67516.0,10.50122365
1772177880.0,67511.0,67547.0,67495.0,67547.0,2.15451734
1772177940.0,67546.0,67551.0,67520.0,67551.0,2.33053783
1772178000.0,67559.0,67563.0,67476.0,67489.0,3.40878728
1772178060.0,67486.0,67513.0,67468.0,67468.0,1.32519966
1772178120.0,67471.0,67516.0,67471.0,67516.0,1.38718492
1772178180.0,67527.0,67544.0,67527.0,67536.0,1.04307993
1772178240.0,67547.0,67548.0,67535.0,67548.0,0.65619972
1772178300.0,67545.0,67545.0,67523.0,67529.0,0.57127897
1772178360.0,67528.0,67628.0,67528.0,67617.0,2.31134687
1772178420.0,67622.0,67629.0,67593.0,67622.0,3.40029074
1772178480.0,67631.0,67644.0,67631.0,67644.0,0.62709185
1772178540.0,67644.0,67683.0,67644.0,67676.0,3.07795243
1772178600.0,67677.0,67737.0,67677.0,67707.0,1.10268971
1772178660.0,67709.0,67737.0,67700.0,67708.0,1.27973414
1772178720.0,67701.0,67717.0,67669.0,67707.0,3.3626859
1772178780.0,67716.0,67721.0,67703.0,67721.0,1.62382354
1772178840.0,67724.0,67729.0,67724.0,67729.0,0.04630715
1772178900.0,67731.0,67759.0,67720.0,67720.0,6.0339188
1772178960.0,67719.0,67719.0,67672.0,67690.0,2.84353994
1772179020.0,67695.0,67721.0,67687.0,67717.0,4.03329556
1772179080.0,67717.0,67717.0,67698.0,67698.0,0.31372829
1772179140.0,67687.0,67720.0,67664.0,67700.0,1.37015945
1772179200.0,67675.0,67707.0,67675.0,67685.0,0.9918896
1772179260.0,67675.0,67749.0,67661.0,67748.0,2.44943165
1772179320.0,67708.0,67725.0,67693.0,67716.0,0.45084888
1772179380.0,67720.0,67720.0,67720.0,67720.0,0.013033
1772179440.0,67731.0,67741.0,67715.0,67717.0,0.88648973
1772179500.0,67717.0,67782.0,67717.0,67782.0,0.77272096
1772179560.0,67786.0,67864.0,67786.0,67854.0,28.45138842
1772179620.0,67853.0,67853.0,67818.0,67818.0,1.85014727
1772179680.0,67819.0,67898.0,67819.0,67898.0,3.57845811
1772179740.0,67906.0,67985.0,67888.0,67984.0,6.44408215
1772179800.0,67994.0,68037.0,67979.0,67981.0,8.14136115
1772179860.0,67991.0,68015.0,67975.0,68008.0,1.12042788
1772179920.0,68030.0,68033.0,68006.0,68009.0,0.71486574
1772179980.0,67996.0,67996.0,67949.0,67949.0,1.30964987
1772180040.0,67947.0,67947.0,67893.0,67893.0,1.75942923
1772180100.0,67894.0,67896.0,67862.0,67867.0,1.34621377
1772180160.0,67880.0,67937.0,67880.0,67937.0,1.12492261
1772180220.0,67923.0,67977.0,67916.0,67969.0,0.78262755
1772180280.0,67966.0,67966.0,67965.0,67965.0,0.14092659
1772180340.0,67965.0,67965.0,67922.0,67927.0,1.51088647
1772180400.0,67921.0,67944.0,67896.0,67944.0,1.36779167
1772180460.0,67941.0,67949.0,67924.0,67924.0,0.71601563
1772180520.0,67921.0,67954.0,67921.0,67954.0,0.163128
1772180580.0,67954.0,67954.0,67921.0,67933.0,0.65193065
1772180640.0,67932.0,67942.0,67932.0,67933.0,0.10733386
1772180700.0,67905.0,67938.0,67892.0,67924.0,0.47082981
1772180760.0,67928.0,67928.0,67918.0,67918.0,0.02285285
1772180820.0,67919.0,67919.0,67891.0,67891.0,0.62861693
1772180880.0,67890.0,67924.0,67879.0,67919.0,0.19887556
1772180940.0,67925.0,67953.0,67925.0,67953.0,0.12312109
1772181000.0,67962.0,68027.0,67949.0,68025.0,0.91805052
1772181060.0,68018.0,68018.0,67993.0,67994.0,0.00371795
1772181120.0,67985.0,67985.0,67911.0,67911.0,0.08892645
1772181180.0,67874.0,67877.0,67856.0,67872.0,0.43366114
1772181240.0,67877.0,67890.0,67873.0,67875.0,0.56138327
1772181300.0,67874.0,67874.0,67773.0,67805.0,3.88727722
1772181360.0,67790.0,67801.0,67763.0,67799.0,0.58319973
1772181420.0,67815.0,67815.0,67812.0,67812.0,0.00583818
1772181480.0,67812.0,67816.0,67807.0,67807.0,1.21715382
1772181540.0,67796.0,67796.0,67740.0,67788.0,3.09982605
1772181600.0,67817.0,67852.0,67817.0,67840.0,0.58995145
1772181660.0,67839.0,67848.0,67816.0,67848.0,0.67545826
1772181720.0,67847.0,67847.0,67832.0,67842.0,0.64171501
1772181780.0,67845.0,67863.0,67845.0,67863.0,1.14640056
1772181840.0,67863.0,67921.0,67863.0,67921.0,0.4175985
1772181900.0,67926.0,67990.0,67921.0,67980.0,1.12030238
1772181960.0,68000.0,68002.0,67975.0,67975.0,0.8528516
1772182020.0,67975.0,68057.0,67975.0,68054.0,4.97782597
1772182080.0,68038.0,68038.0,68014.0,68033.0,0.01449015
1772182140.0,68032.0,68032.0,67975.0,67984.0,0.63927132
1772182200.0,67989.0,68015.0,67979.0,67982.0,0.33815974
1772182260.0,67990.0,67990.0,67905.0,67905.0,0.43967789
1772182320.0,67915.0,67929.0,67914.0,67914.0,0.49070886
1772182380.0,67916.0,67925.0,67915.0,67925.0,0.09919684
1772182440.0,67929.0,67998.0,67929.0,67998.0,0.27551494
1772182500.0,67997.0,68006.0,67991.0,67994.0,0.37669275
1772182560.0,68000.0,68000.0,67985.0,67985.0,0.04593625
1772182620.0,67985.0,67988.0,67969.0,67977.0,1.6965599
1772182680.0,67974.0,67974.0,67957.0,67964.0,0.683112
1772182740.0,67970.0,67971.0,67942.0,67942.0,0.6189462
1772182800.0,67940.0,67983.0,67937.0,67975.0,0.92127186
1772182860.0,67974.0,67975.0,67931.0,67972.0,0.44882915
1772182920.0,67976.0,67976.0,67910.0,67910.0,1.17621685
1772182980.0,67910.0,67920.0,67875.0,67894.0,0.87244861
1772183040.0,67904.0,67904.0,67851.0,67891.0,1.26931195
1772183100.0,67896.0,67931.0,67886.0,67902.0,3.01122222
1772183160.0,67896.0,67915.0,67886.0,67904.0,0.65963612
1772183220.0,67911.0,67932.0,67910.0,67929.0,0.4683336
1772183280.0,67939.0,67975.0,67937.0,67967.0,0.94550911
1772183340.0,67967.0,68010.0,67949.0,68010.0,2.92424242
1772183400.0,68030.0,68043.0,67962.0,67962.0,0.69301277
1772183460.0,67961.0,67961.0,67919.0,67924.0,0.74284866
1772183520.0,67925.0,67958.0,67925.0,67958.0,2.52494145
1772183580.0,67959.0,67969.0,67933.0,67958.0,2.13977215
1772183640.0,67958.0,68001.0,67953.0,67978.0,0.5134384
1772183700.0,67974.0,67974.0,67953.0,67971.0,0.96725906
1772183760.0,67983.0,67993.0,67983.0,67987.0,0.07984006
1772183820.0,67987.0,67988.0,67965.0,67988.0,0.11701699
1772183880.0,68001.0,68001.0,67989.0,67990.0,0.0485129
1772183940.0,67991.0,68024.0,67991.0,68014.0,3.13106568
1772184000.0,68034.0,68109.0,68030.0,68109.0,5.74210298
1772184060.0,68107.0,68142.0,67958.0,67997.0,14.28257644
1772184120.0,68003.0,68003.0,67930.0,67930.0,1.36967396
1772184180.0,67930.0,67972.0,67915.0,67915.0,0.77192254
1772184240.0,67913.0,67942.0,67890.0,67942.0,1.188702
1772184300.0,67945.0,67976.0,67945.0,67976.0,0.11187
1772184360.0,67992.0,67999.0,67988.0,67991.0,0.2962212
1772184420.0,67999.0,68010.0,67989.0,67989.0,0.08886626
1772184480.0,68000.0,68008.0,67997.0,68008.0,0.32994818
1772184540.0,68016.0,68032.0,68016.0,68032.0,0.03474246
1772184600.0,68031.0,68033.0,68016.0,68032.0,0.55010999
1772184660.0,68033.0,68037.0,68020.0,68020.0,0.00679267
1772184720.0,68024.0,68036.0,68015.0,68017.0,0.1856156
1772184780.0,68016.0,68016.0,67998.0,68005.0,0.65864207
1772184840.0,68001.0,68003.0,67986.0,67986.0,0.85734347
1772184900.0,67983.0,67983.0,67923.0,67929.0,0.67722899
1772184960.0,67929.0,67930.0,67878.0,67878.0,0.47721919
1772185020.0,67860.0,67860.0,67815.0,67821.0,1.42241628
1772185080.0,67820.0,67820.0,67781.0,67797.0,0.30173544
1772185140.0,67803.0,67823.0,67803.0,67807.0,1.17591276
1772185200.0,67816.0,67824.0,67815.0,67815.0,0.80292385
1772185260.0,67820.0,67826.0,67801.0,67801.0,1.18768262
1772185320.0,67790.0,67790.0,67760.0,67760.0,0.50255545
1772185380.0,67760.0,67774.0,67759.0,67759.0,3.91681586
1772185440.0,67759.0,67759.0,67624.0,67624.0,33.59162472
1772185500.0,67624.0,67624.0,67382.0,67402.0,26.33563128
1772185560.0,67408.0,67474.0,67408.0,67467.0,2.16101959
1772185620.0,67448.0,67510.0,67430.0,67471.0,2.393521
1772185680.0,67475.0,67499.0,67434.0,67473.0,2.08060164
1772185740.0,67473.0,67488.0,67404.0,67457.0,4.40081065
1772185800.0,67457.0,67516.0,67415.0,67427.0,4.84601662
1772185860.0,67381.0,67399.0,67338.0,67388.0,1.22787087
1772185920.0,67387.0,67396.0,67383.0,67394.0,0.36786467
1772185980.0,67394.0,67411.0,67392.0,67394.0,0.36182167
1772186040.0,67395.0,67416.0,67307.0,67320.0,5.57783697
1772186100.0,67321.0,67448.0,67321.0,67448.0,2.30289644
1772186160.0,67445.0,67478.0,67441.0,67447.0,1.15028896
1772186220.0,67451.0,67451.0,67405.0,67420.0,0.56983182
1772186280.0,67420.0,67420.0,67390.0,67397.0,0.49568143
1772186340.0,67397.0,67397.0,67374.0,67374.0,0.49381559
1772186400.0,67363.0,67393.0,67319.0,67380.0,1.80674387
1772186460.0,67380.0,67405.0,67369.0,67405.0,1.50821409
1772186520.0,67421.0,67421.0,67298.0,67298.0,1.57868361
1772186580.0,67298.0,67301.0,67217.0,67273.0,8.6710919
1772186640.0,67272.0,67282.0,67231.0,67257.0,2.58545858
1772186700.0,67258.0,67361.0,67242.0,67309.0,1.87202881
1772186760.0,67315.0,67378.0,67304.0,67371.0,1.89312611
1772186820.0,67371.0,67371.0,67316.0,67368.0,1.594619
1772186880.0,67368.0,67368.0,67337.0,67337.0,0.4511748
1772186940.0,67331.0,67342.0,67259.0,67266.0,0.84438249
1772187000.0,67260.0,67266.0,67209.0,67213.0,1.52262318
1772187060.0,67209.0,67209.0,66959.0,66985.0,19.17036972
1772187120.0,66998.0,67035.0,66928.0,66932.0,13.03877257
1772187180.0,66927.0,66982.0,66913.0,66981.0,6.97579341
1772187240.0,66981.0,66981.0,66871.0,66883.0,5.62786529
1772187300.0,66883.0,66941.0,66855.0,66941.0,6.56222008
1772187360.0,66944.0,67001.0,66944.0,67000.0,1.49537564
1772187420.0,67001.0,67001.0,66914.0,66951.0,1.41349337
1772187480.0,66948.0,67058.0,66948.0,67038.0,5.09311423
1772187540.0,67030.0,67052.0,66998.0,66998.0,2.81723593
1772187600.0,66995.0,67018.0,66775.0,66775.0,15.97739295
1772187660.0,66776.0,66867.0,66695.0,66867.0,17.857098
1772187720.0,66874.0,66878.0,66795.0,66795.0,7.41567912
1772187780.0,66795.0,66890.0,66795.0,66887.0,4.54865221
1772187840.0,66888.0,66902.0,66870.0,66877.0,0.95904233
1772187900.0,66877.0,66920.0,66876.0,66876.0,0.58899912
1772187960.0,66860.0,66860.0,66823.0,66833.0,0.86247653
1772188020.0,66832.0,66852.0,66791.0,66834.0,3.83236773
1772188080.0,66823.0,66823.0,66749.0,66749.0,1.62276544
1772188140.0,66747.0,66799.0,66747.0,66788.0,1.93960531
1772188200.0,66785.0,66857.0,66758.0,66856.0,1.83148134
1772188260.0,66865.0,66878.0,66853.0,66870.0,3.30273132
1772188320.0,66871.0,66890.0,66870.0,66890.0,2.18385663
1772188380.0,66890.0,66890.0,66854.0,66871.0,0.82999192
1772188440.0,66880.0,66957.0,66841.0,66848.0,5.17641801
1772188500.0,66848.0,66872.0,66839.0,66854.0,0.55429786
1772188560.0,66856.0,66881.0,66856.0,66881.0,0.33831795
1772188620.0,66869.0,66869.0,66816.0,66826.0,0.22701593
1772188680.0,66820.0,66859.0,66820.0,66859.0,0.1997789
1772188740.0,66848.0,66848.0,66794.0,66795.0,0.51339266
1772188800.0,66795.0,66795.0,66750.0,66778.0,1.03978596
1772188860.0,66785.0,66796.0,66763.0,66763.0,0.53519946
1772188920.0,66754.0,66761.0,66719.0,66735.0,2.8092522
1772188980.0,66723.0,66818.0,66723.0,66818.0,4.19494384
1772189040.0,66823.0,66850.0,66793.0,66819.0,13.93544086
1772189100.0,66819.0,66819.0,66787.0,66789.0,0.82777849
1772189160.0,66789.0,66804.0,66783.0,66784.0,2.17529889
1772189220.0,66781.0,66781.0,66704.0,66775.0,3.64997433
1772189280.0,66775.0,66791.0,66721.0,66725.0,0.27506967
1772189340.0,66739.0,66833.0,66739.0,66800.0,4.34912955
1772189400.0,66795.0,66795.0,66663.0,66689.0,6.94827095
1772189460.0,66688.0,66753.0,66665.0,66709.0,1.45478667
1772189520.0,66709.0,66709.0,66620.0,66650.0,5.34779577
1772189580.0,66623.0,66626.0,66582.0,66601.0,6.49303427
1772189640.0,66586.0,66638.0,66586.0,66628.0,4.44891144
1772189700.0,66613.0,66654.0,66613.0,66642.0,1.66579357
1772189760.0,66635.0,66682.0,66635.0,66680.0,0.63584654
1772189820.0,66680.0,66680.0,66642.0,66642.0,0.31413757
1772189880.0,66637.0,66661.0,66630.0,66649.0,0.32696644
1772189940.0,66641.0,66641.0,66619.0,66619.0,0.73682733
1772190000.0,66623.0,66691.0,66617.0,66691.0,4.56583931
1772190060.0,66698.0,66722.0,66675.0,66675.0,3.79707429
1772190120.0,66674.0,66723.0,66673.0,66686.0,3.0332291
1772190180.0,66701.0,66713.0,66673.0,66708.0,0.97271895
1772190240.0,66712.0,66712.0,66667.0,66690.0,0.92029308
1772190300.0,66685.0,66754.0,66668.0,66748.0,3.63345587
1772190360.0,66747.0,66747.0,66690.0,66722.0,1.64652887
1772190420.0,66699.0,66710.0,66689.0,66710.0,0.25041965
1772190480.0,66715.0,66782.0,66712.0,66782.0,0.9528681
1772190540.0,66781.0,66781.0,66742.0,66742.0,1.78827447
1772190600.0,66742.0,66757.0,66729.0,66745.0,1.60894324
1772190660.0,66746.0,66750.0,66716.0,66721.0,0.34096241
1772190720.0,66751.0,66751.0,66663.0,66675.0,4.3276295
1772190780.0,66696.0,66742.0,66695.0,66742.0,2.01931907
1772190840.0,66771.0,66771.0,66690.0,66700.0,2.71227627
1772190900.0,66689.0,66689.0,66586.0,66641.0,3.74002213
1772190960.0,66651.0,66672.0,66635.0,66672.0,0.75621936
1772191020.0,66672.0,66672.0,66559.0,66572.0,6.0186575
1772191080.0,66575.0,66595.0,66571.0,66581.0,2.33976946
1772191140.0,66576.0,66576.0,66387.0,66407.0,21.70670024
1772191200.0,66404.0,66499.0,66391.0,66449.0,3.03305163
1772191260.0,66462.0,66496.0,66433.0,66496.0,2.42828081
1772191320.0,66545.0,66560.0,66459.0,66537.0,2.40417541
1772191380.0,66529.0,66529.0,66482.0,66518.0,1.77766621
1772191440.0,66521.0,66542.0,66515.0,66529.0,3.69651935
1772191500.0,66524.0,66656.0,66517.0,66656.0,1.44713083
1772191560.0,66663.0,66663.0,66579.0,66594.0,1.19583278
1772191620.0,66595.0,66632.0,66576.0,66631.0,0.49150311
1772191680.0,66619.0,66619.0,66585.0,66585.0,0.73401135
1772191740.0,66582.0,66582.0,66526.0,66526.0,1.22186303
1772191800.0,66526.0,66569.0,66521.0,66521.0,0.67821819
1772191860.0,66520.0,66559.0,66501.0,66501.0,1.37362556
1772191920.0,66508.0,66515.0,66478.0,66479.0,2.09507304
1772191980.0,66473.0,66478.0,66407.0,66462.0,8.76214631
1772192040.0,66486.0,66508.0,66439.0,66469.0,0.88711224
1772192100.0,66469.0,66469.0,66300.0,66314.0,14.39834214
1772192160.0,66305.0,66305.0,66225.0,66242.0,6.89803602
1772192220.0,66228.0,66261.0,66192.0,66237.0,4.06479128
1772192280.0,66236.0,66236.0,66145.0,66162.0,11.12107884
1772192340.0,66159.0,66159.0,66105.0,66117.0,7.57609404
1772192400.0,66127.0,66156.0,66090.0,66090.0,3.25716457
1772192460.0,66090.0,66101.0,66012.0,66020.0,5.6733455
1772192520.0,66020.0,66089.0,65992.0,66039.0,11.56848317
1772192580.0,66040.0,66076.0,66015.0,66051.0,4.38583479
1772192640.0,66063.0,66063.0,65971.0,66052.0,4.3180001
1772192700.0,66010.0,66065.0,66010.0,66055.0,6.48342801
1772192760.0,66026.0,66098.0,65996.0,66069.0,4.68636254
1772192820.0,66060.0,66143.0,66060.0,66126.0,2.57780948
1772192880.0,66122.0,66158.0,66056.0,66100.0,2.92376823
1772192940.0,66094.0,66160.0,66088.0,66106.0,2.65158635
1772193000.0,66105.0,66105.0,66054.0,66095.0,5.81263194
1772193060.0,66094.0,66106.0,66044.0,66050.0,3.02507013
1772193120.0,66048.0,66064.0,66047.0,66049.0,0.95086862
1772193180.0,66043.0,66073.0,66043.0,66053.0,1.15228323
1772193240.0,66059.0,66059.0,66032.0,66044.0,0.73076878
1772193300.0,66045.0,66045.0,66027.0,66027.0,0.19420577
1772193360.0,66027.0,66049.0,66003.0,66004.0,0.7296666
1772193420.0,66035.0,66122.0,66035.0,66112.0,1.17099924
1772193480.0,66110.0,66165.0,66099.0,66162.0,3.16081244
1772193540.0,66161.0,66162.0,66117.0,66125.0,0.40900812
1772193600.0,66123.0,66123.0,66072.0,66080.0,1.54762946
1772193660.0,66080.0,66080.0,66039.0,66045.0,0.91515727
1772193720.0,66045.0,66116.0,66024.0,66038.0,2.55333356
1772193780.0,66038.0,66115.0,66038.0,66115.0,1.56508947
1772193840.0,66117.0,66117.0,66042.0,66042.0,1.74825648
1772193900.0,66047.0,66121.0,66047.0,66121.0,0.75922296
1772193960.0,66130.0,66160.0,66120.0,66157.0,1.3813873
1772194020.0,66145.0,66189.0,66128.0,66189.0,2.95661594
1772194080.0,66194.0,66199.0,66142.0,66158.0,1.45710484
1772194140.0,66133.0,66148.0,66122.0,66148.0,2.22743021
1772194200.0,66144.0,66144.0,66048.0,66048.0,2.15364941
1772194260.0,66045.0,66045.0,65907.0,65983.0,11.17673416
1772194320.0,65983.0,66090.0,65983.0,66049.0,2.2592258
1772194380.0,66048.0,66048.0,65982.0,65994.0,0.47351557
1772194440.0,65997.0,65997.0,65987.0,65993.0,0.49615319
1772194500.0,65996.0,66006.0,65966.0,65974.0,0.64942509
1772194560.0,65973.0,66001.0,65965.0,65965.0,0.42159278
1772194620.0,65958.0,65958.0,65898.0,65924.0,5.0490521
1772194680.0,65916.0,65925.0,65916.0,65924.0,0.30917009
1772194740.0,65925.0,65954.0,65925.0,65947.0,0.23699187
1772194800.0,65940.0,66108.0,65940.0,66106.0,1.55258204
1772194860.0,66097.0,66125.0,66070.0,66102.0,1.00587235
1772194920.0,66096.0,66104.0,66023.0,66043.0,3.09430557
1772194980.0,66046.0,66051.0,66017.0,66017.0,1.08344649
1772195040.0,66017.0,66057.0,65951.0,65953.0,2.76206612
1772195100.0,65955.0,65975.0,65911.0,65912.0,1.09457818
1772195160.0,65913.0,65982.0,65913.0,65937.0,0.63575534
1772195220.0,65939.0,66028.0,65939.0,66010.0,2.33938477
1772195280.0,66009.0,66009.0,65967.0,65967.0,1.51010125
1772195340.0,65968.0,65968.0,65912.0,65912.0,3.62183154
1772195400.0,65912.0,65979.0,65898.0,65979.0,1.61848258
1772195460.0,65979.0,66014.0,65979.0,66010.0,0.59102103
1772195520.0,66026.0,66026.0,65997.0,66004.0,0.35790355
1772195580.0,66007.0,66007.0,65984.0,65990.0,0.37380421
1772195640.0,65991.0,66039.0,65983.0,66034.0,0.77280685
1772195700.0,66027.0,66027.0,66003.0,66007.0,2.07927366
1772195760.0,66007.0,66010.0,65929.0,65933.0,2.22773277
1772195820.0,65932.0,65932.0,65870.0,65929.0,6.20787031
1772195880.0,65955.0,65983.0,65942.0,65953.0,3.50755306
1772195940.0,65953.0,65970.0,65951.0,65958.0,0.37597546
1772196000.0,65946.0,65957.0,65927.0,65944.0,0.52493092
1772196060.0,65944.0,65958.0,65934.0,65935.0,0.49044786
1772196120.0,65927.0,65955.0,65876.0,65934.0,1.20442185
1772196180.0,65934.0,65947.0,65932.0,65936.0,0.16465583
1772196240.0,65935.0,65935.0,65923.0,65923.0,0.42238977
1772196300.0,65888.0,65923.0,65765.0,65765.0,13.04467912
1772196360.0,65766.0,65805.0,65757.0,65766.0,6.79932338
1772196420.0,65757.0,65825.0,65757.0,65798.0,3.55093293
1772196480.0,65804.0,65804.0,65769.0,65778.0,1.30520173
1772196540.0,65777.0,65784.0,65759.0,65768.0,0.73388958
1772196600.0,65768.0,65787.0,65760.0,65760.0,22.83842961
1772196660.0,65752.0,65790.0,65745.0,65789.0,4.49463046
1772196720.0,65789.0,65803.0,65761.0,65761.0,1.9266423
1772196780.0,65761.0,65844.0,65761.0,65840.0,2.24126499
1772196840.0,65840.0,65859.0,65831.0,65831.0,3.62467776
1772196900.0,65826.0,65827.0,65795.0,65795.0,0.16868793
1772196960.0,65793.0,65822.0,65793.0,65815.0,0.72424793
1772197020.0,65815.0,65815.0,65796.0,65798.0,0.39707042
1772197080.0,65798.0,65825.0,65798.0,65805.0,3.26435125
1772197140.0,65822.0,65931.0,65822.0,65931.0,1.81179715
1772197200.0,65933.0,66000.0,65913.0,66000.0,5.78463965
1772197260.0,66006.0,66043.0,65970.0,65980.0,5.13329785
1772197320.0,65986.0,66011.0,65980.0,65996.0,1.48351924
1772197380.0,65999.0,66093.0,65997.0,66093.0,9.77623858
1772197440.0,66100.0,66160.0,66096.0,66160.0,29.84350578
1772197500.0,66151.0,66155.0,66030.0,66081.0,26.32967778
1772197560.0,66086.0,66104.0,66063.0,66094.0,6.8687812
1772197620.0,66093.0,66093.0,66042.0,66044.0,3.83634751
1772197680.0,66044.0,66055.0,66043.0,66043.0,0.33443499
1772197740.0,66043.0,66051.0,66008.0,66042.0,3.84099427
1772197800.0,66035.0,66035.0,66011.0,66014.0,0.56832235
1772197860.0,66013.0,66078.0,66013.0,66071.0,3.97243154
1772197920.0,66063.0,66081.0,66051.0,66054.0,0.40331126
1772197980.0,66054.0,66054.0,66009.0,66009.0,0.41573133
1772198040.0,66010.0,66056.0,65975.0,66042.0,2.14593917
1772198100.0,66042.0,66119.0,66042.0,66085.0,2.39212105
1772198160.0,66087.0,66105.0,66081.0,66085.0,0.9000291
1772198220.0,66085.0,66142.0,66085.0,66129.0,1.17388699
1772198280.0,66128.0,66130.0,66097.0,66122.0,1.1170797
1772198340.0,66120.0,66156.0,66104.0,66145.0,0.64095818
1772198400.0,66146.0,66146.0,66095.0,66104.0,1.52841884
1772198460.0,66094.0,66114.0,66082.0,66095.0,0.40853135
1772198520.0,66095.0,66095.0,66008.0,66008.0,1.09547424
1772198580.0,66007.0,66047.0,65971.0,66043.0,2.49981835
1772198640.0,66044.0,66044.0,66004.0,66029.0,2.32961384
1772198700.0,66009.0,66039.0,65992.0,66039.0,0.75314565
1772198760.0,66048.0,66098.0,66048.0,66098.0,0.99243316
1772198820.0,66087.0,66087.0,66033.0,66035.0,1.60563404
1772198880.0,66031.0,66031.0,65983.0,65983.0,1.41221638
1772198940.0,65979.0,66027.0,65930.0,66027.0,46.19742444
1772199000.0,66007.0,66007.0,65796.0,65899.0,35.6153254
1772199060.0,65922.0,65996.0,65840.0,65867.0,4.37995044
1772199120.0,65854.0,65949.0,65854.0,65935.0,1.30412553
1772199180.0,65931.0,65931.0,65866.0,65917.0,1.3918089
1772199240.0,65915.0,65918.0,65889.0,65907.0,0.6553094
1772199300.0,65907.0,65945.0,65886.0,65886.0,1.313967
1772199360.0,65886.0,65886.0,65676.0,65676.0,43.03457578
1772199420.0,65674.0,65729.0,65663.0,65677.0,5.33183295
1772199480.0,65683.0,65783.0,65683.0,65754.0,2.01657514
1772199540.0,65767.0,65809.0,65767.0,65802.0,4.18895919
1772199600.0,65809.0,65902.0,65809.0,65886.0,6.64125013
1772199660.0,65851.0,65872.0,65844.0,65857.0,1.10823445
1772199720.0,65857.0,65952.0,65839.0,65950.0,3.02503457
1772199780.0,65958.0,66042.0,65921.0,66034.0,2.35867008
1772199840.0,66027.0,66042.0,66007.0,66032.0,10.22098569
1772199900.0,66032.0,66110.0,66032.0,66072.0,22.99648898
1772199960.0,66061.0,66085.0,66040.0,66054.0,1.284119
1772200020.0,66083.0,66161.0,66072.0,66140.0,6.28658546
1772200080.0,66140.0,66140.0,66120.0,66127.0,4.39501787
1772200140.0,66128.0,66155.0,66119.0,66155.0,1.98111545
1772200200.0,66154.0,66302.0,66154.0,66288.0,19.57374922
1772200260.0,66283.0,66339.0,66272.0,66310.0,10.83187995
1772200320.0,66308.0,66310.0,66261.0,66261.0,2.42096721
1772200380.0,66261.0,66263.0,66221.0,66221.0,1.99310069
1772200440.0,66227.0,66255.0,66227.0,66230.0,1.2844915
1772200500.0,66229.0,66229.0,66168.0,66168.0,3.12304256
1772200560.0,66171.0,66230.0,66168.0,66230.0,8.2279622
1772200620.0,66231.0,66231.0,66140.0,66165.0,2.61282754
1772200680.0,66182.0,66270.0,66170.0,66270.0,3.77855623
1772200740.0,66274.0,66309.0,66258.0,66285.0,2.88049266
1772200800.0,66285.0,66302.0,66248.0,66291.0,8.98777791
1772200860.0,66293.0,66329.0,66260.0,66260.0,1.08941648
1772200920.0,66283.0,66283.0,66218.0,66226.0,0.57948356
1772200980.0,66228.0,66242.0,66226.0,66227.0,0.06524234
1772201040.0,66218.0,66223.0,66195.0,66195.0,0.19705181
1772201100.0,66204.0,66265.0,66202.0,66234.0,1.2007951
1772201160.0,66240.0,66254.0,66204.0,66228.0,1.38472942
1772201220.0,66228.0,66248.0,66205.0,66240.0,0.99408677
1772201280.0,66244.0,66244.0,66208.0,66231.0,3.05558658
1772201340.0,66214.0,66242.0,66183.0,66183.0,0.68511498
1772201400.0,66196.0,66232.0,66154.0,66232.0,1.02353859
1772201460.0,66229.0,66279.0,66219.0,66247.0,0.54509055
1772201520.0,66232.0,66263.0,66213.0,66224.0,0.49495065
1772201580.0,66232.0,66278.0,66228.0,66270.0,0.22522155
1772201640.0,66287.0,66328.0,66287.0,66328.0,1.60356446
1772201700.0,66328.0,66328.0,66307.0,66308.0,1.79409525
1772201760.0,66297.0,66297.0,66168.0,66168.0,8.32996361
1772201820.0,66171.0,66175.0,66145.0,66174.0,0.48805918
1772201880.0,66174.0,66180.0,66154.0,66180.0,3.63965797
1772201940.0,66180.0,66194.0,66134.0,66142.0,0.44721735
1772202000.0,66145.0,66160.0,66117.0,66117.0,1.04159158
1772202060.0,66162.0,66187.0,66115.0,66115.0,1.23233567
1772202120.0,66131.0,66146.0,66042.0,66043.0,2.2737391
1772202180.0,66044.0,66076.0,66036.0,66076.0,0.83760595
1772202240.0,66067.0,66093.0,66048.0,66091.0,0.93299172
1772202300.0,66088.0,66138.0,66084.0,66105.0,0.88841279
1772202360.0,66102.0,66119.0,66084.0,66091.0,0.77840995
1772202420.0,66090.0,66110.0,66034.0,66035.0,0.78818432
1772202480.0,66034.0,66069.0,66012.0,66044.0,4.27404814
1772202540.0,66086.0,66171.0,66086.0,66155.0,1.85088758
1772202600.0,66124.0,66237.0,66100.0,66194.0,10.8957339
1772202660.0,66186.0,66276.0,66097.0,66164.0,7.36689489
1772202720.0,66170.0,66246.0,66127.0,66174.0,4.45146652
1772202780.0,66197.0,66324.0,66193.0,66232.0,3.83548041
1772202840.0,66233.0,66245.0,66144.0,66209.0,3.29561014
1772202900.0,66226.0,66289.0,66202.0,66245.0,2.75244573
1772202960.0,66244.0,66244.0,66049.0,66212.0,6.73909686
1772203020.0,66209.0,66296.0,66155.0,66155.0,1.93355079
1772203080.0,66140.0,66296.0,66140.0,66260.0,5.47213732
1772203140.0,66247.0,66280.0,66223.0,66252.0,1.57712216
1772203200.0,66248.0,66248.0,66081.0,66087.0,0.65852401
1772203260.0,66082.0,66091.0,65978.0,65996.0,3.42006418
1772203320.0,65978.0,65978.0,65854.0,65861.0,34.71964229
1772203380.0,65861.0,65875.0,65800.0,65805.0,4.27572038
1772203440.0,65804.0,65950.0,65803.0,65894.0,3.54905568
1772203500.0,65882.0,65882.0,65782.0,65786.0,3.04915964
1772203560.0,65787.0,65899.0,65736.0,65736.0,15.45086007
1772203620.0,65734.0,65789.0,65693.0,65765.0,24.29636059
1772203680.0,65763.0,65988.0,65718.0,65977.0,7.04815022
1772203740.0,65976.0,65992.0,65884.0,65884.0,4.70372507
1772203800.0,65889.0,65889.0,65817.0,65842.0,2.23882708
1772203860.0,65852.0,65912.0,65828.0,65866.0,3.7417249
1772203920.0,65871.0,65871.0,65729.0,65737.0,3.70916071
1772203980.0,65743.0,65858.0,65743.0,65854.0,2.21709221
1772204040.0,65850.0,65871.0,65824.0,65871.0,0.31430395
1772204100.0,65832.0,65881.0,65813.0,65877.0,3.34240084
1772204160.0,65868.0,65919.0,65841.0,65878.0,6.30264277
1772204220.0,65882.0,65905.0,65814.0,65817.0,5.50323124
1772204280.0,65821.0,65873.0,65819.0,65873.0,0.78455865
1772204340.0,65852.0,65916.0,65840.0,65909.0,1.10659127
1772204400.0,65872.0,66178.0,65857.0,66178.0,40.86371482
1772204460.0,66175.0,66175.0,66067.0,66088.0,11.01605492
1772204520.0,66091.0,66103.0,66002.0,66056.0,6.59820557
1772204580.0,66047.0,66060.0,65919.0,65939.0,7.19435834
1772204640.0,65940.0,65957.0,65839.0,65957.0,3.31750922
1772204700.0,65956.0,66150.0,65936.0,66150.0,5.98394706
1772204760.0,66151.0,66176.0,66067.0,66067.0,3.8298065
1772204820.0,66067.0,66154.0,66067.0,66118.0,5.22880575
1772204880.0,66118.0,66167.0,66099.0,66166.0,1.98316657
1772204940.0,66163.0,66165.0,66075.0,66084.0,3.60547054
1772205000.0,66078.0,66121.0,66053.0,66104.0,2.16230762
1772205060.0,66124.0,66238.0,66124.0,66215.0,7.33185445
1772205120.0,66183.0,66186.0,66024.0,66060.0,6.02040549
1772205180.0,66050.0,66067.0,66029.0,66029.0,0.79894303
1772205240.0,66019.0,66054.0,65999.0,66044.0,2.91480767
1772205300.0,66049.0,66228.0,66049.0,66180.0,9.45077138
1772205360.0,66180.0,66182.0,66069.0,66092.0,6.20696163
1772205420.0,66089.0,66093.0,66057.0,66070.0,3.46554807
1772205480.0,66048.0,66048.0,65900.0,65924.0,10.44607541
1772205540.0,65929.0,66047.0,65929.0,66045.0,12.84386429
1772205600.0,66045.0,66163.0,66015.0,66096.0,4.30766753
1772205660.0,66103.0,66103.0,65998.0,66006.0,4.11922221
1772205720.0,65987.0,66040.0,65963.0,66020.0,21.21377857
1772205780.0,66007.0,66124.0,66007.0,66124.0,5.20344501
1772205840.0,66120.0,66120.0,66072.0,66098.0,0.86448714
1772205900.0,66097.0,66098.0,66057.0,66072.0,4.09640455
1772205960.0,66075.0,66109.0,66075.0,66083.0,2.46848794
1772206020.0,66079.0,66148.0,66077.0,66126.0,2.37166214
1772206080.0,66124.0,66141.0,66115.0,66139.0,2.12335214
1772206140.0,66139.0,66139.0,66046.0,66105.0,6.77313681
1772206200.0,66108.0,66124.0,66067.0,66124.0,3.12347079
1772206260.0,66108.0,66110.0,65993.0,66008.0,11.50462002
1772206320.0,66005.0,66005.0,65931.0,65931.0,17.11154283
1772206380.0,65925.0,66023.0,65925.0,66023.0,5.61969007
1772206440.0,66002.0,66005.0,65968.0,66002.0,2.09848586
1772206500.0,65986.0,66007.0,65955.0,65964.0,1.66216045
1772206560.0,65953.0,65953.0,65865.0,65889.0,2.09938278
1772206620.0,65887.0,65945.0,65887.0,65907.0,2.52344735
1772206680.0,65907.0,66081.0,65907.0,66076.0,2.40326388
1772206740.0,66051.0,66051.0,65968.0,65992.0,0.77418947
1772206800.0,65992.0,65998.0,65938.0,65997.0,1.74765023
1772206860.0,65996.0,66004.0,65975.0,66004.0,1.07783017
1772206920.0,66004.0,66010.0,65970.0,66010.0,1.9105205
1772206980.0,66010.0,66068.0,66000.0,66027.0,1.43929752
1772207040.0,66015.0,66089.0,66007.0,66089.0,30.39578491
1772207100.0,66089.0,66190.0,66088.0,66173.0,7.09182978
1772207160.0,66153.0,66193.0,66129.0,66193.0,1.86449743
1772207220.0,66199.0,66207.0,66165.0,66190.0,27.38204892
1772207280.0,66190.0,66190.0,66076.0,66107.0,6.614261
1772207340.0,66103.0,66131.0,66090.0,66111.0,1.38898045
1772207400.0,66119.0,66183.0,66119.0,66171.0,6.02733657
1772207460.0,66170.0,66170.0,66125.0,66133.0,0.95847602
1772207520.0,66132.0,66277.0,66130.0,66277.0,7.28675803
1772207580.0,66277.0,66303.0,66167.0,66183.0,7.02338111
1772207640.0,66172.0,66194.0,66151.0,66175.0,1.67679787
1772207700.0,66175.0,66175.0,66106.0,66139.0,1.5953523
1772207760.0,66129.0,66129.0,66114.0,66114.0,1.94313421
1772207820.0,66115.0,66147.0,66110.0,66130.0,6.14111266
1772207880.0,66125.0,66125.0,66081.0,66108.0,1.82192555
1772207940.0,66106.0,66124.0,66098.0,66105.0,1.36647006
1772208000.0,66098.0,66105.0,66052.0,66052.0,2.65759609
1772208060.0,66044.0,66083.0,66044.0,66074.0,0.62700595
1772208120.0,66076.0,66110.0,66073.0,66086.0,1.47051433
1772208180.0,66084.0,66118.0,66057.0,66109.0,0.69927702
1772208240.0,66102.0,66109.0,66026.0,66042.0,0.47468425
1772208300.0,66040.0,66044.0,65812.0,65835.0,47.03976015
1772208360.0,65813.0,65901.0,65753.0,65896.0,11.68252275
1772208420.0,65876.0,65933.0,65874.0,65905.0,1.60812547
1772208480.0,65922.0,65933.0,65900.0,65902.0,2.51648067
1772208540.0,65897.0,65913.0,65835.0,65913.0,3.45632984
1772208600.0,65913.0,65925.0,65913.0,65918.0,0.92773583
1772208660.0,65914.0,65917.0,65877.0,65884.0,6.74023042
1772208720.0,65888.0,65892.0,65836.0,65836.0,1.15506351
1772208780.0,65828.0,65901.0,65828.0,65901.0,1.43702358
1772208840.0,65901.0,65941.0,65899.0,65904.0,3.17638032
1772208900.0,65887.0,65946.0,65887.0,65944.0,1.69967996
1772208960.0,65945.0,65945.0,65882.0,65914.0,2.98514738
1772209020.0,65914.0,65998.0,65911.0,65997.0,1.87102883
1772209080.0,65997.0,66046.0,65978.0,66021.0,1.64371897
1772209140.0,66009.0,66009.0,65906.0,65928.0,1.07067104
1772209200.0,65929.0,65929.0,65859.0,65917.0,1.58958061
1772209260.0,65913.0,65915.0,65872.0,65880.0,0.46361086
1772209320.0,65864.0,65935.0,65857.0,65932.0,4.27683038
1772209380.0,65908.0,65966.0,65873.0,65966.0,3.99284961
1772209440.0,65964.0,66044.0,65947.0,66043.0,2.38421533
1772209500.0,66043.0,66067.0,66017.0,66020.0,1.46150214
1772209560.0,66016.0,66053.0,66009.0,66024.0,1.16525719
1772209620.0,66017.0,66032.0,66017.0,66018.0,1.05111777
1772209680.0,66017.0,66017.0,66000.0,66010.0,1.6583815
1772209740.0,66010.0,66027.0,66003.0,66004.0,1.07671294
1772209800.0,66005.0,66015.0,65996.0,66012.0,1.56569231
1772209860.0,66011.0,66011.0,66005.0,66008.0,0.674488
1772209920.0,66003.0,66053.0,65975.0,66051.0,1.83030448
1772209980.0,66051.0,66054.0,66021.0,66054.0,2.64776608
1772210040.0,66049.0,66049.0,66022.0,66044.0,0.83636736
1772210100.0,66043.0,66043.0,65950.0,65950.0,1.18573792
1772210160.0,65951.0,65967.0,65884.0,65961.0,4.1297283
1772210220.0,65961.0,65961.0,65898.0,65924.0,4.39151735
1772210280.0,65922.0,65956.0,65919.0,65939.0,3.80994519
1772210340.0,65947.0,65953.0,65923.0,65923.0,1.27980391
1772210400.0,65918.0,65918.0,65822.0,65864.0,5.61699098
1772210460.0,65855.0,65869.0,65836.0,65836.0,1.42918268
1772210520.0,65835.0,65835.0,65749.0,65752.0,1.71149135
1772210580.0,65752.0,65781.0,65741.0,65781.0,2.68124418
1772210640.0,65780.0,65780.0,65705.0,65728.0,3.5500212
1772210700.0,65728.0,65811.0,65718.0,65795.0,4.0800892
1772210760.0,65788.0,65788.0,65716.0,65716.0,2.04289965
1772210820.0,65721.0,65732.0,65561.0,65596.0,19.73219283
1772210880.0,65615.0,65634.0,65534.0,65534.0,6.69843783
1772210940.0,65533.0,65533.0,65472.0,65505.0,7.75894554
1772211000.0,65494.0,65544.0,65494.0,65544.0,2.07391684
1772211060.0,65564.0,65564.0,65476.0,65540.0,8.08274888
1772211120.0,65544.0,65562.0,65512.0,65553.0,3.91736439
1772211180.0,65555.0,65580.0,65471.0,65556.0,4.46971683
1772211240.0,65548.0,65618.0,65547.0,65605.0,1.36413314
1772211300.0,65584.0,65598.0,65553.0,65579.0,0.99414331
1772211360.0,65580.0,65643.0,65574.0,65576.0,0.74645859
1772211420.0,65561.0,65573.0,65480.0,65503.0,8.31644657
1772211480.0,65505.0,65522.0,65459.0,65470.0,32.12135338
1772211540.0,65471.0,65512.0,65466.0,65474.0,3.29989772
1772211600.0,65474.0,65561.0,65474.0,65543.0,2.51465964
1772211660.0,65540.0,65548.0,65496.0,65501.0,1.61870631
1772211720.0,65507.0,65578.0,65498.0,65578.0,2.88299983
1772211780.0,65580.0,65613.0,65580.0,65595.0,1.08196272
1772211840.0,65583.0,65646.0,65583.0,65625.0,3.24494009
1772211900.0,65630.0,65647.0,65601.0,65612.0,1.41860818
1772211960.0,65597.0,65614.0,65563.0,65567.0,1.1077263
1772212020.0,65564.0,65646.0,65559.0,65607.0,3.22457346
1772212080.0,65617.0,65669.0,65617.0,65669.0,0.91359213
1772212140.0,65660.0,65667.0,65620.0,65657.0,1.47606272
1772212200.0,65656.0,65656.0,65576.0,65576.0,3.81269777
1772212260.0,65562.0,65562.0,65510.0,65510.0,2.98476653
1772212320.0,65509.0,65523.0,65477.0,65493.0,1.13156533
1772212380.0,65476.0,65490.0,65476.0,65486.0,0.07387899
1772212440.0,65486.0,65492.0,65419.0,65443.0,4.96732433
1772212500.0,65487.0,65550.0,65472.0,65476.0,3.9019726
1772212560.0,65479.0,65479.0,65380.0,65416.0,4.93807378
1772212620.0,65422.0,65469.0,65415.0,65430.0,2.0101344
1772212680.0,65430.0,65430.0,65371.0,65390.0,1.73687515
1772212740.0,65379.0,65404.0,65329.0,65375.0,4.24313199
1772212800.0,65382.0,65406.0,65320.0,65344.0,3.0372823
1772212860.0,65354.0,65367.0,65331.0,65340.0,1.51109269
1772212920.0,65336.0,65336.0,65262.0,65262.0,7.53712412
1772212980.0,65255.0,65351.0,65236.0,65346.0,3.63410494
1772213040.0,65346.0,65355.0,65281.0,65300.0,9.44298014
1772213100.0,65308.0,65352.0,65246.0,65248.0,10.80719639
1772213160.0,65254.0,65293.0,65228.0,65277.0,3.60184379
1772213220.0,65277.0,65277.0,65214.0,65225.0,3.54841561
1772213280.0,65224.0,65240.0,65191.0,65231.0,9.52255105
1772213340.0,65228.0,65229.0,65194.0,65199.0,3.3015726
1772213400.0,65199.0,65248.0,65187.0,65224.0,5.77591325
1772213460.0,65215.0,65219.0,65130.0,65186.0,14.29094787
1772213520.0,65182.0,65277.0,65167.0,65275.0,5.90771714
1772213580.0,65267.0,65281.0,65183.0,65280.0,2.37715088
1772213640.0,65281.0,65342.0,65275.0,65277.0,1.70838222
1772213700.0,65295.0,65299.0,65245.0,65255.0,2.24889313
1772213760.0,65276.0,65392.0,65274.0,65354.0,1.67747183
1772213820.0,65315.0,65376.0,65303.0,65376.0,2.39645816
1772213880.0,65376.0,65487.0,65376.0,65441.0,6.39286779
1772213940.0,65441.0,65446.0,65392.0,65409.0,3.98511638
1772214000.0,65408.0,65469.0,65404.0,65461.0,3.37783861
1772214060.0,65455.0,65455.0,65361.0,65402.0,1.32323404
1772214120.0,65402.0,65533.0,65391.0,65391.0,4.58222433
1772214180.0,65387.0,65417.0,65381.0,65403.0,3.67500474
1772214240.0,65403.0,65414.0,65402.0,65414.0,0.18405526
1772214300.0,65414.0,65450.0,65414.0,65444.0,2.41031793
1772214360.0,65441.0,65506.0,65431.0,65502.0,3.42326614
1772214420.0,65501.0,65502.0,65437.0,65439.0,2.34808891
1772214480.0,65426.0,65431.0,65398.0,65398.0,2.95717633
1772214540.0,65400.0,65444.0,65384.0,65430.0,3.79956469
1772214600.0,65426.0,65459.0,65414.0,65441.0,1.77600351
1772214660.0,65432.0,65515.0,65428.0,65513.0,3.42777483
1772214720.0,65513.0,65559.0,65499.0,65521.0,3.36906795
1772214780.0,65522.0,65607.0,65522.0,65561.0,37.63588503
1772214840.0,65561.0,65597.0,65507.0,65507.0,8.97425954
1772214900.0,65507.0,65560.0,65507.0,65552.0,2.5688737
1772214960.0,65551.0,65552.0,65520.0,65539.0,2.04389683
1772215020.0,65536.0,65539.0,65530.0,65539.0,0.40650278
1772215080.0,65538.0,65674.0,65516.0,65674.0,11.52369142
1772215140.0,65707.0,65740.0,65660.0,65698.0,12.93647281
1772215200.0,65698.0,65731.0,65668.0,65695.0,6.38634713
1772215260.0,65695.0,65741.0,65661.0,65665.0,3.98505626
1772215320.0,65659.0,65778.0,65654.0,65728.0,11.44637608
1772215380.0,65728.0,65729.0,65660.0,65698.0,5.10870391
1772215440.0,65697.0,65719.0,65683.0,65696.0,4.46910483
1772215500.0,65695.0,65695.0,65622.0,65629.0,30.82171901
1772215560.0,65629.0,65670.0,65627.0,65656.0,6.18619284
1772215620.0,65636.0,65724.0,65636.0,65724.0,1.85643397
1772215680.0,65723.0,65723.0,65616.0,65635.0,1.97782804
1772215740.0,65635.0,65635.0,65533.0,65533.0,3.53329185
1772215800.0,65534.0,65575.0,65534.0,65568.0,2.72247939
1772215860.0,65562.0,65589.0,65562.0,65583.0,1.93730839
1772215920.0,65581.0,65581.0,65522.0,65522.0,1.96639004
1772215980.0,65513.0,65541.0,65513.0,65541.0,0.34764424
1772216040.0,65540.0,65559.0,65533.0,65539.0,1.94507667
1772216100.0,65538.0,65554.0,65530.0,65554.0,0.55279713
1772216160.0,65555.0,65601.0,65553.0,65577.0,1.42329379
1772216220.0,65575.0,65579.0,65489.0,65521.0,0.94555268
1772216280.0,65528.0,65556.0,65520.0,65520.0,0.31306617
1772216340.0,65520.0,65549.0,65520.0,65532.0,0.43548967
1772216400.0,65519.0,65539.0,65492.0,65531.0,1.29531652
1772216460.0,65526.0,65539.0,65433.0,65437.0,2.69798287
1772216520.0,65438.0,65473.0,65420.0,65472.0,0.84439595
1772216580.0,65472.0,65472.0,65405.0,65428.0,1.33153475
1772216640.0,65430.0,65458.0,65420.0,65429.0,4.28210657
1772216700.0,65429.0,65429.0,65383.0,65402.0,2.80012582
1772216760.0,65400.0,65420.0,65399.0,65412.0,0.14802233
1772216820.0,65406.0,65439.0,65401.0,65436.0,0.79544891
1772216880.0,65423.0,65528.0,65423.0,65525.0,1.96585425
1772216940.0,65526.0,65602.0,65526.0,65580.0,2.52487411
1772217000.0,65567.0,65634.0,65567.0,65634.0,3.82160405
1772217060.0,65639.0,65670.0,65639.0,65649.0,1.70011554
1772217120.0,65647.0,65647.0,65571.0,65571.0,0.89585932
1772217180.0,65567.0,65577.0,65530.0,65577.0,7.25130656
1772217240.0,65578.0,65643.0,65578.0,65586.0,3.44484565
1772217300.0,65582.0,65643.0,65582.0,65619.0,1.43292859
1772217360.0,65616.0,65637.0,65613.0,65631.0,1.4534051
1772217420.0,65615.0,65615.0,65530.0,65543.0,6.32039346
1772217480.0,65540.0,65547.0,65523.0,65540.0,0.36273574
1772217540.0,65537.0,65538.0,65531.0,65531.0,0.32894017
1772217600.0,65531.0,65576.0,65531.0,65575.0,0.86642454
1772217660.0,65575.0,65590.0,65543.0,65586.0,2.42355919
1772217720.0,65585.0,65631.0,65583.0,65610.0,0.13555319
1772217780.0,65610.0,65610.0,65562.0,65564.0,0.15710528
1772217840.0,65565.0,65581.0,65565.0,65572.0,0.61772595
1772217900.0,65571.0,65576.0,65540.0,65576.0,1.21542712
1772217960.0,65576.0,65578.0,65529.0,65529.0,0.66971607
1772218020.0,65528.0,65565.0,65509.0,65518.0,0.3892277
1772218080.0,65520.0,65520.0,65475.0,65481.0,0.65153695
1772218140.0,65484.0,65486.0,65454.0,65454.0,0.85650304
1772218200.0,65453.0,65453.0,65345.0,65346.0,2.42408256
1772218260.0,65340.0,65365.0,65340.0,65347.0,6.91537189
1772218320.0,65349.0,65377.0,65342.0,65350.0,8.83190964
1772218380.0,65349.0,65367.0,65344.0,65346.0,1.8960318
1772218440.0,65342.0,65347.0,65235.0,65235.0,40.33943527
1772218500.0,65234.0,65275.0,65234.0,65242.0,4.63270251
1772218560.0,65232.0,65303.0,65232.0,65286.0,3.83934855
1772218620.0,65286.0,65321.0,65283.0,65315.0,1.19734637
1772218680.0,65274.0,65294.0,65274.0,65294.0,0.1262709
1772218740.0,65294.0,65314.0,65294.0,65307.0,0.35012644
1772218800.0,65306.0,65324.0,65291.0,65311.0,1.61959413
1772218860.0,65311.0,65320.0,65299.0,65320.0,1.31636967
1772218920.0,65318.0,65360.0,65310.0,65360.0,0.34874671
1772218980.0,65361.0,65378.0,65348.0,65377.0,1.69658702
1772219040.0,65377.0,65378.0,65360.0,65360.0,0.14912042
1772219100.0,65359.0,65386.0,65338.0,65386.0,0.87816324
1772219160.0,65386.0,65431.0,65386.0,65420.0,1.07710814
1772219220.0,65419.0,65419.0,65367.0,65370.0,2.94702208
1772219280.0,65368.0,65368.0,65214.0,65214.0,3.63859011
1772219340.0,65207.0,65213.0,65176.0,65199.0,6.49308992
1772219400.0,65208.0,65258.0,65208.0,65251.0,5.51083623
1772219460.0,65247.0,65247.0,65201.0,65242.0,1.1979736
1772219520.0,65242.0,65300.0,65242.0,65288.0,6.81696597
1772219580.0,65286.0,65303.0,65265.0,65300.0,2.04471234
1772219640.0,65285.0,65285.0,65265.0,65281.0,1.18385622
1772219700.0,65258.0,65269.0,65238.0,65259.0,0.68948745
1772219760.0,65256.0,65301.0,65256.0,65300.0,0.32601764
1772219820.0,65300.0,65335.0,65300.0,65303.0,1.36432185
1772219880.0,65313.0,65313.0,65231.0,65231.0,1.24624418
1772219940.0,65225.0,65225.0,65205.0,65206.0,1.72880912
1772220000.0,65205.0,65237.0,65202.0,65234.0,1.43900945
1772220060.0,65233.0,65255.0,65229.0,65255.0,3.97817402
1772220120.0,65254.0,65270.0,65226.0,65231.0,2.19914568
1772220180.0,65227.0,65256.0,65223.0,65256.0,0.07690319
1772220240.0,65256.0,65344.0,65256.0,65330.0,2.64722143
1772220300.0,65330.0,65330.0,65283.0,65283.0,0.63642464
1772220360.0,65264.0,65312.0,65264.0,65312.0,1.27327426
1772220420.0,65312.0,65394.0,65312.0,65394.0,3.83779506
1772220480.0,65407.0,65415.0,65379.0,65379.0,0.94321013
1772220540.0,65361.0,65363.0,65338.0,65338.0,1.04428629
1772220600.0,65338.0,65338.0,65333.0,65333.0,0.24229714
1772220660.0,65338.0,65386.0,65338.0,65386.0,0.62941349
1772220720.0,65386.0,65386.0,65347.0,65373.0,1.41706995
1772220780.0,65377.0,65388.0,65374.0,65387.0,0.85787452
1772220840.0,65377.0,65377.0,65349.0,65349.0,1.45503573
1772220900.0,65347.0,65383.0,65347.0,65383.0,1.16495978
1772220960.0,65383.0,65383.0,65343.0,65376.0,2.27124497
1772221020.0,65376.0,65404.0,65376.0,65392.0,1.06989814
1772221080.0,65391.0,65391.0,65342.0,65344.0,1.79335921
1772221140.0,65344.0,65351.0,65343.0,65349.0,0.89672791
1772221200.0,65339.0,65348.0,65338.0,65347.0,1.37809299
1772221260.0,65348.0,65410.0,65348.0,65410.0,5.69194318
1772221320.0,65393.0,65393.0,65351.0,65351.0,0.41720886
1772221380.0,65352.0,65355.0,65351.0,65352.0,0.47432747
1772221440.0,65351.0,65351.0,65244.0,65287.0,2.46271044
1772221500.0,65290.0,65340.0,65290.0,65324.0,1.10176454
1772221560.0,65324.0,65324.0,65291.0,65313.0,1.3222902
1772221620.0,65314.0,65327.0,65300.0,65300.0,0.67231251
1772221680.0,65296.0,65303.0,65295.0,65299.0,0.48722754
1772221740.0,65298.0,65298.0,65261.0,65268.0,0.87873573
1772221800.0,65267.0,65309.0,65253.0,65309.0,1.0655306
1772221860.0,65309.0,65411.0,65309.0,65401.0,4.98964367
1772221920.0,65400.0,65401.0,65381.0,65401.0,1.08820857
1772221980.0,65401.0,65421.0,65387.0,65419.0,3.16118173
1772222040.0,65418.0,65437.0,65388.0,65436.0,4.75323042
1772222100.0,65430.0,65437.0,65401.0,65423.0,2.11326805
1772222160.0,65428.0,65428.0,65401.0,65402.0,1.08364529
1772222220.0,65402.0,65448.0,65402.0,65447.0,1.42242152
1772222280.0,65448.0,65453.0,65410.0,65413.0,0.44436561
1772222340.0,65412.0,65412.0,65387.0,65387.0,1.32142156
1772222400.0,65384.0,65424.0,65384.0,65422.0,0.57280671
1772222460.0,65421.0,65449.0,65402.0,65449.0,3.4825663
1772222520.0,65448.0,65561.0,65442.0,65522.0,2.77287191
1772222580.0,65524.0,65541.0,65494.0,65504.0,2.01061056
1772222640.0,65506.0,65539.0,65480.0,65482.0,2.6732931
1772222700.0,65481.0,65495.0,65450.0,65494.0,2.21403114
1772222760.0,65493.0,65493.0,65423.0,65423.0,4.53060827
1772222820.0,65428.0,65565.0,65428.0,65563.0,2.56873156
1772222880.0,65562.0,65568.0,65554.0,65554.0,0.61221172
1772222940.0,65554.0,65563.0,65492.0,65492.0,1.87830509
1772223000.0,65491.0,65555.0,65480.0,65555.0,6.42791765
1772223060.0,65555.0,65555.0,65522.0,65524.0,0.57303598
1772223120.0,65524.0,65564.0,65524.0,65564.0,1.01769479
1772223180.0,65568.0,65592.0,65562.0,65572.0,0.20366538
1772223240.0,65571.0,65571.0,65556.0,65560.0,0.21821188
1772223300.0,65560.0,65595.0,65550.0,65552.0,0.19932068
1772223360.0,65553.0,65588.0,65553.0,65556.0,2.64238728
1772223420.0,65556.0,65567.0,65556.0,65567.0,0.12933077
1772223480.0,65566.0,65568.0,65557.0,65568.0,0.09318201
1772223540.0,65569.0,65593.0,65566.0,65577.0,0.79943937
1772223600.0,65576.0,65589.0,65561.0,65561.0,1.06468222
1772223660.0,65561.0,65615.0,65561.0,65613.0,31.87664778
1772223720.0,65609.0,65609.0,65569.0,65584.0,2.18660779
1772223780.0,65588.0,65623.0,65588.0,65610.0,2.13600925
1772223840.0,65610.0,65622.0,65606.0,65606.0,1.65068287
1772223900.0,65605.0,65605.0,65578.0,65596.0,2.02915568
1772223960.0,65599.0,65604.0,65590.0,65604.0,1.62481932
1772224020.0,65607.0,65610.0,65592.0,65598.0,2.19164557
1772224080.0,65598.0,65598.0,65588.0,65588.0,1.21126155
1772224140.0,65587.0,65587.0,65553.0,65562.0,0.73769317
1772224200.0,65565.0,65579.0,65557.0,65558.0,1.31071513
1772224260.0,65558.0,65581.0,65548.0,65548.0,1.37966516
1772224320.0,65543.0,65543.0,65467.0,65470.0,2.49443007
1772224380.0,65470.0,65562.0,65470.0,65561.0,1.34571545
1772224440.0,65557.0,65568.0,65557.0,65568.0,0.78801967
1772224500.0,65567.0,65568.0,65544.0,65544.0,0.67483735
1772224560.0,65544.0,65567.0,65544.0,65562.0,0.74919135
1772224620.0,65562.0,65575.0,65562.0,65569.0,0.77875013
1772224680.0,65574.0,65574.0,65562.0,65562.0,0.76955772
1772224740.0,65561.0,65574.0,65556.0,65573.0,0.44932999
1772224800.0,65574.0,65631.0,65574.0,65631.0,1.78257744
1772224860.0,65630.0,65630.0,65594.0,65596.0,1.06663554
1772224920.0,65596.0,65602.0,65561.0,65587.0,0.99726129
1772224980.0,65588.0,65631.0,65588.0,65631.0,5.87654968
1772225040.0,65638.0,65643.0,65593.0,65612.0,1.60418796
1772225100.0,65619.0,65646.0,65615.0,65619.0,3.38401758
1772225160.0,65618.0,65626.0,65608.0,65614.0,1.1119618
1772225220.0,65616.0,65646.0,65614.0,65614.0,2.27455988
1772225280.0,65614.0,65621.0,65601.0,65621.0,1.35933343
1772225340.0,65621.0,65638.0,65608.0,65614.0,0.95345869
1772225400.0,65623.0,65654.0,65603.0,65606.0,2.17850791
1772225460.0,65605.0,65635.0,65567.0,65621.0,1.48331719
1772225520.0,65621.0,65623.0,65584.0,65620.0,1.45655372
1772225580.0,65620.0,65633.0,65594.0,65609.0,3.10759272
1772225640.0,65615.0,65616.0,65598.0,65600.0,1.41371685
1772225700.0,65607.0,65636.0,65600.0,65600.0,1.30888328
1772225760.0,65599.0,65599.0,65589.0,65589.0,1.05734824
1772225820.0,65588.0,65588.0,65555.0,65556.0,2.43585357
1772225880.0,65556.0,65582.0,65544.0,65558.0,2.7742297
1772225940.0,65554.0,65609.0,65554.0,65585.0,4.5126053
1772226000.0,65585.0,65610.0,65542.0,65549.0,5.02628037
1772226060.0,65543.0,65543.0,65490.0,65510.0,2.2427659
1772226120.0,65514.0,65652.0,65514.0,65578.0,2.8924962
1772226180.0,65585.0,65595.0,65564.0,65564.0,3.91787008
1772226240.0,65568.0,65644.0,65568.0,65644.0,0.72557132
1772226300.0,65654.0,65702.0,65637.0,65683.0,6.2565211
1772226360.0,65663.0,65663.0,65630.0,65644.0,2.14142115
1772226420.0,65638.0,65648.0,65635.0,65636.0,0.58546552
1772226480.0,65636.0,65645.0,65636.0,65637.0,0.13480481
1772226540.0,65637.0,65641.0,65625.0,65641.0,1.86800768
1772226600.0,65640.0,65640.0,65627.0,65627.0,0.29634805
1772226660.0,65626.0,65626.0,65614.0,65614.0,0.44461799
1772226720.0,65616.0,65616.0,65553.0,65558.0,25.96127988
1772226780.0,65557.0,65565.0,65557.0,65565.0,1.39443081
1772226840.0,65564.0,65565.0,65558.0,65565.0,2.24315049
1772226900.0,65565.0,65594.0,65565.0,65575.0,0.12028441
1772226960.0,65575.0,65609.0,65575.0,65609.0,1.55063427
1772227020.0,65609.0,65617.0,65609.0,65616.0,0.69094448
1772227080.0,65616.0,65646.0,65613.0,65646.0,1.68582602
1772227140.0,65647.0,65674.0,65646.0,65674.0,2.0547987
1772227200.0,65673.0,65685.0,65673.0,65685.0,0.11648367
1772227260.0,65696.0,65702.0,65688.0,65702.0,2.32235536
1772227320.0,65702.0,65704.0,65684.0,65692.0,2.93849881
1772227380.0,65693.0,65717.0,65686.0,65716.0,1.49444994
1772227440.0,65716.0,65735.0,65709.0,65733.0,2.89099222
1772227500.0,65731.0,65731.0,65717.0,65720.0,8.3063778
1772227560.0,65720.0,65720.0,65696.0,65696.0,0.79245258
1772227620.0,65697.0,65710.0,65697.0,65708.0,0.31487051
1772227680.0,65708.0,65717.0,65708.0,65712.0,0.20745793
1772227740.0,65711.0,65715.0,65699.0,65699.0,0.57136569
1772227800.0,65697.0,65713.0,65685.0,65685.0,0.70008857
1772227860.0,65685.0,65685.0,65594.0,65605.0,2.90358298
1772227920.0,65604.0,65613.0,65596.0,65613.0,0.65142633
1772227980.0,65613.0,65629.0,65603.0,65629.0,0.66058244
1772228040.0,65631.0,65639.0,65630.0,65631.0,0.73469609
1772228100.0,65621.0,65621.0,65592.0,65619.0,0.71962323
1772228160.0,65619.0,65638.0,65594.0,65634.0,4.92194726
1772228220.0,65625.0,65625.0,65595.0,65595.0,0.17804466
1772228280.0,65595.0,65624.0,65595.0,65610.0,2.01123441
1772228340.0,65620.0,65626.0,65612.0,65612.0,1.01002052
1772228400.0,65606.0,65623.0,65603.0,65620.0,0.77228716
1772228460.0,65616.0,65622.0,65613.0,65613.0,0.1713524
1772228520.0,65611.0,65611.0,65570.0,65585.0,3.37097797
1772228580.0,65592.0,65614.0,65592.0,65614.0,0.28195775
1772228640.0,65617.0,65617.0,65615.0,65615.0,0.01466759
1772228700.0,65614.0,65615.0,65608.0,65609.0,0.56816718
1772228760.0,65609.0,65609.0,65598.0,65598.0,0.66132528
1772228820.0,65589.0,65595.0,65589.0,65592.0,0.36718378
1772228880.0,65591.0,65591.0,65579.0,65579.0,0.01210441
1772228940.0,65575.0,65575.0,65539.0,65556.0,1.89067375
1772229000.0,65556.0,65572.0,65556.0,65571.0,0.87514439
1772229060.0,65572.0,65572.0,65571.0,65571.0,0.03389344
1772229120.0,65563.0,65563.0,65533.0,65533.0,0.16410022
1772229180.0,65532.0,65542.0,65530.0,65530.0,0.3549147
1772229240.0,65531.0,65531.0,65467.0,65467.0,1.63881512
1772229300.0,65442.0,65442.0,65394.0,65415.0,1.69387097
1772229360.0,65415.0,65439.0,65415.0,65439.0,0.35018844
1772229420.0,65443.0,65482.0,65443.0,65481.0,0.71466757
1772229480.0,65481.0,65524.0,65481.0,65522.0,1.91554255
1772229540.0,65522.0,65524.0,65522.0,65524.0,0.05093104
1772229600.0,65524.0,65579.0,65524.0,65558.0,0.84600829
1772229660.0,65557.0,65557.0,65533.0,65533.0,0.56986621
1772229720.0,65533.0,65553.0,65533.0,65550.0,0.06001169
1772229780.0,65542.0,65552.0,65542.0,65552.0,0.19376773
1772229840.0,65552.0,65552.0,65540.0,65540.0,1.06321259
1772229900.0,65521.0,65521.0,65497.0,65514.0,1.77179467
1772229960.0,65514.0,65514.0,65500.0,65500.0,0.65545388
1772230020.0,65500.0,65500.0,65474.0,65477.0,0.76775273
1772230080.0,65462.0,65464.0,65445.0,65458.0,0.25499771
1772230140.0,65457.0,65473.0,65451.0,65473.0,1.20371084
1772230200.0,65479.0,65495.0,65473.0,65474.0,0.52369832
1772230260.0,65474.0,65475.0,65474.0,65475.0,0.03356312
1772230320.0,65481.0,65521.0,65481.0,65521.0,0.80228195
1772230380.0,65509.0,65509.0,65508.0,65508.0,0.01016515
1772230440.0,65508.0,65544.0,65508.0,65544.0,2.32814207
1772230500.0,65544.0,65609.0,65544.0,65608.0,0.62227791
1772230560.0,65609.0,65609.0,65570.0,65570.0,0.30312476
1772230620.0,65566.0,65585.0,65555.0,65585.0,0.2133843
1772230680.0,65597.0,65597.0,65575.0,65575.0,0.77278944
1772230740.0,65574.0,65584.0,65566.0,65584.0,0.36886
1772230800.0,65584.0,65598.0,65584.0,65598.0,0.06189058
1772230860.0,65598.0,65598.0,65518.0,65518.0,1.12731487
1772230920.0,65501.0,65501.0,65457.0,65458.0,1.0157133
1772230980.0,65457.0,65463.0,65452.0,65463.0,0.37190661
1772231040.0,65483.0,65486.0,65483.0,65483.0,0.12266538
1772231100.0,65483.0,65501.0,65483.0,65501.0,0.27855689
1772231160.0,65494.0,65506.0,65491.0,65491.0,0.46972119
1772231220.0,65491.0,65504.0,65490.0,65490.0,1.27831728
1772231280.0,65482.0,65482.0,65456.0,65456.0,0.01218849
1772231340.0,65454.0,65468.0,65454.0,65468.0,0.32259297
1772231400.0,65468.0,65468.0,65418.0,65418.0,0.51793286
1772231460.0,65420.0,65451.0,65420.0,65451.0,0.28129585
1772231520.0,65451.0,65456.0,65438.0,65438.0,0.14000723
1772231580.0,65438.0,65438.0,65411.0,65418.0,1.00498525
1772231640.0,65418.0,65418.0,64935.0,64991.0,76.18001567
1772231700.0,64991.0,65182.0,64991.0,65182.0,13.57666344
1772231760.0,65190.0,65324.0,65161.0,65252.0,12.22770118
1772231820.0,65264.0,65279.0,65230.0,65245.0,4.08373654
1772231880.0,65269.0,65317.0,65269.0,65317.0,3.88743191
1772231940.0,65314.0,65333.0,65278.0,65278.0,3.26064106
1772232000.0,65277.0,65386.0,65267.0,65341.0,6.41267823
1772232060.0,65328.0,65432.0,65328.0,65423.0,36.24678258
1772232120.0,65426.0,65460.0,65417.0,65460.0,4.62106405
1772232180.0,65466.0,65561.0,65466.0,65552.0,8.17895942
1772232240.0,65549.0,65589.0,65498.0,65589.0,4.66198512
1772232300.0,65588.0,65609.0,65588.0,65609.0,2.21827579
1772232360.0,65614.0,65654.0,65610.0,65610.0,15.13095221
1772232420.0,65609.0,65646.0,65609.0,65646.0,1.32236803
1772232480.0,65646.0,65646.0,65621.0,65622.0,2.537296
1772232540.0,65622.0,65622.0,65528.0,65528.0,3.2141137
1772232600.0,65528.0,65571.0,65528.0,65551.0,2.75461069
1772232660.0,65551.0,65597.0,65542.0,65597.0,1.82303956
1772232720.0,65604.0,65609.0,65555.0,65555.0,1.533889
1772232780.0,65555.0,65572.0,65544.0,65572.0,2.20926194
1772232840.0,65572.0,65603.0,65572.0,65600.0,0.57643396
1772232900.0,65604.0,65604.0,65567.0,65567.0,2.41866871
1772232960.0,65563.0,65563.0,65513.0,65531.0,2.67082587
1772233020.0,65540.0,65556.0,65540.0,65556.0,0.52864467
1772233080.0,65557.0,65595.0,65557.0,65595.0,1.31421177
1772233140.0,65604.0,65635.0,65598.0,65628.0,1.88693726
1772233200.0,65628.0,65637.0,65542.0,65542.0,2.92105255
1772233260.0,65542.0,65555.0,65542.0,65555.0,0.81181218
1772233320.0,65555.0,65670.0,65555.0,65665.0,4.19284643
1772233380.0,65665.0,65690.0,65634.0,65677.0,4.48114497
1772233440.0,65677.0,65709.0,65668.0,65697.0,2.94183397
1772233500.0,65697.0,65765.0,65690.0,65765.0,5.99642548
1772233560.0,65765.0,65765.0,65735.0,65736.0,0.30310358
1772233620.0,65735.0,65763.0,65734.0,65763.0,0.72253261
1772233680.0,65763.0,65765.0,65751.0,65754.0,0.94644635
1772233740.0,65754.0,65852.0,65754.0,65815.0,3.13467253
1772233800.0,65815.0,65829.0,65799.0,65799.0,1.31139335
1772233860.0,65799.0,65802.0,65768.0,65768.0,0.69330026
1772233920.0,65769.0,65780.0,65740.0,65742.0,2.93040816
1772233980.0,65740.0,65753.0,65692.0,65697.0,3.05255766
1772234040.0,65697.0,65730.0,65697.0,65720.0,1.98849229
1772234100.0,65720.0,65732.0,65719.0,65723.0,0.89092243
1772234160.0,65723.0,65747.0,65723.0,65747.0,0.49803632
1772234220.0,65748.0,65767.0,65745.0,65767.0,0.82195177
1772234280.0,65767.0,65847.0,65767.0,65832.0,3.09311316
1772234340.0,65832.0,65859.0,65812.0,65840.0,6.54281032
1772234400.0,65840.0,65883.0,65833.0,65882.0,6.57960194
1772234460.0,65883.0,65883.0,65854.0,65872.0,1.13051668
1772234520.0,65871.0,65871.0,65854.0,65859.0,1.89823316
1772234580.0,65859.0,65890.0,65857.0,65870.0,0.865188
1772234640.0,65870.0,65893.0,65870.0,65893.0,0.484916
1772234700.0,65894.0,65894.0,65840.0,65841.0,2.20412344
1772234760.0,65841.0,65843.0,65830.0,65830.0,0.48864341
1772234820.0,65830.0,65858.0,65830.0,65837.0,0.70502234
1772234880.0,65837.0,65837.0,65813.0,65830.0,0.32317243
1772234940.0,65830.0,65879.0,65830.0,65879.0,0.92101089
1772235000.0,65879.0,65879.0,65870.0,65872.0,0.25568373
1772235060.0,65872.0,65876.0,65857.0,65872.0,0.35251128
1772235120.0,65872.0,65887.0,65872.0,65887.0,0.32101052
1772235180.0,65887.0,65887.0,65869.0,65870.0,0.43159787
1772235240.0,65870.0,65909.0,65852.0,65909.0,1.27700928
1772235300.0,65909.0,65923.0,65888.0,65923.0,3.2537028
1772235360.0,65923.0,65937.0,65923.0,65937.0,1.90744699
1772235420.0,65937.0,65942.0,65914.0,65914.0,1.81924843
1772235480.0,65914.0,65928.0,65892.0,65900.0,1.71241651
1772235540.0,65899.0,65946.0,65885.0,65946.0,0.76443873
1772235600.0,65946.0,65954.0,65902.0,65902.0,11.91554665
1772235660.0,65902.0,65902.0,65873.0,65873.0,1.42050413
1772235720.0,65871.0,65872.0,65841.0,65842.0,6.37758077
1772235780.0,65842.0,65842.0,65828.0,65834.0,0.17157561
1772235840.0,65834.0,65834.0,65834.0,65834.0,0.04842324
1772235900.0,65834.0,65886.0,65834.0,65879.0,0.71045818
1772235960.0,65879.0,65895.0,65879.0,65895.0,0.29708098
1772236020.0,65894.0,65894.0,65869.0,65869.0,0.152026
1772236080.0,65870.0,65870.0,65867.0,65867.0,0.66197404
1772236140.0,65871.0,65880.0,65869.0,65869.0,0.22652404
1772236200.0,65869.0,65885.0,65869.0,65879.0,0.06141597
1772236260.0,65879.0,65901.0,65879.0,65901.0,0.29858583
1772236320.0,65901.0,65903.0,65866.0,65885.0,10.43057124
1772236380.0,65885.0,65885.0,65876.0,65876.0,0.06513286
1772236440.0,65876.0,65876.0,65860.0,65868.0,0.9066496
1772236500.0,65868.0,65905.0,65868.0,65868.0,3.15199682
1772236560.0,65867.0,65873.0,65847.0,65871.0,0.85438188
1772236620.0,65871.0,65912.0,65858.0,65871.0,2.83651159
1772236680.0,65871.0,65897.0,65871.0,65879.0,0.41744042
1772236740.0,65879.0,65888.0,65854.0,65868.0,0.34598985
1772236800.0,65868.0,65868.0,65828.0,65840.0,1.10948251
1772236860.0,65840.0,65885.0,65840.0,65843.0,0.80708696
1772236920.0,65853.0,65879.0,65853.0,65859.0,0.55602037
1772236980.0,65859.0,65868.0,65849.0,65850.0,0.36253727
1772237040.0,65850.0,65909.0,65850.0,65898.0,0.36036465
1772237100.0,65900.0,65900.0,65878.0,65878.0,1.15074056
1772237160.0,65878.0,65895.0,65878.0,65895.0,1.19313802
1772237220.0,65895.0,65949.0,65895.0,65906.0,0.54889981
1772237280.0,65906.0,65930.0,65891.0,65930.0,0.46971637
1772237340.0,65926.0,65926.0,65885.0,65904.0,0.17402448
1772237400.0,65904.0,65908.0,65883.0,65908.0,0.1869078
1772237460.0,65908.0,65954.0,65908.0,65954.0,6.59714241
1772237520.0,65954.0,65970.0,65954.0,65970.0,1.56715365
1772237580.0,65970.0,66009.0,65970.0,66009.0,2.97898512
1772237640.0,66008.0,66009.0,65970.0,65993.0,3.8816735
1772237700.0,65996.0,66008.0,65961.0,65961.0,5.71797888
1772237760.0,65956.0,65956.0,65922.0,65922.0,4.93714389
1772237820.0,65922.0,65926.0,65890.0,65890.0,0.2196459
1772237880.0,65886.0,65886.0,65871.0,65883.0,0.16052483
1772237940.0,65874.0,65874.0,65865.0,65866.0,0.00471561
1772238000.0,65866.0,65884.0,65866.0,65884.0,0.3630962
1772238060.0,65884.0,65884.0,65879.0,65879.0,0.26470903
1772238120.0,65880.0,65880.0,65865.0,65865.0,0.18318293
1772238180.0,65864.0,65884.0,65860.0,65884.0,0.67936872
1772238240.0,65884.0,65898.0,65884.0,65886.0,0.67651195
1772238300.0,65874.0,65875.0,65867.0,65867.0,0.30684665
1772238360.0,65866.0,65866.0,65836.0,65837.0,0.56657032
1772238420.0,65837.0,65837.0,65721.0,65761.0,4.95688137
1772238480.0,65772.0,65782.0,65754.0,65754.0,1.59513481
1772238540.0,65754.0,65777.0,65753.0,65770.0,1.12828155
1772238600.0,65766.0,65767.0,65764.0,65764.0,0.03149421
1772238660.0,65764.0,65764.0,65735.0,65745.0,0.44704957
1772238720.0,65755.0,65786.0,65755.0,65786.0,0.92309024
1772238780.0,65819.0,65819.0,65810.0,65810.0,0.41328066
1772238840.0,65809.0,65813.0,65794.0,65809.0,0.66509823
1772238900.0,65809.0,65836.0,65809.0,65836.0,0.90278395
1772238960.0,65836.0,65836.0,65811.0,65811.0,0.2750684
1772239020.0,65811.0,65817.0,65811.0,65817.0,0.44652329
1772239080.0,65816.0,65821.0,65813.0,65816.0,1.06244428
1772239140.0,65813.0,65819.0,65813.0,65819.0,0.25449983
1772239200.0,65825.0,65828.0,65825.0,65828.0,0.28042181
1772239260.0,65831.0,65873.0,65831.0,65855.0,0.41319843
1772239320.0,65856.0,65911.0,65856.0,65911.0,0.56623658
1772239380.0,65913.0,65950.0,65913.0,65948.0,0.29112518
1772239440.0,65948.0,65960.0,65948.0,65951.0,0.22308892
1772239500.0,65950.0,65951.0,65938.0,65940.0,0.27401954
1772239560.0,65937.0,65937.0,65932.0,65932.0,0.00229363
1772239620.0,65932.0,65940.0,65932.0,65940.0,0.44774387
1772239680.0,65940.0,65957.0,65940.0,65957.0,1.56964726
1772239740.0,65957.0,65957.0,65945.0,65948.0,0.32978492
1772239800.0,65955.0,65960.0,65948.0,65948.0,0.23020501
1772239860.0,65963.0,65963.0,65955.0,65955.0,0.05018339
1772239920.0,65956.0,65956.0,65928.0,65928.0,0.18890302
1772239980.0,65908.0,65908.0,65899.0,65899.0,0.07444947
1772240040.0,65899.0,65954.0,65899.0,65936.0,2.86143969
1772240100.0,65935.0,65935.0,65933.0,65933.0,0.27507433
1772240160.0,65933.0,65970.0,65933.0,65970.0,0.5918363
1772240220.0,65965.0,65982.0,65961.0,65961.0,0.52278878
1772240280.0,65960.0,65960.0,65938.0,65938.0,0.02343295
1772240340.0,65938.0,65944.0,65936.0,65940.0,0.18354096
1772240400.0,65937.0,65948.0,65934.0,65944.0,0.00259825
1772240460.0,65937.0,65937.0,65899.0,65902.0,0.03989283
1772240520.0,65903.0,65918.0,65900.0,65918.0,0.21630874
1772240580.0,65918.0,65942.0,65912.0,65942.0,0.19809327
1772240640.0,65946.0,65966.0,65945.0,65966.0,0.19715216
1772240700.0,65966.0,65966.0,65942.0,65942.0,0.02600347
1772240760.0,65932.0,65932.0,65905.0,65922.0,0.06348672
1772240820.0,65922.0,65922.0,65825.0,65850.0,1.06481504
1772240880.0,65844.0,65850.0,65844.0,65850.0,0.0305
1772240940.0,65854.0,65854.0,65837.0,65837.0,0.04846527
1772241000.0,65848.0,65848.0,65835.0,65835.0,0.06228591
1772241060.0,65835.0,65835.0,65830.0,65831.0,0.08459439
1772241120.0,65831.0,65831.0,65831.0,65831.0,0.00071531
1772241180.0,65837.0,65846.0,65837.0,65846.0,0.25479407
1772241240.0,65848.0,65852.0,65848.0,65852.0,0.09824986
1772241300.0,65854.0,65859.0,65821.0,65832.0,1.54478046
1772241360.0,65833.0,65841.0,65833.0,65841.0,0.18840485
1772241420.0,65849.0,65883.0,65849.0,65879.0,0.44833311
1772241480.0,65880.0,65942.0,65880.0,65942.0,1.54888585
1772241540.0,65939.0,65939.0,65900.0,65930.0,2.54429934
1772241600.0,65932.0,65956.0,65907.0,65907.0,4.90844169
1772241660.0,65901.0,65901.0,65875.0,65900.0,0.13306395
1772241720.0,65910.0,65938.0,65910.0,65938.0,1.12253593
1772241780.0,65931.0,65946.0,65918.0,65932.0,1.34674478
1772241840.0,65931.0,65941.0,65927.0,65939.0,0.60571597
1772241900.0,65952.0,65964.0,65944.0,65952.0,1.73713113
1772241960.0,65951.0,65951.0,65929.0,65934.0,1.90444647
1772242020.0,65943.0,65947.0,65915.0,65915.0,0.43847681
1772242080.0,65913.0,65920.0,65839.0,65842.0,5.73559558
1772242140.0,65841.0,65841.0,65825.0,65826.0,0.11427962
1772242200.0,65826.0,65844.0,65825.0,65826.0,0.72617245
1772242260.0,65825.0,65825.0,65731.0,65748.0,1.27127554
1772242320.0,65748.0,65785.0,65748.0,65781.0,1.26883893
1772242380.0,65785.0,65785.0,65769.0,65770.0,0.46066932
1772242440.0,65768.0,65768.0,65765.0,65765.0,0.21458061
1772242500.0,65766.0,65825.0,65766.0,65819.0,2.39298242
1772242560.0,65820.0,65839.0,65807.0,65807.0,0.89582936
1772242620.0,65810.0,65826.0,65801.0,65826.0,1.47518529
1772242680.0,65831.0,65842.0,65815.0,65815.0,0.63356607
1772242740.0,65815.0,65828.0,65815.0,65827.0,0.29149167
1772242800.0,65837.0,65837.0,65824.0,65824.0,0.03029173
1772242860.0,65820.0,65820.0,65803.0,65803.0,1.09808832
1772242920.0,65803.0,65803.0,65763.0,65764.0,0.05707557
1772242980.0,65763.0,65789.0,65761.0,65789.0,0.07264695
1772243040.0,65788.0,65790.0,65785.0,65790.0,0.04685351
1772243100.0,65789.0,65793.0,65758.0,65773.0,0.65743546
1772243160.0,65782.0,65810.0,65782.0,65810.0,0.78024222
1772243220.0,65814.0,65828.0,65814.0,65828.0,0.00615617
1772243280.0,65828.0,65848.0,65828.0,65834.0,0.36546759
1772243340.0,65833.0,65842.0,65831.0,65841.0,0.05034464
1772243400.0,65841.0,65843.0,65836.0,65836.0,0.25916863
1772243460.0,65836.0,65854.0,65836.0,65854.0,0.43572068
1772243520.0,65853.0,65853.0,65830.0,65830.0,0.56126482
1772243580.0,65829.0,65829.0,65818.0,65818.0,0.00513023
1772243640.0,65812.0,65812.0,65811.0,65812.0,0.01396809
1772243700.0,65812.0,65814.0,65812.0,65814.0,0.04059279
1772243760.0,65816.0,65816.0,65815.0,65816.0,0.00893131
1772243820.0,65816.0,65817.0,65816.0,65817.0,1.00150658
1772243880.0,65817.0,65817.0,65805.0,65814.0,1.0995033
1772243940.0,65816.0,65816.0,65781.0,65781.0,0.58952529
1772244000.0,65781.0,65812.0,65781.0,65812.0,1.14634879
1772244060.0,65813.0,65813.0,65789.0,65789.0,0.52233322
1772244120.0,65789.0,65798.0,65781.0,65797.0,0.95017937
1772244180.0,65797.0,65797.0,65762.0,65762.0,0.81054507
1772244240.0,65774.0,65808.0,65774.0,65808.0,0.3659241
1772244300.0,65816.0,65855.0,65816.0,65834.0,0.39297417
1772244360.0,65833.0,65856.0,65830.0,65855.0,0.47846612
1772244420.0,65855.0,65871.0,65855.0,65869.0,0.29500205
1772244480.0,65875.0,65912.0,65875.0,65894.0,0.72113903
1772244540.0,65897.0,65897.0,65893.0,65893.0,0.069085
1772244600.0,65892.0,65904.0,65884.0,65904.0,1.07169407
1772244660.0,65909.0,65914.0,65902.0,65902.0,0.17084318
1772244720.0,65907.0,65921.0,65907.0,65921.0,0.5346317
1772244780.0,65928.0,65928.0,65899.0,65899.0,0.0217964
1772244840.0,65895.0,65902.0,65874.0,65874.0,0.52411818
1772244900.0,65872.0,65892.0,65872.0,65891.0,0.15939692
1772244960.0,65891.0,65900.0,65891.0,65900.0,0.01501735
1772245020.0,65899.0,65933.0,65899.0,65933.0,0.35412017
1772245080.0,65933.0,65933.0,65921.0,65921.0,0.02598248
1772245140.0,65925.0,65925.0,65922.0,65922.0,0.01252424
1772245200.0,65922.0,65934.0,65922.0,65934.0,0.34642326
1772245260.0,65944.0,65969.0,65944.0,65952.0,0.79719511
1772245320.0,65954.0,65954.0,65937.0,65950.0,0.40453898
1772245380.0,65950.0,65950.0,65948.0,65950.0,0.03215819
1772245440.0,65947.0,65947.0,65929.0,65929.0,0.01806271
1772245500.0,65908.0,65927.0,65907.0,65927.0,0.5855295
1772245560.0,65927.0,65943.0,65927.0,65934.0,0.24635829
1772245620.0,65933.0,65934.0,65919.0,65919.0,0.04076263
1772245680.0,65919.0,65919.0,65910.0,65911.0,0.26514145
1772245740.0,65918.0,65918.0,65917.0,65918.0,0.00475116
1772245800.0,65918.0,65947.0,65918.0,65938.0,2.22473591
1772245860.0,65938.0,65942.0,65930.0,65942.0,0.22432679
1772245920.0,65949.0,65949.0,65920.0,65921.0,0.11348356
1772245980.0,65929.0,65933.0,65911.0,65915.0,0.89582607
1772246040.0,65915.0,65944.0,65915.0,65944.0,0.53495434
1772246100.0,65950.0,65967.0,65950.0,65965.0,0.05900785
1772246160.0,65971.0,65984.0,65965.0,65965.0,0.03992304
1772246220.0,65965.0,65979.0,65965.0,65965.0,0.3160629
1772246280.0,65965.0,65965.0,65942.0,65943.0,0.2648031
1772246340.0,65943.0,65966.0,65936.0,65966.0,0.31892058
1772246400.0,65966.0,65975.0,65965.0,65974.0,0.46559521
1772246460.0,65967.0,65974.0,65956.0,65956.0,0.17193559
1772246520.0,65956.0,65956.0,65946.0,65946.0,0.00872725
1772246580.0,65947.0,65947.0,65947.0,65947.0,0.25209703
1772246640.0,65950.0,65962.0,65950.0,65962.0,0.00747388
1772246700.0,65967.0,65971.0,65967.0,65971.0,0.05516293
1772246760.0,65971.0,65977.0,65971.0,65973.0,0.02754699
1772246820.0,65973.0,65984.0,65973.0,65981.0,0.50032804
1772246880.0,65986.0,65996.0,65986.0,65990.0,0.38576527
1772246940.0,65989.0,65997.0,65980.0,65997.0,0.45150637
1772247000.0,65997.0,65997.0,65981.0,65987.0,0.09776594
1772247060.0,65987.0,65997.0,65978.0,65979.0,1.1653375
1772247120.0,65980.0,65996.0,65980.0,65994.0,5.36185488
1772247180.0,65994.0,65996.0,65986.0,65986.0,1.84741053
1772247240.0,65985.0,66011.0,65985.0,66011.0,2.56988823
1772247300.0,66017.0,66017.0,65976.0,65976.0,1.21966954
1772247360.0,65976.0,65976.0,65969.0,65970.0,0.05500351
1772247420.0,65969.0,65973.0,65969.0,65973.0,0.00870518
1772247480.0,65974.0,65974.0,65971.0,65971.0,0.20169896
1772247540.0,65971.0,65971.0,65959.0,65959.0,0.03112006
1772247600.0,65961.0,65962.0,65960.0,65962.0,0.52681534
1772247660.0,65962.0,65962.0,65938.0,65940.0,0.20850665
1772247720.0,65939.0,65939.0,65899.0,65901.0,2.74872701
1772247780.0,65901.0,65901.0,65886.0,65886.0,0.06960015
1772247840.0,65894.0,65894.0,65863.0,65863.0,1.09588691
1772247900.0,65863.0,65886.0,65857.0,65886.0,0.5049004
1772247960.0,65886.0,65886.0,65884.0,65884.0,0.25396168
1772248020.0,65885.0,65885.0,65871.0,65872.0,0.0069114
1772248080.0,65872.0,65877.0,65872.0,65874.0,0.0960575
1772248140.0,65877.0,65877.0,65877.0,65877.0,0.03929177
1772248200.0,65884.0,65900.0,65884.0,65891.0,0.49033212
1772248260.0,65889.0,65893.0,65888.0,65893.0,0.0286543
1772248320.0,65893.0,65903.0,65893.0,65903.0,0.02873392
1772248380.0,65903.0,65906.0,65903.0,65905.0,0.42926603
1772248440.0,65904.0,65904.0,65877.0,65878.0,0.19542756
1772248500.0,65862.0,65892.0,65862.0,65892.0,0.53330315
1772248560.0,65893.0,65913.0,65893.0,65913.0,0.16130931
1772248620.0,65913.0,65921.0,65910.0,65921.0,0.31381883
1772248680.0,65921.0,65921.0,65909.0,65909.0,0.12826624
1772248740.0,65909.0,65921.0,65909.0,65920.0,0.07571616
1772248800.0,65921.0,65935.0,65921.0,65935.0,0.01714761
1772248860.0,65934.0,65934.0,65919.0,65919.0,0.02006516
1772248920.0,65918.0,65918.0,65891.0,65905.0,1.27220414
1772248980.0,65905.0,65925.0,65905.0,65925.0,0.27417895
1772249040.0,65927.0,65940.0,65926.0,65926.0,0.52264159
1772249100.0,65910.0,65935.0,65910.0,65935.0,0.03989137
1772249160.0,65935.0,65977.0,65935.0,65972.0,0.25457989
1772249220.0,65971.0,65971.0,65947.0,65947.0,0.70328994
1772249280.0,65944.0,65944.0,65936.0,65936.0,0.06254941
1772249340.0,65935.0,65935.0,65872.0,65884.0,2.99211019
1772249400.0,65885.0,65889.0,65880.0,65880.0,0.32615024
1772249460.0,65880.0,65920.0,65843.0,65843.0,5.33218573
1772249520.0,65842.0,65854.0,65817.0,65835.0,0.76508508
1772249580.0,65838.0,65843.0,65837.0,65843.0,0.10543464
1772249640.0,65843.0,65851.0,65836.0,65836.0,0.45976348
1772249700.0,65830.0,65830.0,65809.0,65811.0,0.79365856
1772249760.0,65807.0,65807.0,65742.0,65745.0,1.90872542
1772249820.0,65745.0,65784.0,65745.0,65780.0,1.76911934
1772249880.0,65780.0,65788.0,65778.0,65788.0,0.41567549
1772249940.0,65788.0,65788.0,65785.0,65787.0,0.35071019
1772250000.0,65787.0,65798.0,65787.0,65795.0,0.13237584
1772250060.0,65795.0,65809.0,65794.0,65805.0,0.20211095
1772250120.0,65800.0,65803.0,65799.0,65803.0,0.36217088
1772250180.0,65802.0,65802.0,65801.0,65801.0,0.22960822
1772250240.0,65801.0,65801.0,65766.0,65766.0,1.89504774
1772250300.0,65767.0,65790.0,65767.0,65790.0,0.53631741
1772250360.0,65790.0,65804.0,65790.0,65804.0,0.06321452
1772250420.0,65806.0,65822.0,65805.0,65805.0,0.38170438
1772250480.0,65805.0,65822.0,65804.0,65808.0,0.33164766
1772250540.0,65808.0,65808.0,65788.0,65798.0,0.04779088
1772250600.0,65798.0,65805.0,65798.0,65805.0,0.05716848
1772250660.0,65805.0,65813.0,65805.0,65810.0,0.69792557
1772250720.0,65810.0,65825.0,65810.0,65822.0,0.01690057
1772250780.0,65823.0,65834.0,65823.0,65834.0,0.12791404
1772250840.0,65846.0,65846.0,65823.0,65823.0,0.34676845
1772250900.0,65823.0,65823.0,65822.0,65822.0,0.06425465
1772250960.0,65811.0,65811.0,65811.0,65811.0,0.0246885
1772251020.0,65811.0,65811.0,65782.0,65782.0,0.14128837
1772251080.0,65782.0,65782.0,65781.0,65782.0,0.01690745
1772251140.0,65782.0,65789.0,65782.0,65789.0,0.06119754
1772251200.0,65789.0,65790.0,65789.0,65790.0,0.51965562
1772251260.0,65790.0,65806.0,65789.0,65795.0,0.1030155
1772251320.0,65794.0,65801.0,65794.0,65801.0,0.06926938
1772251380.0,65799.0,65815.0,65799.0,65815.0,0.04776798
1772251440.0,65815.0,65815.0,65800.0,65801.0,0.01913947
1772251500.0,65801.0,65806.0,65776.0,65776.0,0.22177839
1772251560.0,65776.0,65776.0,65773.0,65774.0,0.00827968
1772251620.0,65774.0,65786.0,65774.0,65786.0,0.02725998
1772251680.0,65785.0,65800.0,65785.0,65787.0,0.43636072
1772251740.0,65781.0,65781.0,65746.0,65746.0,0.23744591
1772251800.0,65750.0,65750.0,65741.0,65741.0,13.74119013
1772251860.0,65741.0,65762.0,65734.0,65748.0,7.24493049
1772251920.0,65745.0,65750.0,65745.0,65750.0,0.07844866
1772251980.0,65751.0,65751.0,65746.0,65746.0,0.38756595
1772252040.0,65745.0,65749.0,65745.0,65749.0,0.05690783
1772252100.0,65749.0,65749.0,65721.0,65721.0,1.90479287
1772252160.0,65722.0,65723.0,65710.0,65710.0,1.4620671
1772252220.0,65710.0,65711.0,65702.0,65702.0,1.37938076
1772252280.0,65703.0,65721.0,65703.0,65721.0,0.52338685
1772252340.0,65723.0,65734.0,65723.0,65734.0,0.09478734
1772252400.0,65734.0,65751.0,65733.0,65740.0,0.93554427
1772252460.0,65740.0,65743.0,65740.0,65743.0,0.0124861
1772252520.0,65762.0,65775.0,65762.0,65775.0,1.05711746
1772252580.0,65776.0,65776.0,65775.0,65776.0,0.28481846
1772252640.0,65775.0,65775.0,65775.0,65775.0,0.00036581
1772252700.0,65775.0,65785.0,65775.0,65785.0,0.06173471
1772252760.0,65786.0,65787.0,65778.0,65778.0,0.38709119
1772252820.0,65773.0,65773.0,65740.0,65740.0,1.14740587
1772252880.0,65736.0,65744.0,65736.0,65744.0,0.3712656
1772252940.0,65745.0,65824.0,65654.0,65656.0,31.18228135
1772253000.0,65663.0,65663.0,65519.0,65548.0,20.61365294
1772253060.0,65546.0,65554.0,65500.0,65517.0,4.37895931
1772253120.0,65525.0,65554.0,65525.0,65554.0,2.07490754
1772253180.0,65553.0,65597.0,65553.0,65597.0,3.18975271
1772253240.0,65597.0,65620.0,65593.0,65599.0,0.44914548
1772253300.0,65604.0,65678.0,65604.0,65652.0,1.44072216
1772253360.0,65651.0,65674.0,65651.0,65670.0,0.04819382
1772253420.0,65674.0,65674.0,65649.0,65650.0,0.18902268
1772253480.0,65650.0,65666.0,65650.0,65665.0,0.15112736
1772253540.0,65652.0,65655.0,65644.0,65655.0,0.20977978
1772253600.0,65655.0,65668.0,65655.0,65668.0,0.63979
1772253660.0,65668.0,65670.0,65624.0,65625.0,0.75597851
1772253720.0,65632.0,65637.0,65627.0,65632.0,1.15915618
1772253780.0,65635.0,65639.0,65635.0,65639.0,0.0808031
1772253840.0,65640.0,65655.0,65640.0,65651.0,0.85624544
1772253900.0,65653.0,65656.0,65648.0,65648.0,0.37607875
1772253960.0,65642.0,65642.0,65628.0,65628.0,0.33469666
1772254020.0,65629.0,65641.0,65629.0,65641.0,1.7003714
1772254080.0,65641.0,65642.0,65641.0,65642.0,0.0317868
1772254140.0,65643.0,65670.0,65643.0,65670.0,0.11624745
1772254200.0,65669.0,65669.0,65653.0,65653.0,0.31913845
1772254260.0,65653.0,65653.0,65615.0,65615.0,1.72664793
1772254320.0,65616.0,65641.0,65616.0,65641.0,0.27655988
1772254380.0,65650.0,65662.0,65650.0,65662.0,0.94333113
1772254440.0,65672.0,65689.0,65672.0,65689.0,0.38118173
1772254500.0,65701.0,65701.0,65689.0,65697.0,1.0000316
1772254560.0,65699.0,65699.0,65698.0,65699.0,0.00267179
1772254620.0,65698.0,65698.0,65671.0,65674.0,0.29006357
1772254680.0,65676.0,65679.0,65665.0,65665.0,0.39806019
1772254740.0,65664.0,65664.0,65664.0,65664.0,0.000189
1772254800.0,65676.0,65676.0,65664.0,65664.0,0.3813477
1772254860.0,65663.0,65666.0,65662.0,65665.0,0.23048272
1772254920.0,65664.0,65664.0,65646.0,65646.0,0.00518904
1772254980.0,65635.0,65643.0,65627.0,65630.0,0.4731258
1772255040.0,65631.0,65672.0,65631.0,65672.0,0.18729323
1772255100.0,65672.0,65673.0,65672.0,65673.0,0.00305768
1772255160.0,65672.0,65702.0,65672.0,65691.0,1.92741015
1772255220.0,65694.0,65702.0,65694.0,65701.0,0.07782817
1772255280.0,65702.0,65702.0,65694.0,65694.0,0.0780364
1772255340.0,65696.0,65700.0,65695.0,65695.0,0.4823689
1772255400.0,65694.0,65696.0,65682.0,65695.0,0.04018466
1772255460.0,65695.0,65695.0,65694.0,65695.0,0.45059705
1772255520.0,65695.0,65696.0,65695.0,65696.0,0.01469525
1772255580.0,65702.0,65702.0,65701.0,65702.0,2.57332584
1772255640.0,65702.0,65702.0,65702.0,65702.0,2.04029272
1772255700.0,65702.0,65709.0,65702.0,65706.0,9.76754137
1772255760.0,65706.0,65708.0,65706.0,65708.0,0.01530643
1772255820.0,65707.0,65707.0,65700.0,65700.0,0.87035777
1772255880.0,65701.0,65701.0,65701.0,65701.0,0.01164686
1772255940.0,65701.0,65701.0,65700.0,65700.0,0.00501947
1772256000.0,65701.0,65701.0,65694.0,65694.0,0.12022772
1772256060.0,65692.0,65692.0,65665.0,65665.0,0.10297565
1772256120.0,65664.0,65682.0,65664.0,65682.0,0.57056752
1772256180.0,65681.0,65681.0,65681.0,65681.0,0.003602
1772256240.0,65685.0,65685.0,65682.0,65682.0,0.0135727
1772256300.0,65682.0,65690.0,65682.0,65689.0,0.23383054
1772256360.0,65688.0,65690.0,65685.0,65690.0,0.07324549
1772256420.0,65689.0,65689.0,65684.0,65684.0,0.01399884
1772256480.0,65685.0,65685.0,65660.0,65660.0,0.2931956
1772256540.0,65654.0,65654.0,65645.0,65645.0,0.07943512
1772256600.0,65645.0,65645.0,65598.0,65598.0,0.57918038
1772256660.0,65589.0,65598.0,65540.0,65540.0,0.50756669
1772256720.0,65542.0,65569.0,65542.0,65569.0,0.27729558
1772256780.0,65584.0,65585.0,65572.0,65582.0,0.59925068
1772256840.0,65582.0,65589.0,65573.0,65573.0,0.37603831
1772256900.0,65572.0,65572.0,65512.0,65514.0,2.69598582
1772256960.0,65523.0,65539.0,65518.0,65522.0,0.57701586
1772257020.0,65522.0,65526.0,65520.0,65526.0,0.35051477
1772257080.0,65552.0,65588.0,65552.0,65588.0,0.30955507
1772257140.0,65588.0,65600.0,65588.0,65595.0,0.01803888
1772257200.0,65597.0,65602.0,65596.0,65601.0,0.26665098
1772257260.0,65601.0,65608.0,65600.0,65602.0,0.25498948
1772257320.0,65608.0,65608.0,65539.0,65561.0,0.91182211
1772257380.0,65562.0,65571.0,65559.0,65560.0,0.12404564
1772257440.0,65570.0,65574.0,65557.0,65557.0,0.02365093
1772257500.0,65554.0,65557.0,65531.0,65531.0,0.23695631
1772257560.0,65532.0,65532.0,65519.0,65519.0,0.04949329
1772257620.0,65515.0,65521.0,65505.0,65521.0,0.32180401
1772257680.0,65533.0,65533.0,65520.0,65526.0,0.03438186
1772257740.0,65527.0,65552.0,65527.0,65552.0,0.04669224
1772257800.0,65563.0,65563.0,65506.0,65506.0,0.18467682
1772257860.0,65515.0,65516.0,65506.0,65506.0,0.07262691
1772257920.0,65510.0,65510.0,65510.0,65510.0,0.00075021
1772257980.0,65518.0,65540.0,65518.0,65540.0,0.20374844
1772258040.0,65541.0,65543.0,65522.0,65522.0,0.02977989
1772258100.0,65522.0,65522.0,65506.0,65506.0,0.02926126
1772258160.0,65506.0,65507.0,65506.0,65506.0,0.03701422
1772258220.0,65510.0,65531.0,65510.0,65531.0,2.27647292
1772258280.0,65531.0,65531.0,65530.0,65531.0,0.01643359
1772258340.0,65531.0,65592.0,65531.0,65592.0,3.55553205
1772258400.0,65592.0,65592.0,65589.0,65589.0,0.09385638
1772258460.0,65588.0,65588.0,65586.0,65587.0,0.75026788
1772258520.0,65587.0,65587.0,65573.0,65573.0,0.01770998
1772258580.0,65569.0,65569.0,65564.0,65564.0,0.00686649
1772258640.0,65564.0,65577.0,65564.0,65573.0,0.05572076
1772258700.0,65569.0,65569.0,65560.0,65560.0,0.00845039
1772258760.0,65559.0,65559.0,65514.0,65514.0,0.47703805
1772258820.0,65515.0,65531.0,65515.0,65531.0,0.29871134
1772258880.0,65533.0,65537.0,65533.0,65537.0,0.05813768
1772258940.0,65542.0,65556.0,65542.0,65553.0,0.36751313
1772259000.0,65554.0,65559.0,65554.0,65558.0,0.02645661
1772259060.0,65561.0,65564.0,65561.0,65564.0,0.03899947
1772259120.0,65564.0,65586.0,65563.0,65586.0,0.02405914
1772259180.0,65589.0,65589.0,65581.0,65582.0,0.24548872
1772259240.0,65582.0,65582.0,65481.0,65490.0,22.57111869
1772259300.0,65492.0,65492.0,65403.0,65403.0,6.8003862
1772259360.0,65403.0,65403.0,65260.0,65260.0,18.18393983
1772259420.0,65260.0,65279.0,64997.0,65005.0,28.96183304
1772259480.0,65009.0,65047.0,64522.0,64785.0,134.38130201
1772259540.0,64786.0,64972.0,64786.0,64938.0,31.48827042
1772259600.0,64942.0,64996.0,64861.0,64996.0,7.75422001
1772259660.0,64996.0,65230.0,64968.0,65230.0,29.05182369
1772259720.0,65230.0,65254.0,65063.0,65076.0,16.42640349
1772259780.0,65090.0,65118.0,64965.0,64994.0,32.10733486
1772259840.0,64991.0,65099.0,64958.0,64958.0,10.02835077
1772259900.0,64957.0,64992.0,64910.0,64911.0,6.6836155
1772259960.0,64921.0,64983.0,64764.0,64764.0,15.23727842
1772260020.0,64719.0,64794.0,64607.0,64607.0,28.40885518
1772260080.0,64608.0,64639.0,64414.0,64503.0,24.08366983
1772260140.0,64519.0,64629.0,64484.0,64577.0,18.87088782
1772260200.0,64575.0,64582.0,64393.0,64580.0,30.07155328
1772260260.0,64573.0,64576.0,64336.0,64341.0,13.56268109
1772260320.0,64341.0,64357.0,64198.0,64198.0,22.51152027
1772260380.0,64199.0,64281.0,64095.0,64112.0,24.91118486
1772260440.0,64107.0,64191.0,64082.0,64086.0,9.3765843
1772260500.0,64096.0,64238.0,64061.0,64061.0,10.06611688
1772260560.0,64077.0,64106.0,63629.0,63824.0,64.69910445
1772260620.0,63823.0,63876.0,63622.0,63679.0,28.81609147
1772260680.0,63671.0,63828.0,63615.0,63750.0,37.6566476
1772260740.0,63742.0,63898.0,63721.0,63786.0,49.36271658
1772260800.0,63782.0,63936.0,63779.0,63936.0,8.55246156
1772260860.0,63936.0,64107.0,63791.0,63819.0,46.39112494
1772260920.0,63820.0,63982.0,63745.0,63982.0,37.98272354
1772260980.0,63982.0,64001.0,63924.0,63940.0,4.65161818
1772261040.0,63937.0,64035.0,63934.0,64035.0,22.90151353
1772261100.0,64035.0,64060.0,63876.0,63876.0,18.79373897
1772261160.0,63874.0,63874.0,63788.0,63797.0,5.93458615
1772261220.0,63808.0,63886.0,63808.0,63869.0,5.59502489
1772261280.0,63869.0,63894.0,63845.0,63880.0,3.31040295
1772261340.0,63892.0,63895.0,63768.0,63774.0,41.57092893
1772261400.0,63769.0,63783.0,63485.0,63582.0,35.09625039
1772261460.0,63568.0,63642.0,63516.0,63623.0,9.39878095
1772261520.0,63640.0,63695.0,63606.0,63625.0,5.68442371
1772261580.0,63625.0,63663.0,63554.0,63599.0,6.16101675
1772261640.0,63602.0,63602.0,63406.0,63412.0,11.28642454
1772261700.0,63413.0,63432.0,63300.0,63300.0,22.77004749
1772261760.0,63300.0,63394.0,63241.0,63362.0,18.247402
1772261820.0,63361.0,63364.0,63122.0,63129.0,18.08835064
1772261880.0,63130.0,63158.0,63037.0,63158.0,7.84347059
1772261940.0,63185.0,63270.0,63095.0,63238.0,15.54665352
1772262000.0,63216.0,63385.0,63045.0,63297.0,50.99105278
1772262060.0,63297.0,63493.0,63215.0,63426.0,24.36704904
1772262120.0,63416.0,63584.0,63413.0,63463.0,14.20987556
1772262180.0,63463.0,63530.0,63375.0,63419.0,5.99232557
1772262240.0,63420.0,63561.0,63395.0,63536.0,8.50374137
1772262300.0,63536.0,63621.0,63536.0,63548.0,11.05989659
1772262360.0,63539.0,63596.0,63489.0,63596.0,7.17558087
1772262420.0,63607.0,63741.0,63607.0,63709.0,14.60719629
1772262480.0,63707.0,63773.0,63593.0,63635.0,8.04349064
1772262540.0,63636.0,63688.0,63633.0,63652.0,5.84378992
1772262600.0,63652.0,63674.0,63625.0,63640.0,5.26982226
1772262660.0,63640.0,63644.0,63500.0,63594.0,4.51353121
1772262720.0,63622.0,63637.0,63592.0,63613.0,3.92073978
1772262780.0,63624.0,63806.0,63624.0,63806.0,12.6493496
1772262840.0,63805.0,63814.0,63747.0,63758.0,3.15067997
1772262900.0,63761.0,63829.0,63709.0,63829.0,6.43878671
1772262960.0,63837.0,63875.0,63749.0,63749.0,8.76970807
1772263020.0,63768.0,63803.0,63761.0,63787.0,1.2961179
1772263080.0,63793.0,63828.0,63786.0,63793.0,4.38550275
1772263140.0,63795.0,63801.0,63767.0,63769.0,2.19699392
1772263200.0,63764.0,63765.0,63604.0,63616.0,10.77883404
1772263260.0,63610.0,63641.0,63577.0,63627.0,3.04049185
1772263320.0,63636.0,63636.0,63478.0,63478.0,36.9265321
1772263380.0,63478.0,63478.0,63369.0,63369.0,10.25482295
1772263440.0,63364.0,63432.0,63364.0,63432.0,1.95463793
1772263500.0,63438.0,63438.0,63392.0,63394.0,3.22208767
1772263560.0,63394.0,63455.0,63394.0,63452.0,4.49198149
1772263620.0,63451.0,63549.0,63412.0,63526.0,6.9701924
1772263680.0,63511.0,63602.0,63504.0,63549.0,6.08855881
1772263740.0,63554.0,63554.0,63493.0,63518.0,1.83033698
1772263800.0,63515.0,63518.0,63470.0,63517.0,3.83242359
1772263860.0,63539.0,63590.0,63539.0,63571.0,2.49522424
1772263920.0,63571.0,63667.0,63571.0,63631.0,2.13936922
1772263980.0,63628.0,63700.0,63605.0,63700.0,5.09314699
1772264040.0,63737.0,63836.0,63737.0,63836.0,35.32082367
1772264100.0,63837.0,63898.0,63811.0,63887.0,7.41358456
1772264160.0,63887.0,63918.0,63875.0,63882.0,2.62827009
1772264220.0,63882.0,63926.0,63773.0,63926.0,7.21873274
1772264280.0,63929.0,64173.0,63925.0,64165.0,38.30070643
1772264340.0,64174.0,64315.0,64110.0,64193.0,27.29502989
1772264400.0,64193.0,64279.0,64139.0,64267.0,19.72763441
1772264460.0,64267.0,64277.0,64183.0,64185.0,3.89353057
1772264520.0,64191.0,64213.0,64096.0,64099.0,10.12989345
1772264580.0,64099.0,64122.0,64051.0,64051.0,6.85716943
1772264640.0,64044.0,64119.0,64044.0,64058.0,3.33142813
1772264700.0,64056.0,64058.0,63955.0,63955.0,4.96019574
1772264760.0,63959.0,64005.0,63944.0,63958.0,7.93432851
1772264820.0,63965.0,64029.0,63956.0,64029.0,10.2785849
1772264880.0,64042.0,64042.0,63907.0,63907.0,4.74046364
1772264940.0,63920.0,63950.0,63821.0,63821.0,40.90867379
1772265000.0,63822.0,63899.0,63816.0,63899.0,2.34226583
1772265060.0,63899.0,63934.0,63884.0,63934.0,2.28155612
1772265120.0,63937.0,63984.0,63924.0,63924.0,1.43363619
1772265180.0,63923.0,63932.0,63884.0,63885.0,1.41907413
1772265240.0,63887.0,63931.0,63887.0,63920.0,1.82134465
1772265300.0,63947.0,63947.0,63922.0,63928.0,1.2597783
1772265360.0,63936.0,63952.0,63911.0,63911.0,0.87239111
1772265420.0,63894.0,63894.0,63843.0,63882.0,4.62383321
1772265480.0,63881.0,63881.0,63845.0,63846.0,1.60854912
1772265540.0,63845.0,63867.0,63824.0,63832.0,5.36191855
1772265600.0,63830.0,63830.0,63729.0,63748.0,11.71213447
1772265660.0,63742.0,63742.0,63617.0,63619.0,4.97496849
1772265720.0,63624.0,63693.0,63624.0,63683.0,3.09657269
1772265780.0,63681.0,63717.0,63666.0,63666.0,1.26248187
1772265840.0,63679.0,63853.0,63679.0,63823.0,16.65426516
1772265900.0,63819.0,63877.0,63743.0,63743.0,1.67022252
1772265960.0,63732.0,63760.0,63722.0,63723.0,1.65858493
1772266020.0,63739.0,63739.0,63601.0,63601.0,12.11235428
1772266080.0,63601.0,63680.0,63601.0,63615.0,3.09073431
1772266140.0,63604.0,63612.0,63557.0,63593.0,8.05188845
1772266200.0,63598.0,63688.0,63585.0,63688.0,3.84156126
1772266260.0,63690.0,63693.0,63654.0,63693.0,5.15112875
1772266320.0,63701.0,63727.0,63696.0,63712.0,0.97906528
1772266380.0,63717.0,63743.0,63692.0,63693.0,3.27582083
1772266440.0,63692.0,63702.0,63611.0,63624.0,3.88275963
1772266500.0,63623.0,63706.0,63612.0,63706.0,2.55190018
1772266560.0,63706.0,63778.0,63698.0,63766.0,2.14110708
1772266620.0,63736.0,63799.0,63736.0,63788.0,2.60841281
1772266680.0,63782.0,63795.0,63734.0,63779.0,1.71697909
1772266740.0,63781.0,63781.0,63632.0,63632.0,3.42933799
1772266800.0,63609.0,63618.0,63422.0,63460.0,23.59080381
1772266860.0,63467.0,63567.0,63465.0,63536.0,5.02619536
1772266920.0,63530.0,63580.0,63501.0,63557.0,3.42448182
1772266980.0,63558.0,63561.0,63499.0,63512.0,3.98637441
1772267040.0,63522.0,63612.0,63497.0,63575.0,10.79087116
1772267100.0,63575.0,63689.0,63575.0,63640.0,4.85875486
1772267160.0,63640.0,63653.0,63620.0,63644.0,8.14956197
1772267220.0,63647.0,63667.0,63647.0,63660.0,2.05251136
1772267280.0,63660.0,63688.0,63660.0,63675.0,2.29929559
1772267340.0,63673.0,63690.0,63633.0,63633.0,1.41909109
1772267400.0,63628.0,63657.0,63623.0,63657.0,1.29855462
1772267460.0,63656.0,63725.0,63654.0,63691.0,3.84666011
1772267520.0,63676.0,63676.0,63537.0,63546.0,2.22730219
1772267580.0,63558.0,63600.0,63556.0,63571.0,1.34566472
1772267640.0,63556.0,63559.0,63546.0,63559.0,3.12368622
1772267700.0,63557.0,63630.0,63541.0,63630.0,1.77838567
1772267760.0,63631.0,63646.0,63627.0,63627.0,3.38855195
1772267820.0,63626.0,63653.0,63584.0,63653.0,2.11169406
1772267880.0,63661.0,63708.0,63661.0,63673.0,1.68444408
1772267940.0,63671.0,63671.0,63642.0,63658.0,1.09166183
1772268000.0,63663.0,63717.0,63650.0,63713.0,0.60787635
1772268060.0,63721.0,63767.0,63713.0,63719.0,1.72433571
1772268120.0,63716.0,63724.0,63706.0,63724.0,0.58725712
1772268180.0,63734.0,63734.0,63643.0,63664.0,1.58988151
1772268240.0,63650.0,63691.0,63600.0,63613.0,3.69281836
1772268300.0,63613.0,63659.0,63599.0,63659.0,2.07283764
1772268360.0,63660.0,63672.0,63652.0,63661.0,0.98571167
1772268420.0,63654.0,63663.0,63652.0,63655.0,0.68035772
1772268480.0,63655.0,63688.0,63655.0,63674.0,0.78710316
1772268540.0,63671.0,63671.0,63652.0,63652.0,0.11476448
1772268600.0,63651.0,63651.0,63570.0,63579.0,16.07403596
1772268660.0,63572.0,63595.0,63497.0,63508.0,7.26300296
1772268720.0,63508.0,63518.0,63477.0,63495.0,2.15340328
1772268780.0,63495.0,63539.0,63479.0,63539.0,3.16477225
1772268840.0,63539.0,63568.0,63539.0,63567.0,0.84423672
1772268900.0,63569.0,63590.0,63554.0,63555.0,1.38243189
1772268960.0,63557.0,63567.0,63518.0,63531.0,1.68599833
1772269020.0,63535.0,63535.0,63489.0,63489.0,0.6821705
1772269080.0,63490.0,63490.0,63418.0,63420.0,2.84685734
1772269140.0,63439.0,63469.0,63439.0,63469.0,1.54395851
1772269200.0,63476.0,63554.0,63453.0,63510.0,4.96965384
1772269260.0,63511.0,63511.0,63473.0,63499.0,1.29290463
1772269320.0,63499.0,63569.0,63496.0,63529.0,4.84657132
1772269380.0,63531.0,63563.0,63531.0,63554.0,1.71568595
1772269440.0,63555.0,63575.0,63522.0,63559.0,2.71979497
1772269500.0,63558.0,63594.0,63543.0,63585.0,3.02874213
1772269560.0,63595.0,63595.0,63542.0,63561.0,0.88324469
1772269620.0,63560.0,63573.0,63529.0,63529.0,0.97910169
1772269680.0,63523.0,63523.0,63487.0,63507.0,0.57756038
1772269740.0,63502.0,63502.0,63379.0,63392.0,6.38039637
1772269800.0,63395.0,63435.0,63379.0,63435.0,2.38892926
1772269860.0,63439.0,63512.0,63412.0,63413.0,4.57625389
1772269920.0,63400.0,63472.0,63398.0,63470.0,6.36472039
1772269980.0,63481.0,63699.0,63481.0,63687.0,3.22694309
1772270040.0,63684.0,63717.0,63673.0,63711.0,3.70145043
1772270100.0,63710.0,63710.0,63629.0,63650.0,1.4362443
1772270160.0,63658.0,63693.0,63618.0,63622.0,0.50140534
1772270220.0,63623.0,63637.0,63594.0,63637.0,0.85713394
1772270280.0,63637.0,63641.0,63620.0,63629.0,0.67147853
1772270340.0,63628.0,63631.0,63597.0,63598.0,0.19733013
1772270400.0,63598.0,63629.0,63598.0,63615.0,1.2445226
1772270460.0,63615.0,63632.0,63606.0,63608.0,1.28416631
1772270520.0,63608.0,63712.0,63599.0,63712.0,1.40216735
1772270580.0,63706.0,63827.0,63694.0,63795.0,3.37329154
1772270640.0,63800.0,63928.0,63800.0,63914.0,8.2534961
1772270700.0,63912.0,63938.0,63856.0,63936.0,4.57515408
1772270760.0,63932.0,63932.0,63807.0,63830.0,9.14111375
1772270820.0,63829.0,63829.0,63798.0,63814.0,2.02087819
1772270880.0,63813.0,63835.0,63813.0,63827.0,1.51891845
1772270940.0,63827.0,63912.0,63827.0,63840.0,6.26283659
1772271000.0,63839.0,63839.0,63760.0,63762.0,1.34035833
1772271060.0,63767.0,63804.0,63767.0,63791.0,0.98329242
1772271120.0,63807.0,63810.0,63784.0,63807.0,0.62880725
1772271180.0,63798.0,63798.0,63732.0,63746.0,1.90325215
1772271240.0,63746.0,63759.0,63727.0,63727.0,0.5982746
1772271300.0,63727.0,63747.0,63706.0,63706.0,1.42561858
1772271360.0,63700.0,63700.0,63602.0,63648.0,2.29610738
1772271420.0,63631.0,63649.0,63561.0,63595.0,2.17828145
1772271480.0,63597.0,63646.0,63597.0,63642.0,1.52575788
1772271540.0,63640.0,63658.0,63634.0,63643.0,0.62922421
1772271600.0,63643.0,63648.0,63609.0,63609.0,1.15747663
1772271660.0,63609.0,63642.0,63595.0,63636.0,1.28542777
1772271720.0,63636.0,63657.0,63634.0,63652.0,0.64788462
1772271780.0,63633.0,63633.0,63609.0,63631.0,0.54533905
1772271840.0,63624.0,63624.0,63611.0,63622.0,0.65643756
1772271900.0,63617.0,63617.0,63616.0,63616.0,0.21453459
1772271960.0,63617.0,63660.0,63617.0,63624.0,1.19224287
1772272020.0,63634.0,63634.0,63567.0,63579.0,1.99144684
1772272080.0,63552.0,63645.0,63544.0,63637.0,1.75754421
1772272140.0,63629.0,63629.0,63542.0,63572.0,0.36237946
1772272200.0,63576.0,63627.0,63573.0,63617.0,0.96029481
1772272260.0,63621.0,63720.0,63621.0,63678.0,3.70255303
1772272320.0,63663.0,63694.0,63663.0,63674.0,1.84588204
1772272380.0,63674.0,63683.0,63660.0,63683.0,0.5180003
1772272440.0,63693.0,63726.0,63693.0,63726.0,0.79174292
1772272500.0,63709.0,63709.0,63641.0,63646.0,0.54278142
1772272560.0,63646.0,63671.0,63646.0,63671.0,2.91492135
1772272620.0,63700.0,63700.0,63671.0,63672.0,0.66557953
1772272680.0,63673.0,63680.0,63653.0,63677.0,4.26582657
1772272740.0,63677.0,63682.0,63662.0,63662.0,3.10640162
1772272800.0,63621.0,63627.0,63610.0,63620.0,2.21242738
1772272860.0,63624.0,63647.0,63604.0,63616.0,1.80579638
1772272920.0,63616.0,63626.0,63601.0,63602.0,2.77711276
1772272980.0,63602.0,63602.0,63484.0,63500.0,5.3017778
1772273040.0,63504.0,63519.0,63480.0,63480.0,3.20754501
1772273100.0,63475.0,63566.0,63470.0,63563.0,14.74583699
1772273160.0,63563.0,63566.0,63517.0,63531.0,6.37618076
1772273220.0,63522.0,63565.0,63522.0,63532.0,4.37390365
1772273280.0,63532.0,63556.0,63532.0,63556.0,1.45040973
1772273340.0,63561.0,63578.0,63533.0,63554.0,3.91657177
1772273400.0,63552.0,63558.0,63539.0,63554.0,0.77377436
1772273460.0,63549.0,63550.0,63509.0,63549.0,2.64277493
1772273520.0,63549.0,63555.0,63547.0,63552.0,0.32311007
1772273580.0,63576.0,63576.0,63535.0,63549.0,3.40358683
1772273640.0,63555.0,63571.0,63555.0,63571.0,0.00815463
1772273700.0,63574.0,63575.0,63546.0,63574.0,1.0325362
1772273760.0,63581.0,63592.0,63555.0,63592.0,0.57630284
1772273820.0,63592.0,63712.0,63592.0,63699.0,5.20137165
1772273880.0,63698.0,63738.0,63686.0,63726.0,2.1655288
1772273940.0,63725.0,63746.0,63717.0,63746.0,2.23618098
1772274000.0,63744.0,63782.0,63738.0,63782.0,0.46762773
1772274060.0,63781.0,63830.0,63761.0,63806.0,3.5351328
1772274120.0,63806.0,63896.0,63806.0,63889.0,14.02665414
1772274180.0,63888.0,63928.0,63836.0,63927.0,4.25766829
1772274240.0,63926.0,63934.0,63864.0,63909.0,9.24010317
1772274300.0,63908.0,63960.0,63884.0,63925.0,11.75104815
1772274360.0,63926.0,63935.0,63888.0,63888.0,6.89727156
1772274420.0,63887.0,63887.0,63877.0,63877.0,0.60110738
1772274480.0,63874.0,63874.0,63837.0,63846.0,2.55635628
1772274540.0,63843.0,63843.0,63810.0,63838.0,1.58965476
1772274600.0,63840.0,63883.0,63840.0,63883.0,0.99537639
1772274660.0,63882.0,64004.0,63871.0,63964.0,1.05240709
1772274720.0,63964.0,64047.0,63935.0,63935.0,2.54092771
1772274780.0,63975.0,64011.0,63960.0,63978.0,4.05985536
1772274840.0,63975.0,64033.0,63974.0,64010.0,2.07838148
1772274900.0,64011.0,64026.0,63982.0,63996.0,3.85127028
1772274960.0,63994.0,64005.0,63962.0,64005.0,1.23932926
1772275020.0,64005.0,64008.0,63993.0,63999.0,2.3903586
1772275080.0,63996.0,64014.0,63996.0,64013.0,1.56992341
1772275140.0,64015.0,64015.0,63999.0,64002.0,0.57936849
1772275200.0,63999.0,64015.0,63993.0,63994.0,0.63313737
1772275260.0,63994.0,63999.0,63956.0,63956.0,2.56067595
1772275320.0,63953.0,63971.0,63951.0,63952.0,0.72082552
1772275380.0,63955.0,63984.0,63954.0,63976.0,0.14808473
1772275440.0,63976.0,63977.0,63949.0,63949.0,0.64833434
1772275500.0,63936.0,63946.0,63916.0,63929.0,0.61238747
1772275560.0,63931.0,63946.0,63898.0,63904.0,0.78240386
1772275620.0,63904.0,63905.0,63894.0,63898.0,1.15249717
1772275680.0,63886.0,63935.0,63886.0,63935.0,15.91369627
1772275740.0,63938.0,63954.0,63920.0,63950.0,0.90636643
1772275800.0,63951.0,64014.0,63951.0,63998.0,0.22794898
1772275860.0,63993.0,63993.0,63883.0,63890.0,1.65854602
1772275920.0,63888.0,63926.0,63888.0,63920.0,0.69852622
1772275980.0,63920.0,63932.0,63920.0,63930.0,0.76804502
1772276040.0,63930.0,63950.0,63913.0,63918.0,5.11851591
1772276100.0,63944.0,63944.0,63917.0,63926.0,0.20820232
1772276160.0,63942.0,63974.0,63942.0,63971.0,0.41405974
1772276220.0,63970.0,63970.0,63952.0,63964.0,0.77522925
1772276280.0,63967.0,64011.0,63967.0,64004.0,0.72083593
1772276340.0,63998.0,64006.0,63997.0,64006.0,1.3010604
1772276400.0,64006.0,64010.0,63984.0,63984.0,1.7781016
1772276460.0,63983.0,64084.0,63962.0,64025.0,16.81002892
1772276520.0,64022.0,64162.0,64004.0,64148.0,3.17000684
1772276580.0,64145.0,64214.0,64145.0,64209.0,0.84949855
1772276640.0,64217.0,64217.0,64140.0,64148.0,1.2380316
1772276700.0,64148.0,64160.0,64054.0,64070.0,5.63844239
1772276760.0,64072.0,64111.0,64072.0,64111.0,1.60954119
1772276820.0,64111.0,64111.0,64095.0,64098.0,1.1902901
1772276880.0,64098.0,64115.0,64098.0,64109.0,0.41241597
1772276940.0,64108.0,64108.0,64055.0,64058.0,1.4281622
1772277000.0,64057.0,64097.0,64052.0,64087.0,0.70471627
1772277060.0,64094.0,64094.0,64078.0,64089.0,1.22181654
1772277120.0,64088.0,64136.0,64086.0,64091.0,0.52165333
1772277180.0,64095.0,64095.0,64063.0,64063.0,1.13519835
1772277240.0,64054.0,64091.0,64054.0,64089.0,0.71711284
1772277300.0,64088.0,64098.0,64082.0,64098.0,0.20089515
1772277360.0,64097.0,64097.0,64059.0,64059.0,0.99863937
1772277420.0,64056.0,64056.0,64047.0,64051.0,0.85620466
1772277480.0,64050.0,64072.0,64042.0,64054.0,1.66401449
1772277540.0,64054.0,64077.0,64050.0,64063.0,0.57036017
1772277600.0,64087.0,64165.0,64087.0,64163.0,1.374226
1772277660.0,64154.0,64172.0,64153.0,64172.0,1.78850674
1772277720.0,64171.0,64171.0,64123.0,64134.0,1.52814036
1772277780.0,64119.0,64126.0,64116.0,64116.0,0.32385245
1772277840.0,64115.0,64115.0,64102.0,64111.0,0.66168737
1772277900.0,64121.0,64170.0,64121.0,64138.0,2.62135274
1772277960.0,64138.0,64138.0,64098.0,64124.0,3.86225138
1772278020.0,64124.0,64268.0,64117.0,64229.0,7.16764428
1772278080.0,64228.0,64309.0,64208.0,64300.0,13.72007421
1772278140.0,64299.0,64299.0,64250.0,64251.0,6.42785462
1772278200.0,64238.0,64301.0,64238.0,64295.0,1.38865442
1772278260.0,64291.0,64291.0,64222.0,64235.0,1.31855089
1772278320.0,64238.0,64260.0,64222.0,64222.0,5.12316817
1772278380.0,64218.0,64218.0,64197.0,64201.0,0.646281
1772278440.0,64200.0,64200.0,64181.0,64184.0,0.56694608
1772278500.0,64184.0,64184.0,64142.0,64178.0,2.61864338
1772278560.0,64170.0,64170.0,64145.0,64145.0,0.39153144
1772278620.0,64140.0,64161.0,64121.0,64145.0,0.43052197
1772278680.0,64129.0,64129.0,64095.0,64095.0,2.67762331
1772278740.0,64095.0,64102.0,64053.0,64053.0,0.15161819
1772278800.0,64052.0,64052.0,63997.0,64014.0,0.7913568
1772278860.0,64014.0,64056.0,64003.0,64007.0,1.21439071
1772278920.0,64013.0,64013.0,63996.0,63998.0,1.01214103
1772278980.0,64004.0,64021.0,64003.0,64006.0,0.55975428
1772279040.0,64009.0,64025.0,64009.0,64025.0,0.61093439
1772279100.0,64019.0,64040.0,64006.0,64040.0,0.39618822
1772279160.0,64040.0,64061.0,64006.0,64052.0,9.64996815
1772279220.0,64059.0,64085.0,64052.0,64070.0,2.82241411
1772279280.0,64071.0,64072.0,64024.0,64024.0,4.26134134
1772279340.0,64024.0,64045.0,64019.0,64045.0,1.21784739
1772279400.0,64044.0,64049.0,64031.0,64031.0,0.22204323
1772279460.0,64027.0,64029.0,64018.0,64018.0,0.41699483
1772279520.0,64031.0,64033.0,64013.0,64013.0,0.23318603
1772279580.0,64013.0,64021.0,63995.0,64009.0,1.53221248
1772279640.0,64008.0,64013.0,63957.0,63957.0,0.93569636
1772279700.0,63941.0,63962.0,63847.0,63847.0,6.71377398
1772279760.0,63831.0,63905.0,63831.0,63903.0,1.71014439
1772279820.0,63902.0,63902.0,63811.0,63811.0,2.11067144
1772279880.0,63812.0,63857.0,63793.0,63830.0,3.79874501
1772279940.0,63832.0,63849.0,63831.0,63845.0,1.22459165
1772280000.0,63865.0,63920.0,63865.0,63910.0,3.49723243
1772280060.0,63918.0,63951.0,63918.0,63944.0,2.33661174
1772280120.0,63939.0,63939.0,63904.0,63904.0,2.81428348
1772280180.0,63903.0,63903.0,63838.0,63864.0,5.80362934
1772280240.0,63864.0,63886.0,63864.0,63867.0,0.79813935
1772280300.0,63869.0,63935.0,63869.0,63935.0,0.55224392
1772280360.0,63944.0,63973.0,63943.0,63972.0,0.54479731
1772280420.0,63971.0,63976.0,63899.0,63925.0,4.23193691
1772280480.0,63925.0,63933.0,63880.0,63905.0,2.40966241
1772280540.0,63903.0,63906.0,63902.0,63905.0,0.22755781
1772280600.0,63906.0,63917.0,63906.0,63917.0,0.56798893
1772280660.0,63919.0,63919.0,63895.0,63895.0,0.35248964
1772280720.0,63900.0,63911.0,63900.0,63901.0,0.15531466
1772280780.0,63912.0,63944.0,63912.0,63944.0,0.65027206
1772280840.0,63936.0,63956.0,63935.0,63945.0,0.55933577
1772280900.0,63975.0,63986.0,63975.0,63986.0,0.94737427
1772280960.0,63975.0,63990.0,63949.0,63990.0,0.16190371
1772281020.0,63988.0,64000.0,63972.0,64000.0,1.41499635
1772281080.0,64032.0,64032.0,64001.0,64001.0,0.42133986
1772281140.0,64030.0,64038.0,64030.0,64037.0,0.2909514
1772281200.0,64045.0,64084.0,64031.0,64084.0,3.09545869
1772281260.0,64084.0,64094.0,64061.0,64061.0,1.34861019
1772281320.0,64054.0,64057.0,64025.0,64025.0,0.51947734
1772281380.0,64024.0,64024.0,63991.0,63998.0,1.55629218
1772281440.0,63998.0,64007.0,63997.0,64007.0,0.12456996
1772281500.0,64012.0,64012.0,63986.0,63988.0,1.2596937
1772281560.0,63987.0,63992.0,63987.0,63992.0,0.20439671
1772281620.0,63991.0,64000.0,63969.0,63970.0,0.6783095
1772281680.0,63978.0,63996.0,63978.0,63996.0,0.08566125
1772281740.0,63998.0,64012.0,63991.0,64012.0,0.63210877
1772281800.0,64014.0,64045.0,64014.0,64044.0,1.35301371
1772281860.0,64050.0,64072.0,64029.0,64035.0,0.98149337
1772281920.0,64045.0,64049.0,64021.0,64034.0,0.48312587
1772281980.0,64040.0,64040.0,64025.0,64025.0,0.03922461
1772282040.0,64024.0,64024.0,64010.0,64010.0,1.08758625
1772282100.0,64012.0,64024.0,64002.0,64024.0,0.2489052
1772282160.0,64026.0,64026.0,63992.0,63992.0,0.24476337
1772282220.0,63991.0,64038.0,63985.0,64036.0,0.69439034
1772282280.0,64036.0,64060.0,64036.0,64060.0,0.93067229
1772282340.0,64059.0,64059.0,64031.0,64044.0,0.68235078
1772282400.0,64043.0,64043.0,64033.0,64041.0,0.85844924
1772282460.0,64041.0,64044.0,64032.0,64044.0,1.33331281
1772282520.0,64050.0,64053.0,64050.0,64053.0,0.38314232
1772282580.0,64053.0,64063.0,64052.0,64063.0,0.18795759
1772282640.0,64063.0,64067.0,64022.0,64022.0,0.43576488
1772282700.0,64022.0,64048.0,64022.0,64045.0,1.33728865
1772282760.0,64044.0,64044.0,63952.0,63952.0,1.00198702
1772282820.0,63952.0,63957.0,63926.0,63954.0,1.88683217
1772282880.0,63954.0,63954.0,63918.0,63938.0,3.16455999
1772282940.0,63936.0,63954.0,63936.0,63942.0,0.69453182
1772283000.0,63941.0,63985.0,63940.0,63971.0,1.11735421
1772283060.0,63970.0,63970.0,63910.0,63911.0,0.60444303
1772283120.0,63907.0,63907.0,63899.0,63899.0,0.15634484
1772283180.0,63896.0,63896.0,63844.0,63861.0,0.48267503
1772283240.0,63859.0,63918.0,63858.0,63918.0,0.31209325
1772283300.0,63917.0,63917.0,63908.0,63911.0,0.04059325
1772283360.0,63911.0,63960.0,63911.0,63960.0,0.49328046
1772283420.0,63969.0,64042.0,63969.0,64027.0,0.70655271
1772283480.0,64033.0,64042.0,64002.0,64002.0,0.43790498
1772283540.0,64005.0,64034.0,64000.0,64031.0,1.18706979
1772283600.0,64032.0,64107.0,64032.0,64101.0,1.45875532
1772283660.0,64123.0,64123.0,64012.0,64012.0,1.71088451
1772283720.0,64008.0,64012.0,63938.0,63944.0,0.62963934
1772283780.0,63943.0,63943.0,63922.0,63922.0,1.81029943
1772283840.0,63923.0,63941.0,63923.0,63941.0,0.50479581
1772283900.0,63939.0,63972.0,63932.0,63958.0,2.20762453
1772283960.0,63958.0,63990.0,63957.0,63990.0,1.11387736
1772284020.0,63989.0,63989.0,63956.0,63986.0,1.88564
1772284080.0,63991.0,64035.0,63991.0,64032.0,2.38073835
1772284140.0,64033.0,64034.0,64033.0,64034.0,0.29488453
1772284200.0,64034.0,64034.0,64033.0,64033.0,1.11441926
1772284260.0,64033.0,64046.0,64032.0,64032.0,2.43959477
1772284320.0,64031.0,64040.0,64028.0,64040.0,0.80755548
1772284380.0,64040.0,64059.0,64039.0,64059.0,1.26194007
1772284440.0,64068.0,64076.0,64068.0,64076.0,1.31858558
1772284500.0,64081.0,64130.0,64081.0,64101.0,2.61970528
1772284560.0,64101.0,64197.0,64101.0,64141.0,8.83143593
1772284620.0,64137.0,64137.0,64085.0,64087.0,3.27700259
1772284680.0,64086.0,64086.0,64061.0,64061.0,1.42650575
1772284740.0,64061.0,64089.0,64061.0,64069.0,2.22191024
1772284800.0,64069.0,64069.0,64009.0,64012.0,1.44671288
1772284860.0,64011.0,64048.0,63996.0,64030.0,1.85342025
1772284920.0,64030.0,64048.0,64025.0,64048.0,0.3276139
1772284980.0,64041.0,64094.0,64041.0,64089.0,0.92697405
1772285040.0,64087.0,64087.0,64067.0,64071.0,1.08139156
1772285100.0,64071.0,64092.0,64071.0,64078.0,0.28233421
1772285160.0,64073.0,64075.0,64069.0,64074.0,0.05873707
1772285220.0,64074.0,64086.0,64063.0,64063.0,0.40254829
1772285280.0,64062.0,64062.0,64043.0,64043.0,0.39408856
1772285340.0,64043.0,64048.0,64042.0,64045.0,0.34438752
1772285400.0,64044.0,64075.0,64026.0,64026.0,5.50855416
1772285460.0,64026.0,64099.0,64026.0,64091.0,1.28623703
1772285520.0,64099.0,64106.0,64075.0,64075.0,4.06855421
1772285580.0,64076.0,64076.0,64030.0,64041.0,3.76972131
1772285640.0,64042.0,64070.0,64035.0,64069.0,4.50526412
1772285700.0,64068.0,64068.0,64004.0,64008.0,1.74569683
1772285760.0,64008.0,64008.0,63977.0,63977.0,0.81881377
1772285820.0,63977.0,63996.0,63975.0,63996.0,1.31314709
1772285880.0,63995.0,64007.0,63980.0,63980.0,17.4138061
1772285940.0,63979.0,63979.0,63968.0,63971.0,1.61716764
1772286000.0,63974.0,63974.0,63908.0,63923.0,8.09401756
1772286060.0,63924.0,63972.0,63916.0,63959.0,6.36805096
1772286120.0,63958.0,63959.0,63937.0,63937.0,6.35541788
1772286180.0,63937.0,64005.0,63937.0,64005.0,3.35526028
1772286240.0,64014.0,64054.0,64014.0,64054.0,1.22891894
1772286300.0,64058.0,64143.0,64058.0,64143.0,6.32700804
1772286360.0,64141.0,64146.0,64073.0,64146.0,15.09367891
1772286420.0,64153.0,64221.0,64153.0,64190.0,68.47453973
1772286480.0,64181.0,64458.0,64181.0,64452.0,29.32737712
1772286540.0,64457.0,64799.0,64457.0,64525.0,95.70028582
1772286600.0,64522.0,64603.0,64409.0,64591.0,9.68580691
1772286660.0,64591.0,64674.0,64536.0,64572.0,8.78684996
1772286720.0,64572.0,64770.0,64549.0,64718.0,16.98501614
1772286780.0,64718.0,65063.0,64699.0,64939.0,41.97902657
1772286840.0,64931.0,64939.0,64800.0,64862.0,16.78286132
1772286900.0,64862.0,64862.0,64635.0,64670.0,17.17167448
1772286960.0,64692.0,64817.0,64692.0,64817.0,6.5982691
1772287020.0,64816.0,64825.0,64770.0,64796.0,9.31401938
1772287080.0,64790.0,65027.0,64790.0,65023.0,7.65618615
1772287140.0,65027.0,65213.0,65018.0,65110.0,24.80487153
1772287200.0,65110.0,65361.0,65110.0,65355.0,34.20754582
1772287260.0,65342.0,65342.0,65158.0,65158.0,6.57015588
1772287320.0,65119.0,65153.0,64970.0,64970.0,9.04062788
1772287380.0,64958.0,64969.0,64860.0,64879.0,4.21663228
1772287440.0,64879.0,64879.0,64778.0,64818.0,47.71075223
1772287500.0,64857.0,64918.0,64839.0,64918.0,5.65372488
1772287560.0,64926.0,64927.0,64837.0,64852.0,1.22981064
1772287620.0,64872.0,64934.0,64832.0,64917.0,9.558581
1772287680.0,64947.0,65002.0,64931.0,64931.0,4.89135723
1772287740.0,64948.0,64948.0,64891.0,64927.0,2.86577461
1772287800.0,64927.0,65067.0,64926.0,64942.0,5.25026001
1772287860.0,64945.0,65102.0,64942.0,65099.0,12.58464283
1772287920.0,65084.0,65084.0,64957.0,64960.0,4.15346994
1772287980.0,64963.0,64964.0,64800.0,64800.0,2.31822143
1772288040.0,64803.0,64838.0,64803.0,64819.0,3.23856531
1772288100.0,64818.0,64825.0,64770.0,64814.0,6.71472719
1772288160.0,64814.0,64914.0,64814.0,64887.0,8.4577963
1772288220.0,64886.0,64909.0,64866.0,64867.0,2.34386292
1772288280.0,64867.0,64868.0,64716.0,64722.0,6.36540086
1772288340.0,64721.0,64890.0,64721.0,64851.0,6.03478835
1772288400.0,64845.0,64845.0,64716.0,64716.0,2.87386791
1772288460.0,64709.0,64716.0,64692.0,64703.0,5.9143016
1772288520.0,64695.0,64710.0,64655.0,64674.0,8.27454586
1772288580.0,64675.0,64715.0,64668.0,64715.0,2.29637261
1772288640.0,64718.0,64814.0,64705.0,64805.0,5.86473956
1772288700.0,64814.0,64865.0,64785.0,64785.0,3.19219542
1772288760.0,64786.0,64863.0,64786.0,64827.0,4.01325636
1772288820.0,64823.0,64828.0,64792.0,64792.0,0.38108395
1772288880.0,64778.0,64789.0,64774.0,64779.0,2.41808065
1772288940.0,64779.0,64791.0,64779.0,64791.0,2.29766489
1772289000.0,64790.0,64805.0,64755.0,64755.0,2.44261871
1772289060.0,64749.0,64749.0,64684.0,64699.0,9.22507133
1772289120.0,64702.0,64798.0,64694.0,64798.0,4.22454791
1772289180.0,64798.0,64798.0,64746.0,64746.0,2.39007802
1772289240.0,64746.0,64777.0,64729.0,64729.0,7.81585175
1772289300.0,64728.0,64958.0,64666.0,64945.0,19.08198055
1772289360.0,64944.0,64966.0,64853.0,64910.0,4.95227945
1772289420.0,64910.0,65093.0,64910.0,65056.0,10.51720269
1772289480.0,65064.0,65156.0,65043.0,65046.0,5.24855901
1772289540.0,65046.0,65120.0,64981.0,65119.0,6.2989923
1772289600.0,65109.0,65114.0,65042.0,65053.0,3.52751948
1772289660.0,65052.0,65080.0,64913.0,64931.0,10.83255614
1772289720.0,64935.0,64980.0,64922.0,64929.0,2.50932935
1772289780.0,64924.0,64978.0,64924.0,64971.0,2.51220527
1772289840.0,64970.0,64978.0,64907.0,64933.0,1.67123894
1772289900.0,64934.0,65012.0,64908.0,65012.0,1.31558226
1772289960.0,65013.0,65033.0,64985.0,64988.0,3.17040372
1772290020.0,64980.0,64990.0,64806.0,64837.0,10.79287114
1772290080.0,64833.0,64838.0,64711.0,64758.0,7.89243618
1772290140.0,64767.0,64767.0,64745.0,64752.0,0.92071477
1772290200.0,64755.0,64791.0,64755.0,64774.0,1.45388902
1772290260.0,64787.0,64798.0,64460.0,64478.0,16.82015156
1772290320.0,64481.0,64550.0,64381.0,64449.0,15.67862449
1772290380.0,64444.0,64524.0,64433.0,64446.0,6.08057119
1772290440.0,64475.0,64518.0,64444.0,64444.0,6.35412685
1772290500.0,64440.0,64474.0,64414.0,64474.0,5.5516182
1772290560.0,64472.0,64472.0,64284.0,64394.0,7.27755395
1772290620.0,64416.0,64416.0,64368.0,64383.0,0.79884412
1772290680.0,64380.0,64493.0,64376.0,64492.0,1.39057538
1772290740.0,64487.0,64488.0,64436.0,64444.0,0.19982071
1772290800.0,64447.0,64503.0,64447.0,64473.0,4.57647448
1772290860.0,64474.0,64508.0,64469.0,64487.0,0.89431619
1772290920.0,64493.0,64510.0,64493.0,64510.0,2.39514235
1772290980.0,64511.0,64525.0,64447.0,64447.0,1.6484373
1772291040.0,64426.0,64554.0,64426.0,64545.0,1.52969183
1772291100.0,64551.0,64551.0,64493.0,64544.0,1.42395231
1772291160.0,64544.0,64597.0,64539.0,64545.0,1.50906867
1772291220.0,64555.0,64565.0,64511.0,64511.0,0.65312695
1772291280.0,64504.0,64504.0,64403.0,64416.0,2.42045981
1772291340.0,64421.0,64421.0,64361.0,64398.0,1.95345911
1772291400.0,64416.0,64438.0,64363.0,64432.0,0.42970032
1772291460.0,64431.0,64431.0,64299.0,64302.0,24.1002031
1772291520.0,64316.0,64357.0,64307.0,64342.0,18.47566875
1772291580.0,64344.0,64414.0,64344.0,64357.0,1.0028957
1772291640.0,64362.0,64362.0,64222.0,64224.0,11.49209556
1772291700.0,64227.0,64347.0,64227.0,64342.0,4.66253502
1772291760.0,64340.0,64346.0,64296.0,64338.0,5.55488447
1772291820.0,64333.0,64354.0,64310.0,64354.0,5.5605913
1772291880.0,64372.0,64404.0,64358.0,64403.0,1.67208522
1772291940.0,64413.0,64414.0,64356.0,64414.0,5.6906658
1772292000.0,64425.0,64445.0,64418.0,64445.0,2.75646101
1772292060.0,64459.0,64459.0,64429.0,64445.0,6.52938843
1772292120.0,64448.0,64467.0,64411.0,64467.0,5.5994825
1772292180.0,64500.0,64580.0,64500.0,64549.0,4.7991254
1772292240.0,64544.0,64575.0,64512.0,64575.0,3.43783767
1772292300.0,64582.0,64612.0,64548.0,64548.0,2.6860644
1772292360.0,64551.0,64614.0,64542.0,64614.0,1.24123976
1772292420.0,64611.0,64778.0,64608.0,64767.0,49.62605745
1772292480.0,64761.0,64839.0,64740.0,64796.0,24.69741419
1772292540.0,64790.0,64806.0,64750.0,64750.0,2.43006898
1772292600.0,64750.0,64778.0,64712.0,64738.0,4.37394355
1772292660.0,64744.0,64750.0,64651.0,64664.0,9.95477307
1772292720.0,64664.0,64688.0,64643.0,64680.0,2.14440726
1772292780.0,64714.0,64805.0,64714.0,64781.0,3.27131017
1772292840.0,64797.0,64878.0,64775.0,64872.0,2.88260875
1772292900.0,64872.0,65004.0,64863.0,64940.0,23.30991896
1772292960.0,64940.0,65012.0,64850.0,64853.0,16.71040345
1772293020.0,64856.0,64883.0,64817.0,64873.0,3.39609861
1772293080.0,64872.0,64872.0,64810.0,64819.0,2.23461733
1772293140.0,64830.0,64830.0,64781.0,64791.0,0.47330893
1772293200.0,64801.0,64834.0,64799.0,64833.0,1.59582165
1772293260.0,64834.0,64852.0,64812.0,64824.0,1.32798388
1772293320.0,64827.0,64851.0,64813.0,64813.0,3.67070507
1772293380.0,64812.0,64828.0,64780.0,64826.0,1.66161701
1772293440.0,64827.0,64857.0,64824.0,64837.0,1.58702916
1772293500.0,64837.0,64867.0,64813.0,64813.0,0.74606147
1772293560.0,64806.0,64839.0,64806.0,64823.0,1.11461079
1772293620.0,64822.0,64875.0,64822.0,64845.0,0.72939237
1772293680.0,64844.0,64844.0,64798.0,64826.0,0.84590341
1772293740.0,64828.0,64828.0,64808.0,64816.0,6.7001678
1772293800.0,64826.0,64856.0,64826.0,64841.0,1.86692938
1772293860.0,64841.0,64846.0,64825.0,64825.0,0.72866766
1772293920.0,64822.0,64840.0,64796.0,64800.0,2.21089711
1772293980.0,64800.0,64807.0,64736.0,64776.0,2.25849025
1772294040.0,64776.0,64799.0,64767.0,64768.0,2.86836437
1772294100.0,64769.0,64833.0,64769.0,64833.0,0.70282618
1772294160.0,64905.0,64905.0,64866.0,64868.0,0.71988996
1772294220.0,64880.0,64880.0,64867.0,64867.0,0.00748234
1772294280.0,64868.0,64874.0,64859.0,64861.0,0.7660285
1772294340.0,64861.0,64861.0,64852.0,64853.0,0.03175545
1772294400.0,64851.0,64851.0,64814.0,64814.0,0.85872079
1772294460.0,64811.0,64816.0,64732.0,64732.0,1.30424723
1772294520.0,64732.0,64813.0,64732.0,64781.0,4.04489286
1772294580.0,64805.0,64805.0,64782.0,64782.0,0.61170531
1772294640.0,64762.0,64783.0,64724.0,64735.0,1.27411496
1772294700.0,64740.0,64752.0,64686.0,64688.0,1.77626278
1772294760.0,64690.0,64739.0,64690.0,64739.0,0.26307948
1772294820.0,64738.0,64794.0,64719.0,64789.0,0.28647929
1772294880.0,64791.0,64842.0,64791.0,64833.0,1.01559303
1772294940.0,64832.0,64896.0,64832.0,64849.0,0.81602092
1772295000.0,64851.0,64899.0,64851.0,64899.0,0.4333124
1772295060.0,64904.0,64976.0,64904.0,64976.0,3.03138013
1772295120.0,64971.0,64971.0,64905.0,64905.0,3.2822769
1772295180.0,64907.0,64924.0,64821.0,64832.0,2.757238
1772295240.0,64831.0,64896.0,64831.0,64896.0,3.94502267
1772295300.0,64891.0,64920.0,64890.0,64895.0,0.47754494
1772295360.0,64884.0,64884.0,64828.0,64828.0,1.268141
1772295420.0,64815.0,64821.0,64790.0,64790.0,2.07688166
1772295480.0,64788.0,64822.0,64774.0,64789.0,3.66301422
1772295540.0,64783.0,64798.0,64771.0,64771.0,0.71998603
1772295600.0,64769.0,64882.0,64757.0,64882.0,10.49257916
1772295660.0,64901.0,64901.0,64857.0,64859.0,3.81489423
1772295720.0,64859.0,64948.0,64859.0,64948.0,1.0147966
1772295780.0,64954.0,64954.0,64926.0,64943.0,8.30120223
1772295840.0,64948.0,65006.0,64948.0,65002.0,1.40000681
1772295900.0,65001.0,65002.0,64966.0,65001.0,6.0098965
1772295960.0,65001.0,65002.0,64975.0,64984.0,4.65693261
1772296020.0,64983.0,64985.0,64947.0,64974.0,3.34559776
1772296080.0,64976.0,64996.0,64946.0,64949.0,6.30661123
1772296140.0,64951.0,64961.0,64937.0,64941.0,3.55352548
1772296200.0,64942.0,64952.0,64916.0,64917.0,4.39458213
1772296260.0,64919.0,64930.0,64906.0,64930.0,0.03152792
1772296320.0,64930.0,64947.0,64928.0,64944.0,0.52739299
1772296380.0,64963.0,64988.0,64950.0,64987.0,0.4354436
1772296440.0,64989.0,64990.0,64979.0,64980.0,0.69416429
1772296500.0,64979.0,64982.0,64943.0,64946.0,0.65357654
1772296560.0,64946.0,64946.0,64899.0,64918.0,1.32572196
1772296620.0,64918.0,64949.0,64902.0,64911.0,1.65266213
1772296680.0,64911.0,64928.0,64904.0,64928.0,0.8444125
1772296740.0,64928.0,64939.0,64904.0,64939.0,0.41231142
1772296800.0,64941.0,64971.0,64925.0,64967.0,0.82903448
1772296860.0,64967.0,64992.0,64960.0,64992.0,0.27647256
1772296920.0,65008.0,65130.0,64999.0,65088.0,10.08681296
1772296980.0,65089.0,65172.0,65088.0,65119.0,8.71628797
1772297040.0,65119.0,65214.0,65102.0,65164.0,2.26222241
1772297100.0,65171.0,65200.0,65116.0,65116.0,0.45190497
1772297160.0,65100.0,65100.0,65034.0,65067.0,1.28376026
1772297220.0,65066.0,65093.0,65066.0,65093.0,0.33071202
1772297280.0,65092.0,65099.0,65069.0,65069.0,0.17757913
1772297340.0,65077.0,65095.0,65048.0,65081.0,0.93426019
1772297400.0,65079.0,65105.0,65028.0,65028.0,4.93483011
1772297460.0,65026.0,65036.0,64997.0,65036.0,1.50362022
1772297520.0,65052.0,65076.0,65052.0,65070.0,0.35795556
1772297580.0,65069.0,65076.0,65053.0,65063.0,0.51971846
1772297640.0,65065.0,65089.0,65065.0,65089.0,1.02119308
1772297700.0,65090.0,65090.0,65050.0,65078.0,1.20452265
1772297760.0,65117.0,65165.0,65117.0,65164.0,1.47062628
1772297820.0,65166.0,65182.0,65131.0,65138.0,0.98088467
1772297880.0,65137.0,65152.0,65130.0,65138.0,0.73820432
1772297940.0,65129.0,65129.0,65102.0,65102.0,0.64149615
1772298000.0,65104.0,65111.0,65088.0,65093.0,0.55673042
1772298060.0,65095.0,65101.0,65078.0,65094.0,15.3868641
1772298120.0,65080.0,65081.0,65073.0,65076.0,4.09733825
1772298180.0,65074.0,65074.0,65023.0,65024.0,2.97803406
1772298240.0,65032.0,65042.0,65030.0,65031.0,2.73530622
1772298300.0,65035.0,65053.0,65034.0,65053.0,1.06013519
1772298360.0,65052.0,65060.0,65017.0,65017.0,0.72963088
1772298420.0,65008.0,65019.0,64997.0,65002.0,0.16961703
1772298480.0,65004.0,65039.0,65000.0,65039.0,0.56029809
1772298540.0,65038.0,65038.0,65003.0,65003.0,0.39999741
1772298600.0,65017.0,65017.0,64996.0,65012.0,0.13388467
1772298660.0,65011.0,65019.0,64993.0,65019.0,0.86668216
1772298720.0,65019.0,65031.0,65019.0,65031.0,0.39193797
1772298780.0,65034.0,65034.0,65015.0,65016.0,2.123998
1772298840.0,65013.0,65013.0,64943.0,64943.0,3.73885301
1772298900.0,64950.0,64993.0,64950.0,64983.0,1.10667852
1772298960.0,64981.0,64981.0,64949.0,64952.0,0.14458463
1772299020.0,64945.0,64945.0,64918.0,64919.0,0.4045636
1772299080.0,64919.0,64933.0,64919.0,64928.0,0.43140435
1772299140.0,64928.0,64947.0,64919.0,64935.0,0.54779521
1772299200.0,64935.0,64935.0,64901.0,64901.0,0.18680227
1772299260.0,64901.0,64931.0,64901.0,64931.0,2.12358882
1772299320.0,64939.0,64959.0,64922.0,64959.0,1.39252163
1772299380.0,64971.0,65003.0,64971.0,65002.0,1.61379756
1772299440.0,65002.0,65003.0,64972.0,65003.0,0.70381392
1772299500.0,65003.0,65128.0,65003.0,65109.0,2.17137311
1772299560.0,65132.0,65132.0,65084.0,65098.0,3.55930298
1772299620.0,65094.0,65100.0,65068.0,65070.0,1.88900659
1772299680.0,65070.0,65070.0,65038.0,65042.0,0.39146422
1772299740.0,65049.0,65106.0,65042.0,65106.0,2.53671278
1772299800.0,65106.0,65151.0,65106.0,65144.0,0.9225261
1772299860.0,65136.0,65153.0,65114.0,65153.0,6.28040139
1772299920.0,65158.0,65185.0,65100.0,65104.0,6.61874206
1772299980.0,65101.0,65116.0,65095.0,65104.0,1.93694793
1772300040.0,65105.0,65116.0,65105.0,65116.0,1.22713994
1772300100.0,65116.0,65116.0,65097.0,65097.0,0.30302067
1772300160.0,65097.0,65115.0,65097.0,65115.0,0.38765999
1772300220.0,65116.0,65116.0,65086.0,65091.0,0.62634495
1772300280.0,65092.0,65093.0,65055.0,65055.0,8.22554479
1772300340.0,65055.0,65074.0,65055.0,65074.0,3.96299696
1772300400.0,65074.0,65079.0,65059.0,65067.0,1.77691442
1772300460.0,65064.0,65077.0,65064.0,65077.0,0.38802383
1772300520.0,65076.0,65094.0,64946.0,64963.0,17.54106263
1772300580.0,64928.0,64959.0,64910.0,64959.0,0.54415894
1772300640.0,64961.0,64962.0,64955.0,64962.0,0.28266349
1772300700.0,64973.0,64991.0,64967.0,64967.0,1.16551501
1772300760.0,64956.0,64956.0,64849.0,64941.0,8.32374311
1772300820.0,64958.0,65120.0,64958.0,65120.0,7.22579458
1772300880.0,65126.0,65165.0,65111.0,65134.0,2.47820874
1772300940.0,65133.0,65133.0,65090.0,65122.0,0.42371533
1772301000.0,65122.0,65167.0,65122.0,65142.0,0.67873977
1772301060.0,65140.0,65161.0,65136.0,65136.0,0.03551242
1772301120.0,65136.0,65161.0,65136.0,65161.0,0.03934503
1772301180.0,65179.0,65179.0,65147.0,65147.0,2.2593362
1772301240.0,65146.0,65149.0,65131.0,65131.0,0.12966745
1772301300.0,65132.0,65132.0,65131.0,65131.0,0.2140204
1772301360.0,65136.0,65148.0,65127.0,65148.0,0.75831709
1772301420.0,65148.0,65182.0,65148.0,65182.0,2.10080403
1772301480.0,65191.0,65536.0,65191.0,65442.0,39.65805257
1772301540.0,65454.0,65485.0,65388.0,65447.0,9.04532918
1772301600.0,65434.0,65455.0,65374.0,65380.0,3.82630686
1772301660.0,65364.0,65380.0,65330.0,65362.0,6.77817517
1772301720.0,65354.0,65444.0,65353.0,65444.0,6.1620518
1772301780.0,65446.0,65446.0,65369.0,65369.0,1.97118295
1772301840.0,65364.0,65401.0,65358.0,65390.0,1.13140561
1772301900.0,65374.0,65391.0,65339.0,65339.0,0.49737709
1772301960.0,65339.0,65387.0,65339.0,65386.0,0.61856019
1772302020.0,65378.0,65451.0,65378.0,65398.0,2.49705777
1772302080.0,65397.0,65398.0,65362.0,65371.0,0.81202654
1772302140.0,65375.0,65394.0,65373.0,65375.0,0.88613803
1772302200.0,65393.0,65405.0,65386.0,65400.0,0.3429347
1772302260.0,65380.0,65380.0,65336.0,65352.0,2.9343246
1772302320.0,65363.0,65373.0,65345.0,65368.0,0.33978795
1772302380.0,65362.0,65362.0,65304.0,65304.0,0.49761446
1772302440.0,65285.0,65299.0,65284.0,65284.0,0.32461681
1772302500.0,65293.0,65342.0,65293.0,65310.0,2.40203437
1772302560.0,65306.0,65306.0,65266.0,65270.0,1.56800591
1772302620.0,65269.0,65279.0,65266.0,65272.0,1.14423464
1772302680.0,65270.0,65293.0,65270.0,65282.0,0.09475485
1772302740.0,65282.0,65348.0,65282.0,65347.0,2.89278879
1772302800.0,65347.0,65361.0,65305.0,65305.0,5.32597622
1772302860.0,65306.0,65313.0,65236.0,65237.0,2.4170225
1772302920.0,65237.0,65266.0,65234.0,65234.0,0.28622637
1772302980.0,65228.0,65240.0,65202.0,65202.0,0.22795429
1772303040.0,65209.0,65230.0,65194.0,65221.0,2.73605552
1772303100.0,65210.0,65250.0,65195.0,65250.0,1.45587226
1772303160.0,65244.0,65244.0,65214.0,65215.0,0.86336776
1772303220.0,65214.0,65250.0,65214.0,65250.0,0.84342483
1772303280.0,65250.0,65250.0,65236.0,65237.0,0.00441111
1772303340.0,65237.0,65249.0,65199.0,65199.0,0.56316795
1772303400.0,65200.0,65277.0,65200.0,65277.0,8.80071741
1772303460.0,65311.0,65432.0,65309.0,65381.0,9.23503896
1772303520.0,65375.0,65454.0,65361.0,65424.0,1.39557307
1772303580.0,65400.0,65403.0,65392.0,65400.0,1.36406164
1772303640.0,65391.0,65453.0,65379.0,65453.0,2.20514945
1772303700.0,65453.0,65497.0,65453.0,65497.0,1.39422773
1772303760.0,65497.0,65560.0,65480.0,65559.0,3.15844787
1772303820.0,65560.0,65812.0,65560.0,65789.0,46.35983999
1772303880.0,65760.0,65763.0,65694.0,65705.0,8.97495928
1772303940.0,65704.0,65720.0,65660.0,65720.0,6.02556899
1772304000.0,65727.0,65756.0,65698.0,65756.0,2.66627363
1772304060.0,65728.0,65772.0,65705.0,65725.0,3.91098067
1772304120.0,65725.0,65744.0,65636.0,65645.0,3.44779359
1772304180.0,65643.0,65659.0,65634.0,65656.0,1.63782508
1772304240.0,65657.0,65669.0,65650.0,65669.0,4.90336792
1772304300.0,65675.0,65688.0,65637.0,65656.0,2.14103712
1772304360.0,65677.0,65773.0,65677.0,65768.0,3.82154202
1772304420.0,65744.0,65744.0,65651.0,65713.0,3.60744586
1772304480.0,65721.0,65739.0,65712.0,65730.0,1.93564981
1772304540.0,65729.0,65739.0,65712.0,65713.0,0.80428969
1772304600.0,65729.0,65802.0,65714.0,65760.0,3.47351713
1772304660.0,65750.0,65758.0,65706.0,65707.0,1.39194408
1772304720.0,65708.0,65747.0,65708.0,65730.0,0.74587009
1772304780.0,65731.0,65899.0,65731.0,65888.0,19.22037139
1772304840.0,65899.0,65978.0,65899.0,65978.0,15.16742209
1772304900.0,65978.0,66160.0,65978.0,66076.0,22.39900104
1772304960.0,66075.0,66120.0,66012.0,66019.0,7.83192742
1772305020.0,66028.0,66028.0,65927.0,65927.0,3.49027461
1772305080.0,65920.0,65920.0,65853.0,65882.0,2.48250802
1772305140.0,65880.0,65924.0,65869.0,65915.0,0.9897526
1772305200.0,65914.0,65954.0,65854.0,65854.0,4.23330334
1772305260.0,65852.0,65915.0,65852.0,65902.0,0.8389292
1772305320.0,65872.0,65892.0,65826.0,65839.0,3.81907578
1772305380.0,65841.0,65842.0,65823.0,65823.0,0.74716821
1772305440.0,65823.0,65823.0,65768.0,65773.0,2.69578124
1772305500.0,65795.0,65797.0,65688.0,65738.0,4.05971798
1772305560.0,65738.0,65738.0,65665.0,65673.0,0.82391956
1772305620.0,65680.0,65727.0,65677.0,65720.0,3.40717036
1772305680.0,65739.0,65758.0,65738.0,65738.0,0.78580011
1772305740.0,65736.0,65740.0,65681.0,65684.0,2.69380803
1772305800.0,65658.0,65693.0,65633.0,65672.0,46.77678965
1772305860.0,65673.0,65695.0,65673.0,65683.0,5.90771435
1772305920.0,65689.0,65825.0,65689.0,65804.0,26.45640713
1772305980.0,65802.0,65876.0,65790.0,65830.0,7.61062916
1772306040.0,65814.0,65821.0,65763.0,65764.0,3.16246818
1772306100.0,65761.0,65794.0,65751.0,65751.0,0.25149954
1772306160.0,65745.0,65804.0,65745.0,65771.0,5.89205994
1772306220.0,65776.0,65824.0,65776.0,65816.0,0.88485693
1772306280.0,65816.0,65823.0,65787.0,65787.0,12.82669784
1772306340.0,65789.0,65789.0,65681.0,65686.0,3.2088345
1772306400.0,65695.0,65714.0,65684.0,65692.0,1.42701654
1772306460.0,65681.0,65713.0,65681.0,65713.0,0.44865746
1772306520.0,65712.0,65716.0,65672.0,65672.0,1.13835964
1772306580.0,65672.0,65709.0,65669.0,65709.0,0.74994948
1772306640.0,65721.0,65721.0,65678.0,65686.0,0.65352472
1772306700.0,65686.0,65696.0,65683.0,65686.0,0.61655932
1772306760.0,65700.0,65751.0,65700.0,65739.0,0.96643686
1772306820.0,65739.0,65750.0,65715.0,65723.0,1.50608865
1772306880.0,65715.0,65750.0,65682.0,65742.0,10.6585321
1772306940.0,65747.0,65803.0,65747.0,65747.0,4.07529608
1772307000.0,65744.0,65767.0,65729.0,65765.0,3.9287317
1772307060.0,65766.0,66125.0,65750.0,66125.0,28.66250628
1772307120.0,66115.0,66304.0,66114.0,66128.0,77.55719185
1772307180.0,66125.0,66202.0,66122.0,66201.0,12.70043482
1772307240.0,66193.0,66378.0,66193.0,66270.0,13.15396409
1772307300.0,66286.0,66415.0,66213.0,66213.0,19.58774372
1772307360.0,66212.0,66282.0,66186.0,66281.0,6.04503706
1772307420.0,66281.0,66354.0,66281.0,66344.0,5.86853012
1772307480.0,66345.0,66462.0,66343.0,66446.0,10.88636129
1772307540.0,66444.0,66632.0,66443.0,66581.0,16.57231464
1772307600.0,66601.0,66677.0,66480.0,66480.0,37.93021936
1772307660.0,66479.0,66504.0,66265.0,66306.0,9.81534358
1772307720.0,66307.0,66401.0,66307.0,66367.0,2.06252191
1772307780.0,66367.0,66422.0,66361.0,66362.0,5.35252516
1772307840.0,66329.0,66372.0,66311.0,66372.0,1.897768
1772307900.0,66389.0,66447.0,66353.0,66421.0,7.67810442
1772307960.0,66400.0,66481.0,66400.0,66440.0,1.58739674
1772308020.0,66445.0,66460.0,66416.0,66419.0,9.72992353
1772308080.0,66412.0,66467.0,66385.0,66467.0,2.47566037
1772308140.0,66481.0,66567.0,66481.0,66552.0,4.38712047
1772308200.0,66537.0,66647.0,66467.0,66641.0,16.97438445
1772308260.0,66642.0,66642.0,66519.0,66519.0,1.45725192
1772308320.0,66518.0,66533.0,66493.0,66524.0,0.47827964
1772308380.0,66506.0,66517.0,66485.0,66497.0,1.43521085
1772308440.0,66504.0,66508.0,66437.0,66437.0,4.25560834
1772308500.0,66438.0,66460.0,66413.0,66413.0,2.13375305
1772308560.0,66408.0,66418.0,66350.0,66350.0,2.91413759
1772308620.0,66355.0,66355.0,66266.0,66305.0,10.70216675
1772308680.0,66305.0,66328.0,66305.0,66305.0,0.75942635
1772308740.0,66312.0,66391.0,66312.0,66376.0,9.26295625
1772308800.0,66369.0,66369.0,66267.0,66274.0,7.27018133
1772308860.0,66270.0,66287.0,66220.0,66248.0,5.13615698
1772308920.0,66248.0,66281.0,66248.0,66281.0,0.14741972
1772308980.0,66275.0,66275.0,66231.0,66264.0,2.83746251
1772309040.0,66233.0,66251.0,66227.0,66234.0,1.81127666
1772309100.0,66232.0,66306.0,66227.0,66306.0,3.24982864
1772309160.0,66288.0,66331.0,66279.0,66285.0,1.61716895
1772309220.0,66257.0,66280.0,66247.0,66247.0,0.31332371
1772309280.0,66205.0,66253.0,66205.0,66238.0,2.08464891
1772309340.0,66237.0,66350.0,66226.0,66350.0,3.29478756
1772309400.0,66360.0,66425.0,66357.0,66366.0,3.56938028
1772309460.0,66382.0,66478.0,66381.0,66445.0,5.18835809
1772309520.0,66444.0,66466.0,66424.0,66466.0,2.05334316
1772309580.0,66468.0,66615.0,66461.0,66615.0,6.53053783
1772309640.0,66618.0,66633.0,66563.0,66573.0,1.72012458
1772309700.0,66562.0,66585.0,66547.0,66552.0,1.08975755
1772309760.0,66572.0,66615.0,66561.0,66615.0,3.58636382
1772309820.0,66632.0,66734.0,66474.0,66491.0,17.35297937
1772309880.0,66501.0,66541.0,66500.0,66531.0,2.67402819
1772309940.0,66530.0,66598.0,66525.0,66598.0,1.74183451
1772310000.0,66607.0,66899.0,66607.0,66897.0,32.51204631
1772310060.0,66892.0,66971.0,66879.0,66879.0,6.01536309
1772310120.0,66894.0,67001.0,66894.0,66957.0,8.94153895
1772310180.0,66957.0,67003.0,66903.0,66943.0,13.93892335
1772310240.0,66943.0,67015.0,66922.0,66942.0,11.10375437
1772310300.0,66926.0,66980.0,66913.0,66942.0,2.7096638
1772310360.0,66929.0,67039.0,66928.0,66949.0,15.62532811
1772310420.0,66916.0,66916.0,66831.0,66869.0,0.46527302
1772310480.0,66855.0,66862.0,66817.0,66818.0,3.49813075
1772310540.0,66827.0,66827.0,66754.0,66783.0,4.87952129
1772310600.0,66756.0,66807.0,66726.0,66807.0,3.10735267
1772310660.0,66809.0,66917.0,66809.0,66907.0,5.57825963
1772310720.0,66906.0,66906.0,66802.0,66802.0,2.46628861
1772310780.0,66762.0,66762.0,66697.0,66718.0,4.83942063
1772310840.0,66714.0,66755.0,66714.0,66733.0,1.0575584
1772310900.0,66730.0,66730.0,66681.0,66725.0,0.98783169
1772310960.0,66733.0,66786.0,66733.0,66773.0,1.23943332
1772311020.0,66773.0,66783.0,66639.0,66663.0,5.05086223
1772311080.0,66668.0,66687.0,66624.0,66624.0,2.39822696
1772311140.0,66624.0,66726.0,66624.0,66726.0,3.89739778
1772311200.0,66748.0,66818.0,66748.0,66809.0,1.15485974
1772311260.0,66809.0,66863.0,66776.0,66779.0,3.12981726
1772311320.0,66774.0,66793.0,66760.0,66792.0,1.10990998
1772311380.0,66792.0,66792.0,66739.0,66744.0,1.28648683
1772311440.0,66743.0,66797.0,66721.0,66793.0,3.0444351
1772311500.0,66797.0,66813.0,66775.0,66807.0,1.58262498
1772311560.0,66865.0,67003.0,66851.0,66950.0,5.19146637
1772311620.0,66982.0,67152.0,66968.0,67113.0,16.57369838
1772311680.0,67098.0,67098.0,67035.0,67058.0,4.59242365
1772311740.0,67045.0,67109.0,67033.0,67055.0,4.16444161
1772311800.0,67054.0,67054.0,67011.0,67014.0,2.06490299
1772311860.0,67026.0,67050.0,67000.0,67049.0,0.84099896
1772311920.0,67033.0,67074.0,66911.0,66915.0,13.12128359
1772311980.0,66909.0,66989.0,66908.0,66984.0,1.0930424
1772312040.0,66984.0,67026.0,66933.0,66938.0,4.04592603
1772312100.0,66938.0,66951.0,66922.0,66931.0,1.18958775
1772312160.0,66931.0,66934.0,66887.0,66887.0,0.49356565
1772312220.0,66896.0,66913.0,66893.0,66893.0,0.57835135
1772312280.0,66887.0,66920.0,66880.0,66917.0,0.72191075
1772312340.0,66914.0,66969.0,66914.0,66958.0,2.52713793
1772312400.0,66989.0,67001.0,66950.0,66964.0,2.11749721
1772312460.0,66942.0,66942.0,66705.0,66761.0,9.38534323
1772312520.0,66762.0,66762.0,66635.0,66659.0,6.98627469
1772312580.0,66657.0,66657.0,66466.0,66470.0,57.02583245
1772312640.0,66497.0,66561.0,66497.0,66561.0,5.12741687
1772312700.0,66566.0,66577.0,66463.0,66534.0,4.17157224
1772312760.0,66527.0,66584.0,66527.0,66583.0,3.11733518
1772312820.0,66605.0,66634.0,66593.0,66606.0,4.64205774
1772312880.0,66602.0,66602.0,66440.0,66494.0,7.88547035
1772312940.0,66494.0,66494.0,66467.0,66477.0,0.9669563
1772313000.0,66477.0,66493.0,66477.0,66493.0,1.42676413
1772313060.0,66497.0,66509.0,66416.0,66441.0,2.96893695
1772313120.0,66448.0,66471.0,66448.0,66467.0,2.35513578
1772313180.0,66466.0,66632.0,66466.0,66632.0,8.28711396
1772313240.0,66635.0,66635.0,66551.0,66563.0,2.5435106
1772313300.0,66590.0,66590.0,66541.0,66567.0,0.58555514
1772313360.0,66583.0,66586.0,66521.0,66521.0,1.52085664
1772313420.0,66499.0,66510.0,66481.0,66481.0,1.13571946
1772313480.0,66473.0,66505.0,66468.0,66491.0,2.67418202
1772313540.0,66482.0,66483.0,66373.0,66408.0,8.75973746
1772313600.0,66414.0,66496.0,66414.0,66446.0,1.69347073
1772313660.0,66446.0,66488.0,66446.0,66474.0,0.54810658
1772313720.0,66477.0,66522.0,66477.0,66522.0,0.35938002
1772313780.0,66522.0,66553.0,66515.0,66553.0,1.43634051
1772313840.0,66577.0,66593.0,66542.0,66542.0,0.87403266
1772313900.0,66545.0,66565.0,66502.0,66506.0,0.54547618
1772313960.0,66527.0,66527.0,66499.0,66499.0,0.42322333
1772314020.0,66498.0,66503.0,66494.0,66502.0,0.46950356
1772314080.0,66494.0,66494.0,66470.0,66486.0,0.179867
1772314140.0,66472.0,66493.0,66472.0,66486.0,0.03623975
1772314200.0,66476.0,66516.0,66476.0,66491.0,0.42012955
1772314260.0,66472.0,66507.0,66472.0,66507.0,0.28358492
1772314320.0,66506.0,66506.0,66445.0,66445.0,0.45167894
1772314380.0,66415.0,66514.0,66415.0,66514.0,1.01061195
1772314440.0,66520.0,66553.0,66498.0,66503.0,0.83532687
1772314500.0,66510.0,66563.0,66510.0,66563.0,0.84711809
1772314560.0,66582.0,66635.0,66582.0,66606.0,2.18754247
1772314620.0,66579.0,66821.0,66574.0,66747.0,15.24372836
1772314680.0,66759.0,67019.0,66759.0,66864.0,29.43839829
1772314740.0,66860.0,66860.0,66769.0,66818.0,9.06550773
1772314800.0,66822.0,66822.0,66775.0,66783.0,0.87001966
1772314860.0,66773.0,66835.0,66766.0,66816.0,10.31157993
1772314920.0,66815.0,66863.0,66805.0,66863.0,2.31684646
1772314980.0,66863.0,66868.0,66833.0,66868.0,1.47155257
1772315040.0,66853.0,66864.0,66833.0,66864.0,1.32968291
1772315100.0,66848.0,66942.0,66848.0,66942.0,2.70715351
1772315160.0,66903.0,66918.0,66858.0,66908.0,1.99943629
1772315220.0,66907.0,66907.0,66796.0,66796.0,0.17505502
1772315280.0,66816.0,66849.0,66816.0,66830.0,0.92691024
1772315340.0,66783.0,66783.0,66741.0,66767.0,2.49114828
1772315400.0,66768.0,66768.0,66705.0,66716.0,4.94243729
1772315460.0,66718.0,66729.0,66610.0,66624.0,2.17563925
1772315520.0,66604.0,66617.0,66542.0,66542.0,2.22774222
1772315580.0,66545.0,66592.0,66545.0,66576.0,1.00460485
1772315640.0,66579.0,66615.0,66579.0,66615.0,0.43876562
1772315700.0,66613.0,66628.0,66571.0,66585.0,1.10320799
1772315760.0,66592.0,66709.0,66592.0,66704.0,4.24009239
1772315820.0,66693.0,66774.0,66693.0,66773.0,1.00963129
1772315880.0,66757.0,66765.0,66742.0,66755.0,2.64014474
1772315940.0,66755.0,66755.0,66712.0,66723.0,0.46734147
1772316000.0,66723.0,66803.0,66723.0,66785.0,1.01263192
1772316060.0,66808.0,66808.0,66621.0,66625.0,4.17315356
1772316120.0,66625.0,66718.0,66625.0,66689.0,1.30498459
1772316180.0,66701.0,66836.0,66701.0,66836.0,4.75870695
1772316240.0,66863.0,66877.0,66814.0,66869.0,7.95317139
1772316300.0,66864.0,66893.0,66846.0,66887.0,2.10335309
1772316360.0,66886.0,66886.0,66828.0,66828.0,0.78079376
1772316420.0,66828.0,66836.0,66826.0,66826.0,0.34161484
1772316480.0,66816.0,66838.0,66799.0,66805.0,2.416786
1772316540.0,66807.0,66836.0,66798.0,66836.0,2.93539954
1772316600.0,66833.0,66864.0,66818.0,66844.0,0.89076206
1772316660.0,66843.0,66897.0,66819.0,66872.0,2.03353088
1772316720.0,66877.0,66987.0,66877.0,66937.0,6.64270806
1772316780.0,66925.0,66944.0,66877.0,66877.0,4.08287547
1772316840.0,66904.0,66932.0,66895.0,66932.0,0.66250398
1772316900.0,66939.0,66948.0,66915.0,66941.0,0.83125057
1772316960.0,66922.0,66950.0,66895.0,66950.0,0.57274279
1772317020.0,66960.0,66986.0,66926.0,66945.0,0.78525454
1772317080.0,66964.0,66970.0,66959.0,66970.0,5.61680571
1772317140.0,66970.0,66991.0,66943.0,66968.0,3.07327349
1772317200.0,66967.0,66993.0,66958.0,66993.0,0.72205356
1772317260.0,66985.0,67008.0,66972.0,66972.0,0.11493393
1772317320.0,66993.0,67123.0,66993.0,67083.0,58.23438941
1772317380.0,67082.0,67082.0,67030.0,67078.0,12.30289701
1772317440.0,67082.0,67085.0,67044.0,67044.0,1.75739694
1772317500.0,67039.0,67039.0,67002.0,67022.0,4.91551762
1772317560.0,67024.0,67040.0,67019.0,67040.0,1.74102437
1772317620.0,67051.0,67080.0,67051.0,67080.0,1.22517829
1772317680.0,67097.0,67097.0,67007.0,67007.0,3.73199837
1772317740.0,66997.0,67005.0,66990.0,67000.0,3.01363088
1772317800.0,67012.0,67012.0,66969.0,66979.0,1.10467192
1772317860.0,66979.0,67044.0,66979.0,67044.0,0.80310693
1772317920.0,67055.0,67128.0,67037.0,67128.0,0.46171781
1772317980.0,67128.0,67265.0,67128.0,67181.0,21.39858219
1772318040.0,67182.0,67306.0,67178.0,67266.0,10.14253918
1772318100.0,67268.0,67474.0,67268.0,67474.0,20.39300578
1772318160.0,67475.0,67732.0,67445.0,67732.0,33.13902545
1772318220.0,67732.0,67743.0,67482.0,67611.0,12.41418336
1772318280.0,67614.0,67644.0,67473.0,67577.0,14.30478853
1772318340.0,67590.0,67618.0,67522.0,67532.0,3.03622268
1772318400.0,67515.0,67515.0,67302.0,67303.0,7.20284569
1772318460.0,67311.0,67330.0,67209.0,67295.0,27.10293017
1772318520.0,67303.0,67357.0,67281.0,67344.0,3.47636156
1772318580.0,67342.0,67402.0,67281.0,67392.0,0.45760038
1772318640.0,67378.0,67407.0,67341.0,67344.0,2.10372686
1772318700.0,67339.0,67355.0,67304.0,67355.0,1.8144831
1772318760.0,67377.0,67477.0,67377.0,67442.0,3.55678874
1772318820.0,67456.0,67613.0,67456.0,67613.0,12.67599545
1772318880.0,67612.0,67612.0,67463.0,67512.0,2.06607437
1772318940.0,67461.0,67548.0,67461.0,67511.0,0.55740803
1772319000.0,67484.0,67484.0,67350.0,67350.0,1.8597351
1772319060.0,67345.0,67369.0,67298.0,67319.0,4.18503923
1772319120.0,67304.0,67304.0,67207.0,67229.0,1.35579554
1772319180.0,67232.0,67318.0,67232.0,67251.0,2.96613727
1772319240.0,67268.0,67283.0,67244.0,67277.0,0.82462923
1772319300.0,67278.0,67278.0,67167.0,67167.0,2.04785868
1772319360.0,67160.0,67276.0,67121.0,67276.0,4.46836794
1772319420.0,67278.0,67300.0,67266.0,67292.0,1.44947474
1772319480.0,67297.0,67317.0,67142.0,67170.0,2.32373268
1772319540.0,67167.0,67201.0,67104.0,67116.0,2.75788236
1772319600.0,67106.0,67178.0,67099.0,67146.0,1.23688694
1772319660.0,67146.0,67168.0,67102.0,67164.0,1.43005457
1772319720.0,67159.0,67172.0,67129.0,67130.0,1.12974858
1772319780.0,67130.0,67135.0,67080.0,67081.0,0.53538648
1772319840.0,67081.0,67117.0,67081.0,67116.0,0.91378288
1772319900.0,67117.0,67153.0,67117.0,67136.0,0.98316487
1772319960.0,67136.0,67151.0,67136.0,67145.0,0.2692836
1772320020.0,67155.0,67184.0,67154.0,67184.0,1.58700894
1772320080.0,67184.0,67198.0,67172.0,67190.0,0.50662161
1772320140.0,67190.0,67206.0,67190.0,67199.0,0.50234572
1772320200.0,67199.0,67217.0,67170.0,67188.0,1.61836403
1772320260.0,67188.0,67188.0,67155.0,67166.0,0.61177335
1772320320.0,67166.0,67172.0,67145.0,67145.0,0.8861782
1772320380.0,67145.0,67145.0,67040.0,67040.0,41.84796858
1772320440.0,67040.0,67041.0,66886.0,66970.0,18.10221284
1772320500.0,66977.0,67019.0,66977.0,67000.0,1.90643823
1772320560.0,66997.0,67036.0,66996.0,67005.0,7.24701345
1772320620.0,67008.0,67019.0,66940.0,66940.0,1.83937051
1772320680.0,66940.0,66940.0,66920.0,66920.0,1.43054666
1772320740.0,66920.0,66994.0,66920.0,66993.0,1.00859159
1772320800.0,66993.0,67061.0,66993.0,67061.0,1.40148332
1772320860.0,67062.0,67062.0,67032.0,67039.0,0.30504635
1772320920.0,67020.0,67043.0,67019.0,67019.0,0.44915307
1772320980.0,67023.0,67047.0,67023.0,67044.0,0.35251336
1772321040.0,66983.0,66997.0,66983.0,66997.0,0.01424511
1772321100.0,66996.0,66996.0,66927.0,66927.0,0.10899042
1772321160.0,66922.0,66937.0,66869.0,66917.0,3.40106352
1772321220.0,66914.0,66926.0,66906.0,66906.0,1.66307014
1772321280.0,66911.0,66925.0,66899.0,66903.0,1.34799421
1772321340.0,66903.0,66924.0,66901.0,66903.0,0.95258947
1772321400.0,66903.0,66944.0,66902.0,66944.0,0.29338127
1772321460.0,66944.0,66993.0,66924.0,66991.0,1.43715199
1772321520.0,66991.0,67022.0,66972.0,66973.0,1.45495491
1772321580.0,66973.0,66987.0,66966.0,66968.0,1.14467416
1772321640.0,66954.0,66954.0,66896.0,66896.0,0.61653938
1772321700.0,66896.0,66911.0,66846.0,66911.0,1.6266461
1772321760.0,66904.0,66973.0,66904.0,66947.0,3.56911672
1772321820.0,66947.0,66947.0,66904.0,66906.0,2.67316137
1772321880.0,66906.0,66906.0,66815.0,66815.0,0.24904138
1772321940.0,66815.0,66820.0,66759.0,66782.0,16.69117822
1772322000.0,66782.0,66828.0,66782.0,66803.0,1.10376705
1772322060.0,66803.0,66835.0,66803.0,66835.0,1.37567399
1772322120.0,66835.0,66878.0,66835.0,66875.0,1.00649415
1772322180.0,66878.0,66915.0,66877.0,66915.0,2.39935287
1772322240.0,66922.0,66922.0,66886.0,66893.0,1.08318442
1772322300.0,66893.0,67010.0,66893.0,66996.0,9.17089438
1772322360.0,66995.0,67030.0,66991.0,67004.0,1.33661316
1772322420.0,67006.0,67047.0,66995.0,67016.0,10.53366849
1772322480.0,66995.0,67016.0,66993.0,67010.0,0.416846
1772322540.0,67011.0,67044.0,67011.0,67042.0,0.63602984
1772322600.0,67042.0,67042.0,67001.0,67001.0,1.3185176
1772322660.0,66998.0,66998.0,66980.0,66988.0,2.49894611
1772322720.0,66988.0,67022.0,66988.0,67022.0,2.06341294
1772322780.0,67025.0,67052.0,67025.0,67049.0,0.26967213
1772322840.0,67052.0,67052.0,66980.0,66989.0,1.41403326
1772322900.0,66991.0,66991.0,66975.0,66978.0,1.34425375
1772322960.0,66959.0,66970.0,66959.0,66969.0,0.13413463
1772323020.0,66969.0,66983.0,66969.0,66979.0,0.04010577
1772323080.0,66979.0,67019.0,66979.0,67004.0,0.65713093
1772323140.0,67001.0,67001.0,66985.0,66985.0,0.49164911
1772323200.0,66982.0,67038.0,66982.0,67002.0,2.53391756
1772323260.0,67002.0,67007.0,66974.0,67002.0,0.39092694
1772323320.0,66962.0,67018.0,66962.0,66990.0,1.79839764
1772323380.0,66981.0,67048.0,66978.0,67042.0,4.00807379
1772323440.0,67043.0,67113.0,67043.0,67046.0,5.86989916
1772323500.0,67046.0,67050.0,67022.0,67036.0,1.15444278
1772323560.0,67046.0,67046.0,66901.0,66912.0,0.59980465
1772323620.0,66920.0,66960.0,66920.0,66935.0,3.71896434
1772323680.0,66910.0,66910.0,66858.0,66870.0,0.71043217
1772323740.0,66872.0,66872.0,66819.0,66834.0,0.973178
1772323800.0,66838.0,66864.0,66838.0,66852.0,0.98910488
1772323860.0,66851.0,66902.0,66851.0,66901.0,0.92766863
1772323920.0,66891.0,66895.0,66878.0,66878.0,0.96726535
1772323980.0,66890.0,66890.0,66853.0,66853.0,0.17545999
1772324040.0,66857.0,66907.0,66857.0,66907.0,0.86744458
1772324100.0,66923.0,66937.0,66923.0,66931.0,2.06248634
1772324160.0,66931.0,66942.0,66905.0,66905.0,0.94929175
1772324220.0,66916.0,66919.0,66915.0,66917.0,0.07169896
1772324280.0,66921.0,66937.0,66896.0,66896.0,2.1455012
1772324340.0,66899.0,66899.0,66859.0,66872.0,1.17082478
1772324400.0,66873.0,66906.0,66873.0,66905.0,0.60585436
1772324460.0,66920.0,66942.0,66920.0,66941.0,0.04247968
1772324520.0,66935.0,66940.0,66935.0,66940.0,0.21649267
1772324580.0,66946.0,67036.0,66946.0,67024.0,2.78137225
1772324640.0,67022.0,67022.0,66968.0,66970.0,0.86968025
1772324700.0,66960.0,66966.0,66848.0,66848.0,1.75367304
1772324760.0,66845.0,66862.0,66837.0,66862.0,1.3765041
1772324820.0,66861.0,66861.0,66799.0,66799.0,0.89845409
1772324880.0,66798.0,66836.0,66777.0,66836.0,2.61501821
1772324940.0,66829.0,66829.0,66809.0,66809.0,1.407219
1772325000.0,66801.0,66822.0,66801.0,66810.0,1.62849408
1772325060.0,66810.0,66838.0,66809.0,66838.0,1.34944642
1772325120.0,66820.0,66821.0,66732.0,66740.0,6.32861514
1772325180.0,66745.0,66747.0,66727.0,66736.0,0.54642978
1772325240.0,66733.0,66753.0,66728.0,66728.0,2.22590445
1772325300.0,66728.0,66795.0,66728.0,66767.0,3.52543425
1772325360.0,66767.0,66795.0,66767.0,66795.0,0.83769103
1772325420.0,66813.0,66824.0,66791.0,66791.0,1.46571738
1772325480.0,66785.0,66801.0,66784.0,66801.0,0.76813701
1772325540.0,66801.0,66801.0,66756.0,66756.0,1.94204389
1772325600.0,66757.0,66773.0,66756.0,66762.0,0.45467109
1772325660.0,66763.0,66763.0,66672.0,66672.0,7.81242434
1772325720.0,66672.0,66700.0,66655.0,66655.0,3.27402403
1772325780.0,66656.0,66677.0,66631.0,66669.0,5.03239289
1772325840.0,66669.0,66674.0,66656.0,66656.0,0.34395763
1772325900.0,66656.0,66734.0,66656.0,66724.0,2.72197677
1772325960.0,66730.0,66785.0,66729.0,66747.0,1.93836498
1772326020.0,66739.0,66739.0,66668.0,66699.0,1.29011443
1772326080.0,66702.0,66707.0,66689.0,66689.0,0.521816
1772326140.0,66680.0,66710.0,66679.0,66710.0,0.91816852
1772326200.0,66718.0,66755.0,66709.0,66750.0,0.91152855
1772326260.0,66753.0,66772.0,66731.0,66741.0,2.35873597
1772326320.0,66753.0,66785.0,66753.0,66781.0,0.63234236
1772326380.0,66784.0,66844.0,66784.0,66824.0,1.78975423
1772326440.0,66823.0,66872.0,66821.0,66869.0,1.77149625
1772326500.0,66862.0,66862.0,66854.0,66857.0,0.52344711
1772326560.0,66859.0,66883.0,66836.0,66837.0,3.73412174
1772326620.0,66837.0,66847.0,66837.0,66847.0,1.10452006
1772326680.0,66846.0,66846.0,66829.0,66836.0,0.78250741
1772326740.0,66806.0,66821.0,66797.0,66821.0,0.59069821
1772326800.0,66770.0,66770.0,66643.0,66644.0,4.24226999
1772326860.0,66637.0,66676.0,66637.0,66676.0,1.24230516
1772326920.0,66678.0,66774.0,66678.0,66759.0,1.44476816
1772326980.0,66741.0,66741.0,66667.0,66673.0,2.87650423
1772327040.0,66694.0,66702.0,66615.0,66615.0,1.3805903
1772327100.0,66616.0,66654.0,66616.0,66623.0,1.85725298
1772327160.0,66636.0,66641.0,66636.0,66641.0,0.01102426
1772327220.0,66662.0,66672.0,66615.0,66625.0,2.30177805
1772327280.0,66617.0,66617.0,66575.0,66576.0,6.2762534
1772327340.0,66576.0,66576.0,66472.0,66472.0,7.9903219
1772327400.0,66473.0,66541.0,66473.0,66541.0,2.31639749
1772327460.0,66515.0,66515.0,66201.0,66244.0,43.36820848
1772327520.0,66249.0,66285.0,66229.0,66257.0,6.54475017
1772327580.0,66282.0,66328.0,66282.0,66294.0,3.45770723
1772327640.0,66281.0,66322.0,66281.0,66314.0,2.02471964
1772327700.0,66311.0,66319.0,66215.0,66215.0,2.23337067
1772327760.0,66214.0,66254.0,66144.0,66156.0,6.51378466
1772327820.0,66143.0,66196.0,66086.0,66118.0,4.58953539
1772327880.0,66086.0,66173.0,66086.0,66173.0,1.61652646
1772327940.0,66176.0,66200.0,66175.0,66200.0,1.32881806
1772328000.0,66218.0,66299.0,66218.0,66297.0,1.58347199
1772328060.0,66294.0,66322.0,66256.0,66321.0,0.96950876
1772328120.0,66321.0,66362.0,66309.0,66362.0,0.7159869
1772328180.0,66380.0,66380.0,66325.0,66325.0,0.67323616
1772328240.0,66325.0,66460.0,66325.0,66434.0,3.34849717
1772328300.0,66421.0,66453.0,66402.0,66429.0,0.74534166
1772328360.0,66412.0,66427.0,66412.0,66415.0,0.329
1772328420.0,66420.0,66420.0,66360.0,66360.0,1.24133052
1772328480.0,66349.0,66361.0,66344.0,66353.0,1.09477541
1772328540.0,66351.0,66370.0,66351.0,66360.0,0.48709254
1772328600.0,66361.0,66361.0,66328.0,66329.0,0.34496219
1772328660.0,66321.0,66353.0,66303.0,66353.0,3.79255261
1772328720.0,66353.0,66426.0,66353.0,66419.0,1.75444222
1772328780.0,66407.0,66520.0,66407.0,66520.0,2.32194521
1772328840.0,66538.0,66588.0,66538.0,66545.0,1.46666601
1772328900.0,66570.0,66585.0,66560.0,66582.0,0.32353891
1772328960.0,66585.0,66611.0,66578.0,66611.0,1.52017717
1772329020.0,66612.0,66774.0,66612.0,66749.0,4.6257145
1772329080.0,66747.0,66755.0,66641.0,66656.0,1.87954175
1772329140.0,66627.0,66667.0,66627.0,66667.0,1.2869388
1772329200.0,66658.0,66707.0,66658.0,66676.0,10.44737063
1772329260.0,66686.0,66719.0,66686.0,66719.0,0.95758594
1772329320.0,66711.0,66748.0,66711.0,66721.0,1.10884557
1772329380.0,66718.0,66718.0,66638.0,66672.0,1.40032405
1772329440.0,66665.0,66669.0,66645.0,66649.0,0.31111824
1772329500.0,66632.0,66739.0,66631.0,66739.0,0.87663462
1772329560.0,66734.0,66734.0,66713.0,66725.0,1.11799401
1772329620.0,66775.0,66852.0,66754.0,66852.0,46.47370298
1772329680.0,66855.0,67065.0,66855.0,67065.0,17.27277309
1772329740.0,67065.0,67326.0,67008.0,67326.0,49.78037881
1772329800.0,67326.0,67670.0,67288.0,67550.0,81.94919015
1772329860.0,67543.0,67543.0,67389.0,67432.0,13.72578626
1772329920.0,67402.0,67522.0,67332.0,67481.0,8.06524122
1772329980.0,67464.0,67702.0,67435.0,67435.0,8.10028875
1772330040.0,67448.0,67489.0,67338.0,67363.0,5.42343426
1772330100.0,67362.0,67362.0,67233.0,67281.0,2.90252988
1772330160.0,67290.0,67299.0,67222.0,67263.0,1.71437777
1772330220.0,67262.0,67315.0,67242.0,67272.0,2.55093702
1772330280.0,67265.0,67265.0,67201.0,67209.0,1.95452372
1772330340.0,67212.0,67353.0,67212.0,67353.0,2.02641513
1772330400.0,67370.0,67696.0,67338.0,67682.0,34.644496
1772330460.0,67667.0,67924.0,67662.0,67889.0,26.49760802
1772330520.0,67888.0,68004.0,67831.0,67954.0,26.22849703
1772330580.0,67950.0,68201.0,67950.0,68177.0,41.25834301
1772330640.0,68177.0,68178.0,67987.0,68018.0,10.29729859
1772330700.0,68017.0,68097.0,67988.0,68078.0,17.57358823
1772330760.0,68071.0,68091.0,67961.0,68078.0,14.0279979
1772330820.0,68068.0,68102.0,68014.0,68056.0,7.35110133
1772330880.0,68069.0,68069.0,67747.0,67747.0,15.14022418
1772330940.0,67758.0,67825.0,67691.0,67771.0,16.03187548
1772331000.0,67782.0,67854.0,67724.0,67804.0,9.45909265
1772331060.0,67823.0,67919.0,67823.0,67826.0,6.97426789
1772331120.0,67821.0,67982.0,67821.0,67982.0,5.18807351
1772331180.0,67979.0,67979.0,67883.0,67893.0,1.45381002
1772331240.0,67902.0,67902.0,67787.0,67873.0,5.3871963
1772331300.0,67873.0,68088.0,67851.0,67863.0,7.410223
1772331360.0,67871.0,67871.0,67757.0,67762.0,2.84093379
1772331420.0,67766.0,67801.0,67740.0,67759.0,3.14325972
1772331480.0,67775.0,67831.0,67764.0,67831.0,3.24786031
1772331540.0,67848.0,67876.0,67759.0,67783.0,3.81642392
1772331600.0,67789.0,67802.0,67678.0,67728.0,4.48743465
1772331660.0,67729.0,67746.0,67670.0,67746.0,4.70689002
1772331720.0,67747.0,67765.0,67677.0,67678.0,7.06319379
1772331780.0,67679.0,67746.0,67661.0,67661.0,4.29170875
1772331840.0,67656.0,67673.0,67635.0,67645.0,2.87491406
1772331900.0,67646.0,67701.0,67641.0,67681.0,2.72997596
1772331960.0,67688.0,67700.0,67655.0,67699.0,2.67572457
1772332020.0,67719.0,67732.0,67667.0,67683.0,1.85856187
1772332080.0,67683.0,67795.0,67683.0,67775.0,9.21659399
1772332140.0,67788.0,67792.0,67767.0,67767.0,5.86260405
1772332200.0,67762.0,67792.0,67753.0,67792.0,5.37343804
1772332260.0,67791.0,67792.0,67754.0,67769.0,2.06419518
1772332320.0,67763.0,67770.0,67670.0,67670.0,34.09494996
1772332380.0,67671.0,67791.0,67671.0,67786.0,27.07426688
1772332440.0,67792.0,67886.0,67792.0,67865.0,32.37941466
1772332500.0,67863.0,67962.0,67863.0,67929.0,17.5274631
1772332560.0,67930.0,67934.0,67868.0,67917.0,34.69054266
1772332620.0,67916.0,67917.0,67828.0,67851.0,14.27534804
1772332680.0,67841.0,67877.0,67837.0,67837.0,3.2048907
1772332740.0,67836.0,67836.0,67810.0,67811.0,2.58787399
1772332800.0,67811.0,67822.0,67789.0,67822.0,1.54542548
1772332860.0,67822.0,67878.0,67778.0,67876.0,4.28456694
1772332920.0,67867.0,68018.0,67867.0,68018.0,9.74681455
1772332980.0,68004.0,68093.0,67994.0,68090.0,4.7484809
1772333040.0,68087.0,68109.0,68044.0,68087.0,9.30119562
1772333100.0,68071.0,68120.0,68052.0,68119.0,3.67146101
1772333160.0,68125.0,68143.0,68047.0,68143.0,4.89031608
1772333220.0,68143.0,68167.0,68099.0,68115.0,6.24630521
1772333280.0,68118.0,68122.0,67795.0,67820.0,13.82331416
1772333340.0,67811.0,67833.0,67741.0,67757.0,7.26271687
1772333400.0,67757.0,67790.0,67734.0,67783.0,3.83954617
1772333460.0,67783.0,67857.0,67783.0,67849.0,3.41698845
1772333520.0,67848.0,67848.0,67769.0,67769.0,1.14482841
1772333580.0,67778.0,67778.0,67777.0,67777.0,0.12012076
1772333640.0,67777.0,67778.0,67729.0,67732.0,0.83233447
1772333700.0,67743.0,67773.0,67656.0,67682.0,7.49454705
1772333760.0,67682.0,67747.0,67682.0,67687.0,1.32788421
1772333820.0,67684.0,67684.0,67650.0,67650.0,1.74147869
1772333880.0,67649.0,67696.0,67625.0,67676.0,3.73686761
1772333940.0,67676.0,67676.0,67621.0,67627.0,1.88452545
1772334000.0,67616.0,67655.0,67616.0,67642.0,0.90949634
1772334060.0,67634.0,67658.0,67626.0,67658.0,0.95789283
1772334120.0,67670.0,67699.0,67670.0,67698.0,0.95940566
1772334180.0,67659.0,67680.0,67647.0,67647.0,0.72724344
1772334240.0,67650.0,67682.0,67634.0,67682.0,1.09339945
1772334300.0,67696.0,67699.0,67641.0,67641.0,0.76137577
1772334360.0,67642.0,67671.0,67642.0,67657.0,0.23848235
1772334420.0,67667.0,67670.0,67650.0,67650.0,0.47429417
1772334480.0,67641.0,67686.0,67641.0,67679.0,1.10474486
1772334540.0,67680.0,67776.0,67680.0,67759.0,3.20366987
1772334600.0,67772.0,67777.0,67755.0,67761.0,1.34424651
1772334660.0,67768.0,67783.0,67768.0,67777.0,0.41049057
1772334720.0,67772.0,67807.0,67769.0,67806.0,5.78733906
1772334780.0,67805.0,67805.0,67698.0,67699.0,2.57645124
1772334840.0,67705.0,67739.0,67705.0,67724.0,1.27219478
1772334900.0,67721.0,67721.0,67650.0,67676.0,1.15128935
1772334960.0,67676.0,67717.0,67676.0,67708.0,0.93998926
1772335020.0,67726.0,67737.0,67724.0,67728.0,0.75884385
1772335080.0,67747.0,67757.0,67734.0,67735.0,1.16167496
1772335140.0,67728.0,67728.0,67681.0,67687.0,0.86728038
1772335200.0,67691.0,67703.0,67612.0,67647.0,2.25273909
1772335260.0,67638.0,67638.0,67605.0,67605.0,18.53892602
1772335320.0,67605.0,67605.0,67488.0,67490.0,34.56156
1772335380.0,67487.0,67487.0,67422.0,67424.0,1.92672444
1772335440.0,67424.0,67472.0,67417.0,67437.0,2.1249397
1772335500.0,67431.0,67480.0,67408.0,67464.0,2.24068116
1772335560.0,67463.0,67486.0,67440.0,67447.0,1.47808575
1772335620.0,67456.0,67571.0,67456.0,67566.0,2.02365701
1772335680.0,67552.0,67594.0,67538.0,67579.0,1.95356449
1772335740.0,67579.0,67584.0,67569.0,67572.0,0.60104806
1772335800.0,67569.0,67569.0,67495.0,67495.0,0.74845248
1772335860.0,67480.0,67511.0,67470.0,67484.0,1.20876619
1772335920.0,67487.0,67510.0,67450.0,67457.0,1.93040054
1772335980.0,67457.0,67541.0,67457.0,67513.0,4.25545234
1772336040.0,67506.0,67506.0,67490.0,67502.0,1.44880915
1772336100.0,67508.0,67543.0,67506.0,67537.0,2.03212505
1772336160.0,67543.0,67586.0,67543.0,67577.0,0.43339698
1772336220.0,67560.0,67564.0,67524.0,67564.0,1.03347798
1772336280.0,67559.0,67559.0,67517.0,67538.0,1.06102422
1772336340.0,67538.0,67545.0,67520.0,67535.0,0.6339614
1772336400.0,67533.0,67548.0,67506.0,67527.0,0.50142365
1772336460.0,67524.0,67591.0,67517.0,67591.0,0.75449322
1772336520.0,67592.0,67601.0,67579.0,67594.0,3.55502795
1772336580.0,67599.0,67628.0,67597.0,67602.0,2.23086593
1772336640.0,67609.0,67657.0,67603.0,67648.0,3.42556604
1772336700.0,67645.0,67695.0,67605.0,67665.0,5.35918797
1772336760.0,67656.0,67656.0,67609.0,67612.0,0.51083576
1772336820.0,67612.0,67616.0,67552.0,67574.0,1.76030881
1772336880.0,67576.0,67636.0,67576.0,67636.0,0.54377826
1772336940.0,67642.0,67675.0,67642.0,67674.0,2.69120438
1772337000.0,67674.0,67674.0,67584.0,67616.0,2.8190285
1772337060.0,67618.0,67679.0,67618.0,67647.0,0.92270435
1772337120.0,67653.0,67668.0,67634.0,67657.0,0.45561653
1772337180.0,67658.0,67676.0,67591.0,67591.0,4.16331639
1772337240.0,67588.0,67588.0,67508.0,67508.0,1.99565343
1772337300.0,67516.0,67563.0,67510.0,67546.0,2.37428348
1772337360.0,67546.0,67557.0,67508.0,67516.0,1.96842573
1772337420.0,67531.0,67531.0,67430.0,67508.0,9.07777537
1772337480.0,67522.0,67522.0,67506.0,67510.0,0.44448433
1772337540.0,67507.0,67517.0,67507.0,67513.0,0.29905248
1772337600.0,67555.0,67585.0,67555.0,67581.0,0.54652643
1772337660.0,67573.0,67611.0,67564.0,67594.0,6.75935283
1772337720.0,67604.0,67611.0,67553.0,67553.0,0.55618525
1772337780.0,67557.0,67557.0,67555.0,67556.0,0.31370213
1772337840.0,67550.0,67553.0,67533.0,67533.0,0.23222218
1772337900.0,67532.0,67532.0,67495.0,67495.0,0.0311421
1772337960.0,67494.0,67508.0,67471.0,67492.0,2.43874474
1772338020.0,67483.0,67483.0,67411.0,67411.0,11.19537714
1772338080.0,67411.0,67411.0,67395.0,67395.0,1.62891202
1772338140.0,67394.0,67402.0,67384.0,67384.0,3.7380648
1772338200.0,67398.0,67405.0,67398.0,67405.0,0.00175974
1772338260.0,67405.0,67405.0,67367.0,67367.0,1.57558986
1772338320.0,67368.0,67399.0,67368.0,67391.0,0.42909224
1772338380.0,67390.0,67429.0,67390.0,67421.0,4.99373459
1772338440.0,67440.0,67440.0,67292.0,67301.0,13.13636024
1772338500.0,67286.0,67343.0,67286.0,67297.0,0.88105614
1772338560.0,67282.0,67282.0,67123.0,67129.0,26.0634065
1772338620.0,67129.0,67163.0,67089.0,67089.0,6.93617396
1772338680.0,67091.0,67118.0,67091.0,67116.0,0.57873209
1772338740.0,67116.0,67193.0,67116.0,67193.0,1.05989456
1772338800.0,67191.0,67234.0,67191.0,67219.0,4.76679564
1772338860.0,67210.0,67234.0,67208.0,67208.0,1.86613256
1772338920.0,67213.0,67213.0,67196.0,67209.0,1.14424026
1772338980.0,67241.0,67274.0,67214.0,67259.0,3.14184205
1772339040.0,67279.0,67301.0,67246.0,67246.0,2.0367874
1772339100.0,67235.0,67235.0,67187.0,67230.0,1.66319415
1772339160.0,67229.0,67297.0,67229.0,67294.0,1.22311636
1772339220.0,67294.0,67308.0,67294.0,67295.0,2.56324271
1772339280.0,67296.0,67317.0,67296.0,67317.0,0.84165473
1772339340.0,67338.0,67338.0,67319.0,67327.0,0.16526237
1772339400.0,67324.0,67324.0,67300.0,67320.0,1.53645842
1772339460.0,67319.0,67319.0,67275.0,67277.0,0.71440332
1772339520.0,67296.0,67306.0,67296.0,67303.0,1.47836901
1772339580.0,67298.0,67305.0,67278.0,67296.0,0.76055357
1772339640.0,67305.0,67347.0,67305.0,67321.0,1.7204312
1772339700.0,67321.0,67344.0,67319.0,67344.0,0.49418549
1772339760.0,67352.0,67369.0,67347.0,67355.0,1.62790532
1772339820.0,67357.0,67400.0,67357.0,67398.0,2.27611542
1772339880.0,67398.0,67398.0,67383.0,67385.0,0.361767
1772339940.0,67379.0,67402.0,67294.0,67294.0,4.98385656
1772340000.0,67293.0,67422.0,67277.0,67419.0,10.61229469
1772340060.0,67415.0,67424.0,67392.0,67424.0,2.18539565
1772340120.0,67421.0,67431.0,67421.0,67431.0,0.09004693
1772340180.0,67431.0,67432.0,67431.0,67432.0,0.07011668
1772340240.0,67411.0,67415.0,67401.0,67401.0,0.09917333
1772340300.0,67401.0,67401.0,67393.0,67393.0,0.420917
1772340360.0,67392.0,67398.0,67392.0,67397.0,0.31905918
1772340420.0,67392.0,67407.0,67392.0,67407.0,0.39239996
1772340480.0,67406.0,67406.0,67395.0,67395.0,0.00670518
1772340540.0,67392.0,67392.0,67354.0,67354.0,0.22223103
1772340600.0,67354.0,67354.0,67331.0,67331.0,0.25488093
1772340660.0,67331.0,67377.0,67331.0,67377.0,0.26953745
1772340720.0,67388.0,67388.0,67351.0,67362.0,1.31179159
1772340780.0,67363.0,67363.0,67344.0,67344.0,0.03904411
1772340840.0,67345.0,67386.0,67345.0,67348.0,1.54554627
1772340900.0,67337.0,67337.0,67305.0,67305.0,1.89863439
1772340960.0,67307.0,67328.0,67307.0,67328.0,0.29596075
1772341020.0,67312.0,67312.0,67294.0,67295.0,1.10647411
1772341080.0,67301.0,67335.0,67299.0,67335.0,0.4011221
1772341140.0,67335.0,67353.0,67329.0,67341.0,0.42199606
1772341200.0,67341.0,67366.0,67341.0,67361.0,0.59439806
1772341260.0,67357.0,67366.0,67357.0,67366.0,0.00152375
1772341320.0,67398.0,67398.0,67361.0,67361.0,2.14940443
1772341380.0,67368.0,67393.0,67368.0,67393.0,1.44988977
1772341440.0,67388.0,67452.0,67345.0,67345.0,2.42194775
1772341500.0,67330.0,67330.0,67282.0,67282.0,0.1579173
1772341560.0,67283.0,67302.0,67282.0,67293.0,0.6105937
1772341620.0,67293.0,67293.0,67231.0,67234.0,0.97834216
1772341680.0,67246.0,67259.0,67205.0,67259.0,1.60979717
1772341740.0,67266.0,67338.0,67266.0,67338.0,2.85886389
1772341800.0,67371.0,67437.0,67371.0,67437.0,1.28188341
1772341860.0,67419.0,67426.0,67410.0,67426.0,0.06515632
1772341920.0,67415.0,67415.0,67387.0,67394.0,9.69266778
1772341980.0,67390.0,67390.0,67384.0,67384.0,0.00820312
1772342040.0,67383.0,67383.0,67321.0,67326.0,1.98661397
1772342100.0,67326.0,67366.0,67326.0,67366.0,1.72430122
1772342160.0,67383.0,67383.0,67367.0,67367.0,0.57549966
1772342220.0,67360.0,67362.0,67350.0,67360.0,0.35834825
1772342280.0,67362.0,67417.0,67362.0,67402.0,4.19489746
1772342340.0,67402.0,67414.0,67402.0,67414.0,0.21141591
1772342400.0,67415.0,67513.0,67415.0,67513.0,1.89303236
1772342460.0,67513.0,67566.0,67506.0,67540.0,2.23431078
1772342520.0,67527.0,67527.0,67490.0,67502.0,0.25679115
1772342580.0,67497.0,67513.0,67494.0,67511.0,0.68690411
1772342640.0,67511.0,67511.0,67492.0,67492.0,0.09217628
1772342700.0,67511.0,67512.0,67511.0,67512.0,0.0392059
1772342760.0,67506.0,67506.0,67503.0,67503.0,0.24343896
1772342820.0,67503.0,67503.0,67503.0,67503.0,0.05555627
1772342880.0,67481.0,67481.0,67470.0,67470.0,0.5534865
1772342940.0,67471.0,67471.0,67459.0,67459.0,0.05296671
1772343000.0,67469.0,67513.0,67469.0,67509.0,0.81170834
1772343060.0,67508.0,67512.0,67495.0,67511.0,0.38565782
1772343120.0,67501.0,67505.0,67501.0,67505.0,0.26154812
1772343180.0,67511.0,67512.0,67502.0,67502.0,0.01485958
1772343240.0,67502.0,67527.0,67502.0,67526.0,1.17870398
1772343300.0,67527.0,67557.0,67527.0,67544.0,0.43865054
1772343360.0,67545.0,67549.0,67536.0,67543.0,0.3398138
1772343420.0,67499.0,67499.0,67483.0,67483.0,0.3972752
1772343480.0,67493.0,67519.0,67493.0,67519.0,2.09379424
1772343540.0,67522.0,67522.0,67521.0,67521.0,0.00201942
1772343600.0,67518.0,67518.0,67487.0,67491.0,0.00433633
1772343660.0,67489.0,67489.0,67489.0,67489.0,0.0346017
1772343720.0,67481.0,67481.0,67468.0,67468.0,0.21162485
1772343780.0,67468.0,67468.0,67448.0,67466.0,0.30909205
1772343840.0,67466.0,67466.0,67382.0,67388.0,2.11405114
1772343900.0,67386.0,67415.0,67376.0,67405.0,1.21054576
1772343960.0,67389.0,67389.0,67371.0,67371.0,0.35624572
1772344020.0,67372.0,67402.0,67362.0,67363.0,3.2392018
1772344080.0,67393.0,67407.0,67393.0,67407.0,0.00083688
1772344140.0,67424.0,67440.0,67424.0,67440.0,0.07816616
1772344200.0,67439.0,67439.0,67406.0,67415.0,0.07386502
1772344260.0,67415.0,67415.0,67409.0,67409.0,0.76496596
1772344320.0,67390.0,67390.0,67350.0,67350.0,0.89376138
1772344380.0,67358.0,67364.0,67357.0,67357.0,0.04220298
1772344440.0,67357.0,67357.0,67291.0,67293.0,2.79373274
1772344500.0,67293.0,67310.0,67293.0,67310.0,1.27376521
1772344560.0,67311.0,67318.0,67311.0,67318.0,0.92239585
1772344620.0,67326.0,67326.0,67317.0,67322.0,0.03186288
1772344680.0,67322.0,67322.0,67322.0,67322.0,0.03699827
1772344740.0,67321.0,67321.0,67300.0,67300.0,0.06195143
1772344800.0,67302.0,67341.0,67302.0,67341.0,0.12180523
1772344860.0,67338.0,67348.0,67299.0,67299.0,0.92618375
1772344920.0,67305.0,67316.0,67305.0,67316.0,0.06380171
1772344980.0,67323.0,67326.0,67296.0,67300.0,0.31712631
1772345040.0,67300.0,67300.0,67233.0,67263.0,3.62268027
1772345100.0,67265.0,67266.0,67168.0,67168.0,9.80515759
1772345160.0,67175.0,67204.0,67112.0,67181.0,7.85178628
1772345220.0,67178.0,67205.0,67135.0,67135.0,0.8930705
1772345280.0,67123.0,67123.0,67096.0,67097.0,1.72320755
1772345340.0,67098.0,67113.0,67094.0,67112.0,6.05806437
1772345400.0,67106.0,67112.0,66951.0,66966.0,18.00281955
1772345460.0,66963.0,67106.0,66932.0,67075.0,18.40502415
1772345520.0,67074.0,67075.0,67021.0,67023.0,2.17929589
1772345580.0,67040.0,67073.0,67040.0,67063.0,0.0164212
1772345640.0,67074.0,67111.0,67074.0,67105.0,0.72562056
1772345700.0,67110.0,67165.0,67102.0,67113.0,0.71240553
1772345760.0,67087.0,67112.0,67061.0,67061.0,3.51470128
1772345820.0,67067.0,67080.0,67030.0,67030.0,1.32114064
1772345880.0,67019.0,67056.0,67014.0,67046.0,0.8098401
1772345940.0,67026.0,67026.0,66977.0,66977.0,1.58534407
1772346000.0,66977.0,67004.0,66970.0,66996.0,0.49462799
1772346060.0,66995.0,67028.0,66990.0,67022.0,1.49349403
1772346120.0,67008.0,67025.0,67008.0,67025.0,0.4157731
1772346180.0,67052.0,67052.0,67034.0,67048.0,0.29406122
1772346240.0,67097.0,67119.0,67094.0,67108.0,0.46227408
1772346300.0,67088.0,67100.0,67088.0,67095.0,0.51578068
1772346360.0,67100.0,67121.0,67100.0,67121.0,0.05587796
1772346420.0,67123.0,67154.0,67123.0,67154.0,0.67351676
1772346480.0,67158.0,67158.0,67145.0,67145.0,0.00593591
1772346540.0,67137.0,67138.0,67055.0,67055.0,1.12111912
1772346600.0,67075.0,67076.0,67063.0,67063.0,0.16517691
1772346660.0,67055.0,67077.0,67055.0,67076.0,0.02886787
1772346720.0,67074.0,67086.0,67066.0,67066.0,0.23083433
1772346780.0,67032.0,67044.0,66911.0,66912.0,0.70868501
1772346840.0,66914.0,66951.0,66903.0,66904.0,3.26784011
1772346900.0,66905.0,66925.0,66905.0,66918.0,0.45377933
1772346960.0,66928.0,66954.0,66928.0,66944.0,0.41227619
1772347020.0,66930.0,66938.0,66855.0,66886.0,8.95313151
1772347080.0,66878.0,66878.0,66855.0,66872.0,1.26624922
1772347140.0,66877.0,66915.0,66877.0,66890.0,0.84681121
1772347200.0,66893.0,66941.0,66868.0,66940.0,1.93658648
1772347260.0,66930.0,66942.0,66928.0,66928.0,0.02544383
1772347320.0,66928.0,66928.0,66824.0,66834.0,6.81233443
1772347380.0,66834.0,66856.0,66807.0,66837.0,1.43853251
1772347440.0,66836.0,66947.0,66832.0,66947.0,3.36677032
1772347500.0,66938.0,66938.0,66893.0,66893.0,0.53417464
1772347560.0,66893.0,66893.0,66829.0,66832.0,3.06425115
1772347620.0,66857.0,66865.0,66848.0,66854.0,0.52845043
1772347680.0,66857.0,66858.0,66831.0,66831.0,0.98691136
1772347740.0,66832.0,66840.0,66807.0,66816.0,0.60145088
1772347800.0,66826.0,66881.0,66826.0,66868.0,0.95218238
1772347860.0,66868.0,66891.0,66868.0,66891.0,0.42507203
1772347920.0,66893.0,66943.0,66893.0,66943.0,0.18317948
1772347980.0,66942.0,66942.0,66910.0,66920.0,0.15238128
1772348040.0,66940.0,66940.0,66932.0,66932.0,0.00441464
1772348100.0,66927.0,66941.0,66927.0,66941.0,0.14579831
1772348160.0,66941.0,66968.0,66941.0,66953.0,0.01517334
1772348220.0,66950.0,66952.0,66934.0,66934.0,0.32591784
1772348280.0,66934.0,66945.0,66934.0,66935.0,0.85680563
1772348340.0,66934.0,66934.0,66932.0,66932.0,0.17780457
1772348400.0,66930.0,66945.0,66926.0,66929.0,0.34244921
1772348460.0,66928.0,66929.0,66913.0,66913.0,0.31003768
1772348520.0,66932.0,66932.0,66913.0,66913.0,0.00812685
1772348580.0,66912.0,66912.0,66864.0,66868.0,0.49450257
1772348640.0,66855.0,66855.0,66824.0,66833.0,0.07219264
1772348700.0,66834.0,66834.0,66801.0,66801.0,0.19527978
1772348760.0,66801.0,66801.0,66800.0,66800.0,0.06803637
1772348820.0,66800.0,66816.0,66800.0,66800.0,0.46593185
1772348880.0,66801.0,66837.0,66801.0,66821.0,0.34960005
1772348940.0,66820.0,66870.0,66820.0,66870.0,4.84618908
1772349000.0,66874.0,66898.0,66874.0,66889.0,0.59297461
1772349060.0,66963.0,67046.0,66963.0,67046.0,1.72759667
1772349120.0,67052.0,67052.0,67005.0,67024.0,3.00632299
1772349180.0,67024.0,67049.0,67024.0,67034.0,0.37567508
1772349240.0,67023.0,67064.0,67018.0,67046.0,0.8073367
1772349300.0,67026.0,67037.0,66994.0,66998.0,0.58458012
1772349360.0,67005.0,67009.0,66969.0,66992.0,0.87365529
1772349420.0,66993.0,67020.0,66991.0,67008.0,2.18522437
1772349480.0,67008.0,67012.0,66996.0,67007.0,0.12033145
1772349540.0,66998.0,67026.0,66998.0,67009.0,0.0426223
1772349600.0,67006.0,67019.0,67006.0,67019.0,0.32911848
1772349660.0,67018.0,67081.0,67007.0,67081.0,1.39208582
1772349720.0,67081.0,67081.0,67069.0,67069.0,0.33060912
1772349780.0,67068.0,67069.0,67051.0,67051.0,0.71594896
1772349840.0,67047.0,67047.0,67001.0,67015.0,0.27695651
1772349900.0,67006.0,67006.0,66980.0,66991.0,0.17684099
1772349960.0,66994.0,67007.0,66967.0,66999.0,0.95027789
1772350020.0,66993.0,66993.0,66978.0,66978.0,0.00762754
1772350080.0,66993.0,67001.0,66992.0,67000.0,0.00391368
1772350140.0,67002.0,67003.0,66999.0,66999.0,0.03711252
1772350200.0,66998.0,66998.0,66970.0,66970.0,1.40898884
1772350260.0,66964.0,66964.0,66922.0,66936.0,1.84867661
1772350320.0,66949.0,66970.0,66949.0,66963.0,0.5772838
1772350380.0,66965.0,66970.0,66950.0,66956.0,0.51305947
1772350440.0,66960.0,67102.0,66960.0,67102.0,2.93193771
1772350500.0,67107.0,67188.0,67107.0,67161.0,8.33152649
1772350560.0,67178.0,67208.0,67155.0,67172.0,34.44978433
1772350620.0,67172.0,67197.0,67143.0,67143.0,2.92987738
1772350680.0,67138.0,67140.0,67123.0,67140.0,0.74298203
1772350740.0,67140.0,67177.0,67139.0,67174.0,0.46724886
1772350800.0,67176.0,67217.0,67156.0,67202.0,4.88284462
1772350860.0,67196.0,67225.0,67158.0,67158.0,5.29949214
1772350920.0,67148.0,67154.0,67120.0,67120.0,1.20557287
1772350980.0,67120.0,67131.0,67093.0,67093.0,3.65022772
1772351040.0,67092.0,67107.0,67092.0,67107.0,0.51552311
1772351100.0,67106.0,67136.0,67099.0,67136.0,1.3473995
1772351160.0,67143.0,67164.0,67129.0,67129.0,1.97031299
1772351220.0,67128.0,67130.0,67115.0,67115.0,3.11898323
1772351280.0,67115.0,67115.0,67100.0,67102.0,0.71949792
1772351340.0,67099.0,67099.0,67092.0,67093.0,0.16032199
1772351400.0,67093.0,67138.0,67093.0,67129.0,0.92392641
1772351460.0,67126.0,67171.0,67126.0,67163.0,1.56129374
1772351520.0,67161.0,67163.0,67124.0,67124.0,0.81344756
1772351580.0,67126.0,67127.0,67103.0,67111.0,1.9597753
1772351640.0,67118.0,67123.0,67117.0,67117.0,0.58635794
1772351700.0,67127.0,67141.0,67119.0,67141.0,0.48180169
1772351760.0,67142.0,67142.0,67123.0,67123.0,0.03047054
1772351820.0,67124.0,67125.0,67111.0,67113.0,0.14566165
1772351880.0,67112.0,67119.0,67112.0,67119.0,0.30896592
1772351940.0,67119.0,67138.0,67119.0,67136.0,0.07892516
1772352000.0,67146.0,67170.0,67136.0,67159.0,0.73466311
1772352060.0,67146.0,67157.0,67139.0,67155.0,0.76288067
1772352120.0,67142.0,67148.0,67130.0,67131.0,0.15430252
1772352180.0,67131.0,67131.0,67024.0,67024.0,2.73505411
1772352240.0,67033.0,67049.0,66963.0,66968.0,1.56523948
1772352300.0,66969.0,66969.0,66920.0,66920.0,0.79008183
1772352360.0,66921.0,66975.0,66921.0,66975.0,0.03805874
1772352420.0,66982.0,67041.0,66982.0,66992.0,1.23379047
1772352480.0,66997.0,67131.0,66997.0,67129.0,3.80780838
1772352540.0,67128.0,67141.0,67102.0,67133.0,1.14389299
1772352600.0,67133.0,67133.0,67123.0,67132.0,0.02202746
1772352660.0,67162.0,67279.0,67162.0,67245.0,5.81795393
1772352720.0,67260.0,67260.0,67227.0,67234.0,0.48100848
1772352780.0,67234.0,67275.0,67234.0,67273.0,0.8070824
1772352840.0,67273.0,67273.0,67242.0,67256.0,0.38856435
1772352900.0,67268.0,67274.0,67233.0,67242.0,0.45254196
1772352960.0,67237.0,67237.0,67225.0,67225.0,0.00078902
1772353020.0,67208.0,67256.0,67203.0,67240.0,1.14592723
1772353080.0,67240.0,67259.0,67240.0,67259.0,0.3821478
1772353140.0,67259.0,67259.0,67241.0,67241.0,0.01106207
1772353200.0,67213.0,67213.0,67139.0,67142.0,0.72245234
1772353260.0,67157.0,67157.0,67128.0,67144.0,0.61323535
1772353320.0,67155.0,67202.0,67155.0,67201.0,0.83930686
1772353380.0,67211.0,67255.0,67210.0,67255.0,0.28745728
1772353440.0,67267.0,67289.0,67267.0,67287.0,1.33211562
1772353500.0,67269.0,67278.0,67268.0,67268.0,2.65939497
1772353560.0,67258.0,67274.0,67249.0,67272.0,0.30911337
1772353620.0,67273.0,67289.0,67273.0,67278.0,1.07095124
1772353680.0,67277.0,67277.0,67216.0,67225.0,0.38090046
1772353740.0,67224.0,67227.0,67224.0,67227.0,0.03490893
1772353800.0,67233.0,67249.0,67218.0,67230.0,3.1417771
1772353860.0,67218.0,67218.0,67215.0,67215.0,0.04492486
1772353920.0,67209.0,67221.0,67207.0,67207.0,0.03800962
1772353980.0,67175.0,67192.0,67153.0,67191.0,0.31735025
1772354040.0,67190.0,67190.0,67147.0,67174.0,0.02805739
1772354100.0,67178.0,67199.0,67167.0,67168.0,0.32044694
1772354160.0,67168.0,67179.0,67154.0,67177.0,1.80330918
1772354220.0,67167.0,67167.0,67147.0,67158.0,0.08915017
1772354280.0,67171.0,67212.0,67171.0,67212.0,0.50738108
1772354340.0,67220.0,67225.0,67213.0,67225.0,0.02750954
1772354400.0,67224.0,67254.0,67224.0,67252.0,0.52017263
1772354460.0,67247.0,67247.0,67217.0,67217.0,0.12657602
1772354520.0,67211.0,67211.0,67189.0,67189.0,0.18945135
1772354580.0,67190.0,67190.0,67177.0,67177.0,0.15658297
1772354640.0,67177.0,67187.0,67149.0,67149.0,0.36448237
1772354700.0,67146.0,67146.0,67122.0,67123.0,2.65415274
1772354760.0,67123.0,67123.0,67051.0,67068.0,0.85924939
1772354820.0,67067.0,67067.0,67005.0,67036.0,0.83690725
1772354880.0,67051.0,67051.0,67020.0,67028.0,0.08919481
1772354940.0,67039.0,67040.0,66967.0,66967.0,1.15941132
1772355000.0,66967.0,66981.0,66909.0,66909.0,1.37139206
1772355060.0,66905.0,66905.0,66668.0,66672.0,41.32220925
1772355120.0,66670.0,66743.0,66594.0,66594.0,18.00723777
1772355180.0,66591.0,66643.0,66528.0,66528.0,7.60807583
1772355240.0,66512.0,66588.0,66475.0,66500.0,5.76080262
1772355300.0,66507.0,66629.0,66499.0,66613.0,8.76899289
1772355360.0,66604.0,66646.0,66533.0,66589.0,3.68687817
1772355420.0,66613.0,66629.0,66526.0,66526.0,5.57522601
1772355480.0,66508.0,66546.0,66474.0,66546.0,4.26021336
1772355540.0,66547.0,66567.0,66520.0,66567.0,1.55492579
1772355600.0,66570.0,66598.0,66533.0,66535.0,3.17471222
1772355660.0,66538.0,66538.0,66463.0,66465.0,6.05919819
1772355720.0,66465.0,66622.0,66383.0,66580.0,13.66821413
1772355780.0,66567.0,66690.0,66567.0,66677.0,1.60400277
1772355840.0,66682.0,66703.0,66626.0,66643.0,6.90547939
1772355900.0,66640.0,66659.0,66568.0,66568.0,1.32248107
1772355960.0,66570.0,66599.0,66506.0,66506.0,2.85366145
1772356020.0,66507.0,66597.0,66507.0,66597.0,2.48122131
1772356080.0,66587.0,66608.0,66578.0,66591.0,0.72272959
1772356140.0,66609.0,66641.0,66609.0,66630.0,2.48820657
1772356200.0,66621.0,66621.0,66606.0,66615.0,0.30849772
1772356260.0,66614.0,66616.0,66601.0,66605.0,0.04855986
1772356320.0,66590.0,66590.0,66583.0,66583.0,0.00530128
1772356380.0,66583.0,66636.0,66583.0,66613.0,0.87750666
1772356440.0,66612.0,66612.0,66566.0,66582.0,0.29725673
1772356500.0,66587.0,66686.0,66580.0,66679.0,6.77414181
1772356560.0,66679.0,66697.0,66625.0,66688.0,1.99793551
1772356620.0,66688.0,66766.0,66688.0,66718.0,3.35493024
1772356680.0,66723.0,66767.0,66723.0,66766.0,9.18557807
1772356740.0,66760.0,66760.0,66719.0,66723.0,1.19716934
1772356800.0,66719.0,66746.0,66662.0,66662.0,4.47626019
1772356860.0,66661.0,66718.0,66654.0,66705.0,0.66422898
1772356920.0,66695.0,66726.0,66695.0,66725.0,0.48513231
1772356980.0,66729.0,66729.0,66712.0,66712.0,0.65725182
1772357040.0,66715.0,66730.0,66631.0,66631.0,3.71576567
1772357100.0,66600.0,66630.0,66600.0,66630.0,1.2760414
1772357160.0,66634.0,66638.0,66622.0,66631.0,0.93659419
1772357220.0,66628.0,66640.0,66551.0,66551.0,2.04345713
1772357280.0,66567.0,66637.0,66567.0,66617.0,0.60239117
1772357340.0,66624.0,66638.0,66624.0,66626.0,1.57308198
1772357400.0,66633.0,66649.0,66590.0,66590.0,3.18031758
1772357460.0,66604.0,66609.0,66548.0,66549.0,1.10571615
1772357520.0,66548.0,66564.0,66548.0,66556.0,1.52575295
1772357580.0,66560.0,66560.0,66456.0,66463.0,16.87914001
1772357640.0,66479.0,66496.0,66456.0,66474.0,1.31330892
1772357700.0,66478.0,66478.0,66407.0,66453.0,7.5743873
1772357760.0,66454.0,66483.0,66449.0,66457.0,1.03346472
1772357820.0,66482.0,66482.0,66399.0,66399.0,0.79919454
1772357880.0,66399.0,66399.0,66307.0,66307.0,2.60402803
1772357940.0,66308.0,66360.0,66308.0,66359.0,6.26633395
1772358000.0,66352.0,66392.0,66334.0,66334.0,1.82417291
1772358060.0,66346.0,66404.0,66332.0,66341.0,0.87979529
1772358120.0,66333.0,66359.0,66331.0,66359.0,1.14398017
1772358180.0,66336.0,66336.0,66316.0,66316.0,0.34495112
1772358240.0,66316.0,66316.0,66286.0,66305.0,8.21765947
1772358300.0,66305.0,66322.0,66281.0,66293.0,1.45855676
1772358360.0,66330.0,66342.0,66314.0,66341.0,0.23840732
1772358420.0,66336.0,66358.0,66312.0,66312.0,0.83148127
1772358480.0,66331.0,66331.0,66264.0,66302.0,1.66164715
1772358540.0,66310.0,66344.0,66310.0,66344.0,0.29424005
1772358600.0,66354.0,66405.0,66353.0,66354.0,0.84754232
1772358660.0,66339.0,66360.0,66318.0,66356.0,3.67658689
1772358720.0,66377.0,66421.0,66361.0,66421.0,0.6924496
1772358780.0,66412.0,66412.0,66380.0,66390.0,3.61687786
1772358840.0,66391.0,66403.0,66385.0,66385.0,0.24858424
1772358900.0,66385.0,66391.0,66379.0,66391.0,0.20832655
1772358960.0,66401.0,66428.0,66401.0,66420.0,0.19981589
1772359020.0,66411.0,66439.0,66407.0,66431.0,0.11555885
1772359080.0,66399.0,66399.0,66348.0,66376.0,0.38904345
1772359140.0,66378.0,66412.0,66378.0,66412.0,0.0170288
1772359200.0,66409.0,66462.0,66407.0,66462.0,0.41064902
1772359260.0,66464.0,66510.0,66440.0,66440.0,1.49734928
1772359320.0,66445.0,66446.0,66429.0,66433.0,0.25050296
1772359380.0,66434.0,66434.0,66300.0,66308.0,0.54834365
1772359440.0,66316.0,66377.0,66316.0,66362.0,0.51941638
1772359500.0,66357.0,66378.0,66336.0,66378.0,0.47339423
1772359560.0,66379.0,66379.0,66264.0,66264.0,1.66351873
1772359620.0,66256.0,66415.0,66235.0,66381.0,5.14467853
1772359680.0,66381.0,66430.0,66381.0,66403.0,1.61537581
1772359740.0,66391.0,66391.0,66375.0,66389.0,2.92931826
1772359800.0,66426.0,66435.0,66375.0,66397.0,4.8252848
1772359860.0,66407.0,66407.0,66406.0,66407.0,0.11681758
1772359920.0,66409.0,66453.0,66404.0,66453.0,3.22585968
1772359980.0,66468.0,66535.0,66468.0,66511.0,7.29677029
1772360040.0,66511.0,66540.0,66500.0,66534.0,1.07363391
1772360100.0,66511.0,66524.0,66507.0,66507.0,1.62694655
1772360160.0,66504.0,66504.0,66492.0,66492.0,0.0602
1772360220.0,66489.0,66506.0,66462.0,66462.0,0.14037046
1772360280.0,66464.0,66464.0,66464.0,66464.0,0.00754238
1772360340.0,66464.0,66480.0,66451.0,66479.0,0.41307897
1772360400.0,66475.0,66475.0,66460.0,66461.0,0.17180289
1772360460.0,66461.0,66461.0,66456.0,66456.0,0.03131399
1772360520.0,66469.0,66501.0,66468.0,66501.0,0.48552764
1772360580.0,66512.0,66512.0,66493.0,66498.0,0.40136354
1772360640.0,66502.0,66532.0,66502.0,66532.0,0.48450532
1772360700.0,66550.0,66582.0,66532.0,66582.0,0.34054968
1772360760.0,66589.0,66598.0,66589.0,66598.0,0.02150152
1772360820.0,66568.0,66578.0,66568.0,66577.0,0.00250202
1772360880.0,66576.0,66591.0,66562.0,66591.0,3.1425138
1772360940.0,66572.0,66581.0,66536.0,66581.0,1.2119165
1772361000.0,66582.0,66623.0,66582.0,66606.0,2.14005924
1772361060.0,66600.0,66600.0,66599.0,66599.0,0.31462899
1772361120.0,66558.0,66559.0,66554.0,66559.0,0.27684155
1772361180.0,66558.0,66558.0,66548.0,66548.0,1.22327765
1772361240.0,66547.0,66576.0,66543.0,66576.0,1.39254058
1772361300.0,66609.0,66729.0,66609.0,66724.0,40.86003666
1772361360.0,66708.0,66708.0,66648.0,66648.0,3.86191139
1772361420.0,66648.0,66681.0,66648.0,66681.0,1.87346023
1772361480.0,66675.0,66675.0,66614.0,66614.0,1.39226937
1772361540.0,66614.0,66614.0,66481.0,66485.0,2.065725
1772361600.0,66477.0,66478.0,66446.0,66446.0,1.52633452
1772361660.0,66446.0,66500.0,66446.0,66500.0,0.75715032
1772361720.0,66503.0,66507.0,66503.0,66507.0,0.01383152
1772361780.0,66507.0,66519.0,66412.0,66412.0,5.94315222
1772361840.0,66411.0,66411.0,66394.0,66395.0,1.16679611
1772361900.0,66395.0,66428.0,66395.0,66395.0,2.86789682
1772361960.0,66395.0,66439.0,66369.0,66438.0,2.02603903
1772362020.0,66442.0,66497.0,66442.0,66497.0,0.34163147
1772362080.0,66497.0,66521.0,66497.0,66521.0,0.27355322
1772362140.0,66522.0,66522.0,66480.0,66480.0,0.647705
1772362200.0,66476.0,66476.0,66449.0,66449.0,1.11032723
1772362260.0,66423.0,66442.0,66423.0,66432.0,0.36491581
1772362320.0,66431.0,66485.0,66431.0,66485.0,3.4905407
1772362380.0,66496.0,66498.0,66481.0,66481.0,0.97595488
1772362440.0,66481.0,66495.0,66473.0,66473.0,1.57633484
1772362500.0,66473.0,66483.0,66473.0,66477.0,0.43434542
1772362560.0,66489.0,66499.0,66482.0,66482.0,0.95797401
1772362620.0,66477.0,66477.0,66463.0,66464.0,0.388514
1772362680.0,66464.0,66467.0,66464.0,66465.0,0.08740088
1772362740.0,66464.0,66465.0,66454.0,66465.0,0.76975975
1772362800.0,66467.0,66489.0,66458.0,66489.0,0.62497522
1772362860.0,66489.0,66489.0,66482.0,66482.0,0.30369058
1772362920.0,66471.0,66471.0,66454.0,66454.0,0.1702904
1772362980.0,66461.0,66461.0,66453.0,66454.0,0.03881093
1772363040.0,66457.0,66475.0,66457.0,66475.0,0.01014479
1772363100.0,66476.0,66479.0,66475.0,66479.0,0.2659683
1772363160.0,66499.0,66548.0,66499.0,66517.0,3.54120988
1772363220.0,66516.0,66516.0,66496.0,66496.0,1.22964826
1772363280.0,66496.0,66514.0,66496.0,66513.0,0.50314894
1772363340.0,66514.0,66516.0,66500.0,66516.0,0.36819528
1772363400.0,66522.0,66522.0,66519.0,66519.0,0.04708582
1772363460.0,66524.0,66524.0,66509.0,66510.0,0.40706009
1772363520.0,66511.0,66511.0,66500.0,66500.0,0.23231333
1772363580.0,66509.0,66525.0,66501.0,66525.0,0.25808785
1772363640.0,66517.0,66517.0,66512.0,66515.0,0.17106257
1772363700.0,66519.0,66536.0,66519.0,66536.0,0.10002043
1772363760.0,66547.0,66657.0,66547.0,66619.0,6.63588358
1772363820.0,66610.0,66610.0,66597.0,66603.0,0.66787755
1772363880.0,66603.0,66603.0,66592.0,66595.0,0.11613457
1772363940.0,66597.0,66621.0,66596.0,66602.0,0.39478097
1772364000.0,66589.0,66601.0,66589.0,66599.0,0.12260901
1772364060.0,66601.0,66622.0,66596.0,66622.0,0.56872722
1772364120.0,66622.0,66642.0,66622.0,66638.0,0.16873227
1772364180.0,66634.0,66634.0,66538.0,66538.0,3.12955828
1772364240.0,66542.0,66547.0,66542.0,66547.0,0.1876371
1772364300.0,66553.0,66576.0,66553.0,66576.0,0.59235405
1772364360.0,66576.0,66590.0,66576.0,66590.0,0.11345705
1772364420.0,66589.0,66590.0,66566.0,66566.0,0.41023842
1772364480.0,66566.0,66566.0,66551.0,66551.0,0.39340941
1772364540.0,66551.0,66557.0,66551.0,66556.0,0.03956707
1772364600.0,66553.0,66553.0,66537.0,66543.0,0.11045391
1772364660.0,66544.0,66569.0,66544.0,66569.0,0.02095643
1772364720.0,66573.0,66574.0,66546.0,66547.0,0.35605438
1772364780.0,66547.0,66547.0,66533.0,66535.0,0.17507862
1772364840.0,66514.0,66514.0,66419.0,66429.0,2.4151928
1772364900.0,66429.0,66467.0,66428.0,66467.0,0.73750463
1772364960.0,66467.0,66506.0,66467.0,66497.0,1.68832643
1772365020.0,66494.0,66494.0,66477.0,66477.0,0.26815855
1772365080.0,66476.0,66476.0,66441.0,66464.0,1.07913282
1772365140.0,66464.0,66471.0,66464.0,66471.0,0.94881868
1772365200.0,66474.0,66529.0,66474.0,66528.0,0.25871168
1772365260.0,66527.0,66527.0,66510.0,66511.0,0.06079445
1772365320.0,66510.0,66510.0,66510.0,66510.0,0.000556
1772365380.0,66501.0,66501.0,66498.0,66498.0,0.01568125
1772365440.0,66497.0,66497.0,66380.0,66380.0,2.02502327
1772365500.0,66386.0,66408.0,66386.0,66395.0,0.45014112
1772365560.0,66394.0,66481.0,66394.0,66481.0,4.7183678
1772365620.0,66482.0,66482.0,66482.0,66482.0,0.0639001
1772365680.0,66482.0,66482.0,66436.0,66436.0,2.7451715
1772365740.0,66439.0,66447.0,66439.0,66447.0,0.25550356
1772365800.0,66448.0,66468.0,66448.0,66468.0,0.80732054
1772365860.0,66467.0,66467.0,66441.0,66441.0,2.50537327
1772365920.0,66441.0,66441.0,66441.0,66441.0,0.0480857
1772365980.0,66441.0,66490.0,66441.0,66490.0,1.12966744
1772366040.0,66490.0,66500.0,66490.0,66495.0,0.02549168
1772366100.0,66495.0,66495.0,66486.0,66486.0,0.55799949
1772366160.0,66486.0,66506.0,66467.0,66467.0,0.24596123
1772366220.0,66455.0,66468.0,66455.0,66468.0,0.04461471
1772366280.0,66469.0,66478.0,66469.0,66478.0,0.31112708
1772366340.0,66477.0,66478.0,66466.0,66467.0,0.03081041
1772366400.0,66462.0,66469.0,66462.0,66465.0,0.17960456
1772366460.0,66462.0,66475.0,66462.0,66475.0,0.26307447
1772366520.0,66503.0,66525.0,66503.0,66525.0,0.26055795
1772366580.0,66524.0,66524.0,66486.0,66494.0,0.02818013
1772366640.0,66494.0,66516.0,66490.0,66490.0,0.42889346
1772366700.0,66485.0,66486.0,66451.0,66451.0,0.26254937
1772366760.0,66452.0,66499.0,66451.0,66486.0,2.9840174
1772366820.0,66486.0,66520.0,66486.0,66515.0,0.06268159
1772366880.0,66516.0,66538.0,66516.0,66538.0,0.32335536
1772366940.0,66540.0,66540.0,66535.0,66535.0,0.10148246
1772367000.0,66535.0,66535.0,66529.0,66531.0,0.29778944
1772367060.0,66532.0,66532.0,66525.0,66525.0,0.00213514
1772367120.0,66519.0,66519.0,66505.0,66509.0,0.17909649
1772367180.0,66518.0,66519.0,66517.0,66517.0,0.15143932
1772367240.0,66518.0,66518.0,66507.0,66509.0,0.15830203
1772367300.0,66508.0,66543.0,66500.0,66543.0,0.64220789
1772367360.0,66544.0,66544.0,66520.0,66520.0,0.5852809
1772367420.0,66506.0,66507.0,66506.0,66507.0,0.006728
1772367480.0,66522.0,66548.0,66522.0,66530.0,0.06511551
1772367540.0,66523.0,66552.0,66522.0,66552.0,0.0153757
1772367600.0,66544.0,66544.0,66528.0,66528.0,0.19245384
1772367660.0,66528.0,66533.0,66528.0,66531.0,0.062409
1772367720.0,66510.0,66510.0,66470.0,66472.0,1.02341063
1772367780.0,66436.0,66443.0,66436.0,66442.0,0.19889951
1772367840.0,66442.0,66459.0,66435.0,66459.0,1.77195333
1772367900.0,66466.0,66490.0,66466.0,66490.0,4.18579397
1772367960.0,66489.0,66489.0,66469.0,66469.0,0.30671196
1772368020.0,66468.0,66468.0,66457.0,66461.0,3.8816789
1772368080.0,66460.0,66461.0,66421.0,66421.0,3.25845574
1772368140.0,66422.0,66422.0,66412.0,66412.0,0.05500122
1772368200.0,66412.0,66457.0,66402.0,66447.0,4.01539591
1772368260.0,66429.0,66429.0,66429.0,66429.0,0.00577665
1772368320.0,66423.0,66433.0,66393.0,66404.0,2.79985197
1772368380.0,66405.0,66405.0,66349.0,66349.0,1.38808597
1772368440.0,66344.0,66344.0,66289.0,66299.0,34.76585594
1772368500.0,66299.0,66332.0,66299.0,66311.0,0.87853678
1772368560.0,66326.0,66354.0,66326.0,66327.0,0.37472144
1772368620.0,66288.0,66303.0,66257.0,66260.0,6.04256783
1772368680.0,66259.0,66346.0,66259.0,66322.0,0.68063908
1772368740.0,66328.0,66347.0,66328.0,66343.0,0.07672997
1772368800.0,66343.0,66359.0,66343.0,66359.0,0.55668668
1772368860.0,66358.0,66383.0,66358.0,66375.0,0.11880275
1772368920.0,66385.0,66506.0,66385.0,66506.0,3.05841491
1772368980.0,66507.0,66514.0,66506.0,66514.0,0.27332117
1772369040.0,66511.0,66511.0,66498.0,66498.0,0.42353851
1772369100.0,66498.0,66498.0,66486.0,66497.0,0.26091833
1772369160.0,66499.0,66499.0,66377.0,66391.0,1.22184787
1772369220.0,66399.0,66399.0,66357.0,66385.0,1.22732287
1772369280.0,66385.0,66385.0,66369.0,66370.0,0.04095182
1772369340.0,66355.0,66362.0,66342.0,66342.0,0.47600338
1772369400.0,66351.0,66356.0,66317.0,66320.0,1.40257542
1772369460.0,66337.0,66337.0,66307.0,66329.0,0.10840522
1772369520.0,66360.0,66360.0,66313.0,66313.0,0.48964937
1772369580.0,66314.0,66332.0,66312.0,66329.0,0.12686129
1772369640.0,66353.0,66353.0,66352.0,66352.0,0.00526623
1772369700.0,66353.0,66367.0,66353.0,66367.0,0.001523
1772369760.0,66356.0,66356.0,66337.0,66337.0,0.32526525
1772369820.0,66334.0,66349.0,66334.0,66340.0,1.24360472
1772369880.0,66340.0,66340.0,66325.0,66328.0,0.27200555
1772369940.0,66329.0,66330.0,66297.0,66297.0,0.39353005
1772370000.0,66310.0,66323.0,66300.0,66300.0,0.34229734
1772370060.0,66320.0,66325.0,66320.0,66325.0,0.56289837
1772370120.0,66325.0,66370.0,66325.0,66370.0,1.67261723
1772370180.0,66348.0,66355.0,66345.0,66345.0,0.05881032
1772370240.0,66333.0,66333.0,66232.0,66277.0,4.1611138
1772370300.0,66291.0,66388.0,66291.0,66388.0,2.30175132
1772370360.0,66377.0,66390.0,66363.0,66365.0,0.31670355
1772370420.0,66342.0,66390.0,66342.0,66387.0,0.47198873
1772370480.0,66417.0,66418.0,66417.0,66418.0,0.00330562
1772370540.0,66378.0,66384.0,66341.0,66341.0,0.0149433
1772370600.0,66340.0,66348.0,66321.0,66330.0,1.01068536
1772370660.0,66330.0,66376.0,66330.0,66365.0,1.68905681
1772370720.0,66362.0,66376.0,66362.0,66376.0,0.00762501
1772370780.0,66377.0,66378.0,66371.0,66371.0,0.18245474
1772370840.0,66371.0,66371.0,66354.0,66360.0,0.28300353
1772370900.0,66322.0,66369.0,66322.0,66369.0,0.21848874
1772370960.0,66361.0,66380.0,66354.0,66380.0,0.83010224
1772371020.0,66377.0,66410.0,66369.0,66410.0,0.1316088
1772371080.0,66419.0,66419.0,66386.0,66386.0,0.73492555
1772371140.0,66385.0,66389.0,66350.0,66350.0,0.36234675
1772371200.0,66348.0,66348.0,66146.0,66167.0,9.78656665
1772371260.0,66172.0,66196.0,66154.0,66174.0,0.79458543
1772371320.0,66175.0,66223.0,66175.0,66219.0,0.46686419
1772371380.0,66246.0,66246.0,66219.0,66238.0,0.03462673
1772371440.0,66241.0,66260.0,66228.0,66231.0,0.09396962
1772371500.0,66249.0,66249.0,66242.0,66248.0,0.01233835
1772371560.0,66255.0,66395.0,66255.0,66379.0,0.14506608
1772371620.0,66378.0,66394.0,66360.0,66360.0,0.44807949
1772371680.0,66360.0,66364.0,66319.0,66351.0,0.42942367
1772371740.0,66352.0,66352.0,66321.0,66321.0,0.17573521
1772371800.0,66326.0,66334.0,66264.0,66270.0,2.57568014
1772371860.0,66273.0,66317.0,66249.0,66311.0,2.92079015
1772371920.0,66324.0,66347.0,66313.0,66313.0,0.1187037
1772371980.0,66324.0,66325.0,66301.0,66304.0,0.04135852
1772372040.0,66305.0,66330.0,66305.0,66324.0,0.2263701
1772372100.0,66316.0,66341.0,66316.0,66329.0,0.19633139
1772372160.0,66329.0,66329.0,66307.0,66311.0,0.01056443
1772372220.0,66317.0,66327.0,66257.0,66271.0,2.1741717
1772372280.0,66270.0,66311.0,66270.0,66311.0,0.51104986
1772372340.0,66316.0,66352.0,66307.0,66307.0,0.1654904
1772372400.0,66302.0,66368.0,66302.0,66352.0,1.23804943
1772372460.0,66353.0,66380.0,66353.0,66380.0,0.15810584
1772372520.0,66384.0,66390.0,66360.0,66363.0,0.05757015
1772372580.0,66359.0,66364.0,66359.0,66363.0,0.20683353
1772372640.0,66373.0,66373.0,66360.0,66360.0,0.0129255
1772372700.0,66364.0,66366.0,66362.0,66363.0,0.03496551
1772372760.0,66370.0,66407.0,66370.0,66405.0,0.0232959
1772372820.0,66402.0,66402.0,66362.0,66362.0,0.09537056
1772372880.0,66362.0,66380.0,66360.0,66360.0,0.01844795
1772372940.0,66373.0,66385.0,66373.0,66383.0,0.05061872
1772373000.0,66386.0,66456.0,66386.0,66456.0,2.10859554
1772373060.0,66459.0,66903.0,66452.0,66877.0,88.40516848
1772373120.0,66844.0,67338.0,66726.0,67007.0,78.08272085
1772373180.0,67014.0,67330.0,67005.0,67125.0,26.69868002
1772373240.0,67126.0,67251.0,67030.0,67141.0,11.98425351
1772373300.0,67145.0,67215.0,66896.0,66934.0,49.45553979
1772373360.0,66937.0,67044.0,66895.0,67040.0,3.648911
1772373420.0,67028.0,67132.0,66972.0,66972.0,8.00696524
1772373480.0,66959.0,67081.0,66957.0,66961.0,9.12148916
1772373540.0,66978.0,66978.0,66938.0,66941.0,2.70583746
1772373600.0,66941.0,67101.0,66941.0,67101.0,6.74525118
1772373660.0,67122.0,67122.0,66988.0,67072.0,3.39594442
1772373720.0,67052.0,67052.0,66942.0,66942.0,1.9193005
1772373780.0,66952.0,66953.0,66848.0,66918.0,11.20736803
1772373840.0,66893.0,66986.0,66890.0,66982.0,2.79970258
1772373900.0,66982.0,67172.0,66982.0,67172.0,8.30127115
1772373960.0,67167.0,67302.0,67097.0,67296.0,42.70166389
1772374020.0,67296.0,67296.0,67156.0,67194.0,11.42736923
1772374080.0,67149.0,67184.0,67078.0,67078.0,4.57061373
1772374140.0,67091.0,67126.0,67039.0,67055.0,0.95285353
1772374200.0,67055.0,67055.0,66983.0,66994.0,0.7610829
1772374260.0,67017.0,67077.0,67000.0,67077.0,4.40341301
1772374320.0,67074.0,67116.0,67034.0,67096.0,1.1802614
1772374380.0,67108.0,67161.0,67108.0,67137.0,1.75084
1772374440.0,67127.0,67133.0,67082.0,67082.0,0.39595921
1772374500.0,67088.0,67116.0,66972.0,67008.0,6.38294636
1772374560.0,67003.0,67034.0,66967.0,66970.0,1.08657591
1772374620.0,66971.0,67095.0,66971.0,67085.0,1.79929723
1772374680.0,67066.0,67081.0,67046.0,67081.0,0.69955665
1772374740.0,67080.0,67080.0,67003.0,67006.0,1.71257338
1772374800.0,67019.0,67021.0,66966.0,66974.0,0.80244548
1772374860.0,66974.0,66988.0,66911.0,66919.0,7.86742595
1772374920.0,66919.0,66947.0,66786.0,66797.0,34.2458161
1772374980.0,66791.0,66862.0,66768.0,66857.0,4.94624389
1772375040.0,66848.0,66922.0,66848.0,66902.0,0.9719615
1772375100.0,66924.0,66960.0,66912.0,66958.0,1.0046514
1772375160.0,66958.0,66958.0,66891.0,66891.0,2.59431133
1772375220.0,66891.0,66962.0,66857.0,66962.0,0.23797787
1772375280.0,66972.0,66982.0,66937.0,66938.0,0.75022147
1772375340.0,66938.0,66952.0,66882.0,66929.0,3.65566833
1772375400.0,66923.0,66925.0,66865.0,66865.0,1.43508006
1772375460.0,66866.0,66926.0,66851.0,66922.0,1.82057647
1772375520.0,66908.0,67050.0,66908.0,66974.0,1.84257944
1772375580.0,66983.0,67003.0,66956.0,66986.0,0.28477181
1772375640.0,66985.0,67005.0,66958.0,67003.0,0.98840762
1772375700.0,67002.0,67012.0,66972.0,66972.0,2.37195811
1772375760.0,66966.0,67002.0,66951.0,66951.0,0.38066685
1772375820.0,66946.0,66946.0,66886.0,66910.0,0.74556189
1772375880.0,66910.0,66927.0,66883.0,66895.0,0.51747145
1772375940.0,66888.0,66924.0,66885.0,66902.0,0.5454252
1772376000.0,66903.0,66948.0,66903.0,66927.0,1.10835944
1772376060.0,66942.0,66968.0,66933.0,66933.0,0.64136366
1772376120.0,66941.0,66941.0,66775.0,66775.0,12.05608249
1772376180.0,66767.0,66831.0,66767.0,66809.0,2.25961682
1772376240.0,66808.0,66839.0,66797.0,66839.0,0.9383374
1772376300.0,66839.0,66886.0,66791.0,66866.0,2.69744117
1772376360.0,66860.0,66867.0,66852.0,66852.0,0.55301282
1772376420.0,66847.0,66917.0,66847.0,66914.0,0.01812731
1772376480.0,66914.0,66931.0,66914.0,66920.0,0.43903006
1772376540.0,66919.0,66978.0,66916.0,66957.0,0.29581702
1772376600.0,66925.0,66925.0,66860.0,66866.0,0.50536696
1772376660.0,66876.0,66876.0,66846.0,66863.0,0.26890596
1772376720.0,66866.0,66866.0,66782.0,66792.0,1.1903939
1772376780.0,66806.0,66830.0,66806.0,66819.0,0.38202756
1772376840.0,66828.0,66869.0,66817.0,66869.0,1.26962819
1772376900.0,66869.0,66869.0,66818.0,66825.0,1.08465676
1772376960.0,66825.0,66857.0,66825.0,66852.0,1.3006722
1772377020.0,66834.0,66849.0,66828.0,66849.0,1.32094942
1772377080.0,66853.0,66877.0,66853.0,66859.0,0.33274406
1772377140.0,66899.0,66905.0,66863.0,66871.0,2.81548685
1772377200.0,66859.0,66859.0,66840.0,66855.0,1.03106248
1772377260.0,66866.0,66933.0,66866.0,66898.0,0.95968118
1772377320.0,66914.0,66965.0,66914.0,66957.0,0.03495566
1772377380.0,66959.0,66990.0,66952.0,66979.0,3.35237267
1772377440.0,66956.0,66977.0,66950.0,66976.0,0.32813597
1772377500.0,66949.0,66953.0,66938.0,66953.0,2.20097737
1772377560.0,66952.0,67003.0,66935.0,66937.0,3.17001615
1772377620.0,66937.0,66937.0,66850.0,66882.0,1.36673954
1772377680.0,66874.0,66927.0,66870.0,66917.0,0.59668403
1772377740.0,66911.0,66983.0,66911.0,66975.0,2.31398336
1772377800.0,67008.0,67020.0,66965.0,66968.0,0.89704742
1772377860.0,66949.0,67003.0,66949.0,66991.0,1.13536041
1772377920.0,66982.0,67094.0,66982.0,67035.0,2.25704701
1772377980.0,67000.0,67047.0,66997.0,67044.0,1.55730382
1772378040.0,67042.0,67121.0,67030.0,67121.0,3.5039055
1772378100.0,67105.0,67163.0,67077.0,67077.0,1.24621869
1772378160.0,67067.0,67179.0,67067.0,67179.0,1.07977705
1772378220.0,67200.0,67248.0,67198.0,67219.0,4.9165903
1772378280.0,67235.0,67236.0,67134.0,67134.0,2.46543393
1772378340.0,67133.0,67133.0,67098.0,67119.0,0.99117473
1772378400.0,67119.0,67179.0,67107.0,67143.0,3.94555689
1772378460.0,67145.0,67145.0,67100.0,67100.0,0.0712382
1772378520.0,67103.0,67103.0,67002.0,67038.0,3.45459785
1772378580.0,67048.0,67053.0,67030.0,67039.0,0.33590955
1772378640.0,67041.0,67073.0,67041.0,67068.0,0.44676327
1772378700.0,67068.0,67131.0,67068.0,67090.0,0.70267327
1772378760.0,67087.0,67106.0,67079.0,67104.0,0.39936117
1772378820.0,67104.0,67166.0,67104.0,67151.0,1.99353094
1772378880.0,67156.0,67198.0,67156.0,67165.0,0.51366802
1772378940.0,67171.0,67171.0,67067.0,67068.0,5.95859305
1772379000.0,67074.0,67134.0,67074.0,67133.0,4.97905731
1772379060.0,67140.0,67148.0,67111.0,67111.0,2.09146244
1772379120.0,67111.0,67112.0,67097.0,67097.0,0.07182639
1772379180.0,67111.0,67145.0,67110.0,67145.0,0.44336078
1772379240.0,67145.0,67183.0,67144.0,67182.0,1.03112048
1772379300.0,67180.0,67220.0,67180.0,67184.0,0.58517076
1772379360.0,67183.0,67208.0,67176.0,67176.0,3.91199533
1772379420.0,67159.0,67159.0,67108.0,67125.0,0.13471198
1772379480.0,67125.0,67136.0,67121.0,67121.0,0.05056947
1772379540.0,67118.0,67215.0,67115.0,67204.0,4.41632982
1772379600.0,67204.0,67204.0,67148.0,67183.0,1.46357991
1772379660.0,67218.0,67235.0,67195.0,67195.0,0.38334792
1772379720.0,67195.0,67195.0,67163.0,67172.0,0.05254404
1772379780.0,67171.0,67189.0,67171.0,67181.0,2.71682109
1772379840.0,67180.0,67211.0,67166.0,67211.0,0.94914381
1772379900.0,67213.0,67215.0,67166.0,67174.0,0.44703843
1772379960.0,67172.0,67219.0,67172.0,67216.0,0.51102874
1772380020.0,67215.0,67224.0,67213.0,67213.0,0.28920318
1772380080.0,67212.0,67212.0,67181.0,67181.0,1.52496416
1772380140.0,67181.0,67185.0,67172.0,67175.0,0.07498823
1772380200.0,67176.0,67205.0,67176.0,67204.0,0.32396444
1772380260.0,67210.0,67243.0,67198.0,67233.0,2.0997171
1772380320.0,67241.0,67242.0,67206.0,67216.0,3.25290212
1772380380.0,67220.0,67220.0,67175.0,67175.0,0.32966111
1772380440.0,67179.0,67179.0,67094.0,67098.0,1.55365926
1772380500.0,67102.0,67129.0,67090.0,67124.0,1.09624412
1772380560.0,67131.0,67167.0,66945.0,66945.0,5.12184907
1772380620.0,66951.0,67029.0,66918.0,66918.0,3.7917582
1772380680.0,66928.0,66928.0,66823.0,66823.0,5.59372311
1772380740.0,66830.0,66879.0,66829.0,66829.0,2.58723285
1772380800.0,66861.0,66898.0,66806.0,66821.0,3.24235868
1772380860.0,66816.0,66854.0,66701.0,66815.0,17.38692452
1772380920.0,66821.0,66963.0,66821.0,66950.0,3.22370536
1772380980.0,66945.0,66996.0,66945.0,66956.0,0.85964101
1772381040.0,66951.0,67013.0,66922.0,66953.0,4.27357208
1772381100.0,66954.0,66963.0,66910.0,66910.0,0.79385444
1772381160.0,66879.0,66926.0,66878.0,66919.0,2.38783312
1772381220.0,66918.0,66932.0,66875.0,66907.0,1.49095694
1772381280.0,66917.0,66926.0,66901.0,66926.0,0.55165339
1772381340.0,66936.0,66970.0,66934.0,66970.0,1.16960541
1772381400.0,66993.0,67024.0,66993.0,67004.0,1.59781899
1772381460.0,66989.0,66996.0,66967.0,66967.0,0.33552046
1772381520.0,66954.0,66963.0,66950.0,66950.0,0.7228967
1772381580.0,66963.0,67024.0,66963.0,67014.0,6.00716769
1772381640.0,67013.0,67013.0,66953.0,66963.0,0.73527417
1772381700.0,66953.0,66976.0,66953.0,66966.0,0.12749705
1772381760.0,66932.0,66968.0,66932.0,66949.0,0.91599777
1772381820.0,66950.0,67035.0,66948.0,67022.0,0.5410748
1772381880.0,67022.0,67035.0,67004.0,67005.0,0.53549748
1772381940.0,67004.0,67004.0,66947.0,66950.0,1.82999175
1772382000.0,66951.0,66958.0,66951.0,66958.0,0.02443588
1772382060.0,66960.0,66960.0,66827.0,66827.0,0.85736857
1772382120.0,66841.0,66845.0,66834.0,66844.0,0.71353932
1772382180.0,66855.0,66866.0,66849.0,66849.0,0.15089518
1772382240.0,66849.0,66941.0,66849.0,66920.0,4.4585355
1772382300.0,66919.0,67014.0,66912.0,67003.0,1.16647857
1772382360.0,67003.0,67003.0,66986.0,66998.0,0.40811143
1772382420.0,67002.0,67119.0,67002.0,67082.0,9.6614386
1772382480.0,67060.0,67060.0,67053.0,67056.0,0.58558033
1772382540.0,67059.0,67059.0,67037.0,67037.0,0.1571955
1772382600.0,67030.0,67030.0,67000.0,67000.0,1.95220472
1772382660.0,66971.0,66983.0,66971.0,66975.0,0.02206125
1772382720.0,66972.0,67006.0,66972.0,67000.0,0.44876073
1772382780.0,67001.0,67044.0,67001.0,67021.0,1.80050021
1772382840.0,67021.0,67038.0,67013.0,67013.0,0.55838626
1772382900.0,67013.0,67064.0,67013.0,67030.0,0.497874
1772382960.0,67020.0,67020.0,67015.0,67015.0,0.14093449
1772383020.0,66993.0,67041.0,66993.0,67041.0,0.38635308
1772383080.0,67033.0,67034.0,66990.0,67014.0,1.60986032
1772383140.0,67016.0,67025.0,67003.0,67003.0,0.32920877
1772383200.0,66997.0,66997.0,66910.0,66926.0,0.96368657
1772383260.0,66928.0,66937.0,66926.0,66937.0,0.69623808
1772383320.0,66932.0,66932.0,66895.0,66896.0,0.16403557
1772383380.0,66895.0,66904.0,66889.0,66904.0,0.94983531
1772383440.0,66914.0,66923.0,66845.0,66845.0,2.04880398
1772383500.0,66833.0,66834.0,66726.0,66748.0,5.39779423
1772383560.0,66742.0,66774.0,66700.0,66717.0,4.07802356
1772383620.0,66706.0,66714.0,66466.0,66466.0,37.1630384
1772383680.0,66465.0,66507.0,66157.0,66275.0,47.62678063
1772383740.0,66290.0,66290.0,65913.0,66106.0,55.43445643
1772383800.0,66102.0,66213.0,65844.0,65938.0,22.39122482
1772383860.0,65944.0,66087.0,65852.0,66010.0,16.52299044
1772383920.0,66072.0,66190.0,66063.0,66087.0,2.89942894
1772383980.0,66095.0,66129.0,66017.0,66129.0,4.41888179
1772384040.0,66197.0,66197.0,66089.0,66124.0,1.31864962
1772384100.0,66138.0,66191.0,66138.0,66190.0,1.05217042
1772384160.0,66201.0,66205.0,66120.0,66180.0,5.58580626
1772384220.0,66185.0,66231.0,66123.0,66123.0,2.98883723
1772384280.0,66137.0,66178.0,66109.0,66178.0,1.00403842
1772384340.0,66179.0,66180.0,66118.0,66137.0,1.94548952
1772384400.0,66139.0,66208.0,66124.0,66175.0,1.87541398
1772384460.0,66177.0,66199.0,66061.0,66076.0,4.97300343
1772384520.0,66073.0,66148.0,65988.0,66122.0,5.65143577
1772384580.0,66114.0,66219.0,66079.0,66086.0,4.21786509
1772384640.0,66076.0,66133.0,66070.0,66133.0,1.07528264
1772384700.0,66132.0,66206.0,66121.0,66193.0,0.56278804
1772384760.0,66180.0,66219.0,66180.0,66219.0,0.28056142
1772384820.0,66214.0,66214.0,66113.0,66113.0,2.86080985
1772384880.0,66103.0,66166.0,66103.0,66162.0,3.50052931
1772384940.0,66163.0,66207.0,66159.0,66181.0,4.42368145
1772385000.0,66198.0,66216.0,66198.0,66214.0,0.12819375
1772385060.0,66213.0,66215.0,66113.0,66115.0,3.44092478
1772385120.0,66115.0,66192.0,66088.0,66088.0,4.98329272
1772385180.0,66073.0,66073.0,66008.0,66066.0,2.90258993
1772385240.0,66076.0,66128.0,66056.0,66122.0,4.84420775
1772385300.0,66122.0,66127.0,66103.0,66120.0,2.95831525
1772385360.0,66120.0,66125.0,65989.0,66015.0,4.36751761
1772385420.0,65982.0,65982.0,65757.0,65771.0,14.92026942
1772385480.0,65785.0,65822.0,65734.0,65735.0,5.75060012
1772385540.0,65740.0,65850.0,65737.0,65832.0,4.22171803
1772385600.0,65847.0,65896.0,65827.0,65884.0,2.17148524
1772385660.0,65861.0,65891.0,65743.0,65891.0,7.12851264
1772385720.0,65887.0,65980.0,65885.0,65895.0,2.15438501
1772385780.0,65893.0,65950.0,65883.0,65927.0,0.7290649
1772385840.0,65928.0,66065.0,65928.0,66011.0,5.26076184
1772385900.0,66012.0,66021.0,66003.0,66021.0,0.69136374
1772385960.0,66025.0,66074.0,66025.0,66074.0,0.87566942
1772386020.0,66061.0,66073.0,66046.0,66046.0,0.84504454
1772386080.0,66042.0,66042.0,65988.0,66010.0,1.29698521
1772386140.0,65979.0,65993.0,65964.0,65993.0,3.83830426
1772386200.0,66028.0,66073.0,66028.0,66052.0,1.49508915
1772386260.0,66052.0,66052.0,65990.0,65992.0,0.47921899
1772386320.0,65998.0,65998.0,65942.0,65951.0,0.32242694
1772386380.0,65952.0,66038.0,65952.0,66029.0,1.94770328
1772386440.0,66028.0,66063.0,66024.0,66062.0,0.27961086
1772386500.0,66063.0,66066.0,66052.0,66063.0,0.58178042
1772386560.0,66109.0,66127.0,66055.0,66070.0,0.59721382
1772386620.0,66073.0,66096.0,66073.0,66082.0,0.32304633
1772386680.0,66082.0,66082.0,66059.0,66079.0,0.97352971
1772386740.0,66080.0,66139.0,66046.0,66049.0,3.42602415
1772386800.0,66049.0,66062.0,66013.0,66031.0,0.62483778
1772386860.0,66047.0,66096.0,66047.0,66096.0,0.60379143
1772386920.0,66091.0,66091.0,66069.0,66080.0,0.50414607
1772386980.0,66073.0,66074.0,66049.0,66064.0,0.02152062
1772387040.0,66058.0,66077.0,66057.0,66063.0,0.82675389
1772387100.0,66004.0,66004.0,65934.0,65972.0,6.4066326
1772387160.0,66001.0,66001.0,65968.0,65997.0,1.15503748
1772387220.0,66015.0,66033.0,66007.0,66010.0,1.08055701
1772387280.0,66014.0,66104.0,65999.0,66066.0,1.6112538
1772387340.0,66071.0,66071.0,65987.0,66054.0,7.65288901
1772387400.0,66056.0,66056.0,66017.0,66017.0,1.58061888
1772387460.0,66017.0,66070.0,66017.0,66070.0,0.1192572
1772387520.0,66075.0,66116.0,66075.0,66100.0,4.93133811
1772387580.0,66101.0,66109.0,66073.0,66092.0,0.97416053
1772387640.0,66096.0,66096.0,66040.0,66040.0,3.46962068
1772387700.0,66019.0,66019.0,65979.0,65990.0,0.41416718
1772387760.0,65990.0,66097.0,65990.0,66096.0,3.04814765
1772387820.0,66077.0,66081.0,66057.0,66057.0,0.44679976
1772387880.0,66057.0,66075.0,65996.0,66074.0,5.15631131
1772387940.0,66069.0,66069.0,65979.0,65979.0,5.41402162
1772388000.0,66006.0,66049.0,65995.0,66037.0,1.26208864
1772388060.0,66039.0,66056.0,65996.0,66056.0,0.93430357
1772388120.0,66059.0,66084.0,66054.0,66070.0,0.7543678
1772388180.0,66070.0,66375.0,66070.0,66365.0,65.96123797
1772388240.0,66366.0,66502.0,66232.0,66392.0,24.0721429
1772388300.0,66397.0,66482.0,66397.0,66450.0,7.83483756
1772388360.0,66448.0,66494.0,66429.0,66478.0,1.14861899
1772388420.0,66501.0,66565.0,66455.0,66556.0,17.20338543
1772388480.0,66556.0,66584.0,66504.0,66504.0,3.92073693
1772388540.0,66498.0,66503.0,66493.0,66493.0,1.34355466
1772388600.0,66479.0,66479.0,66437.0,66463.0,0.98954777
1772388660.0,66460.0,66465.0,66437.0,66437.0,0.66292893
1772388720.0,66438.0,66444.0,66383.0,66438.0,2.03503321
1772388780.0,66429.0,66430.0,66418.0,66427.0,0.61700683
1772388840.0,66427.0,66427.0,66394.0,66397.0,1.13837076
1772388900.0,66403.0,66494.0,66403.0,66478.0,2.43574147
1772388960.0,66466.0,66654.0,66466.0,66600.0,12.46677328
1772389020.0,66589.0,66597.0,66525.0,66538.0,1.0537377
1772389080.0,66535.0,66535.0,66496.0,66496.0,0.88758261
1772389140.0,66493.0,66493.0,66404.0,66404.0,2.24551341
1772389200.0,66395.0,66456.0,66368.0,66456.0,4.41905338
1772389260.0,66455.0,66464.0,66429.0,66430.0,0.11267421
1772389320.0,66416.0,66417.0,66407.0,66409.0,0.7583902
1772389380.0,66409.0,66428.0,66382.0,66390.0,5.60685899
1772389440.0,66390.0,66412.0,66375.0,66375.0,0.80919278
1772389500.0,66371.0,66392.0,66371.0,66384.0,0.82757924
1772389560.0,66390.0,66395.0,66383.0,66395.0,0.37801916
1772389620.0,66417.0,66419.0,66396.0,66396.0,0.29718392
1772389680.0,66407.0,66429.0,66406.0,66429.0,0.49875063
1772389740.0,66431.0,66431.0,66415.0,66418.0,0.68410139
1772389800.0,66417.0,66436.0,66407.0,66436.0,0.07933186
1772389860.0,66424.0,66424.0,66353.0,66353.0,0.01823501
1772389920.0,66334.0,66334.0,66266.0,66292.0,2.07974047
1772389980.0,66286.0,66340.0,66250.0,66331.0,2.19167362
1772390040.0,66331.0,66435.0,66318.0,66409.0,1.8077918
1772390100.0,66409.0,66444.0,66409.0,66425.0,0.68181131
1772390160.0,66420.0,66420.0,66402.0,66403.0,1.19894183
1772390220.0,66404.0,66430.0,66374.0,66374.0,1.88003861
1772390280.0,66386.0,66387.0,66386.0,66387.0,0.01267491
1772390340.0,66393.0,66399.0,66386.0,66392.0,0.3249887
1772390400.0,66381.0,66381.0,66371.0,66376.0,0.61564998
1772390460.0,66377.0,66405.0,66377.0,66405.0,0.30416152
1772390520.0,66417.0,66433.0,66411.0,66417.0,0.57220403
1772390580.0,66417.0,66417.0,66416.0,66416.0,0.01251711
1772390640.0,66393.0,66393.0,66363.0,66370.0,0.18446408
1772390700.0,66385.0,66401.0,66382.0,66401.0,0.46922528
1772390760.0,66430.0,66430.0,66382.0,66407.0,1.70337953
1772390820.0,66409.0,66421.0,66364.0,66364.0,3.82687778
1772390880.0,66372.0,66397.0,66372.0,66397.0,0.77576949
1772390940.0,66399.0,66400.0,66375.0,66375.0,2.73749638
1772391000.0,66375.0,66381.0,66337.0,66337.0,0.89255653
1772391060.0,66338.0,66369.0,66338.0,66367.0,0.28790371
1772391120.0,66376.0,66376.0,66350.0,66350.0,0.52874298
1772391180.0,66345.0,66356.0,66345.0,66356.0,0.01237443
1772391240.0,66360.0,66361.0,66280.0,66285.0,6.691518
1772391300.0,66284.0,66296.0,66243.0,66296.0,0.49841116
1772391360.0,66299.0,66322.0,66299.0,66313.0,0.65819017
1772391420.0,66313.0,66315.0,66307.0,66311.0,0.34687792
1772391480.0,66308.0,66308.0,66272.0,66300.0,0.97087327
1772391540.0,66310.0,66317.0,66310.0,66317.0,0.26831119
1772391600.0,66319.0,66330.0,66296.0,66319.0,1.01033957
1772391660.0,66313.0,66345.0,66293.0,66339.0,0.64315828
1772391720.0,66334.0,66345.0,66334.0,66343.0,0.27662306
1772391780.0,66343.0,66343.0,66310.0,66310.0,0.53694195
1772391840.0,66310.0,66337.0,66283.0,66283.0,0.61370452
1772391900.0,66281.0,66300.0,66281.0,66300.0,0.01705172
1772391960.0,66301.0,66301.0,66189.0,66191.0,11.06648205
1772392020.0,66192.0,66229.0,66192.0,66205.0,1.7784077
1772392080.0,66204.0,66204.0,66157.0,66167.0,6.63156784
1772392140.0,66167.0,66300.0,66167.0,66300.0,4.24281722
1772392200.0,66307.0,66307.0,66303.0,66303.0,1.26509762
1772392260.0,66309.0,66309.0,66284.0,66284.0,1.01314815
1772392320.0,66276.0,66276.0,66218.0,66218.0,0.56060368
1772392380.0,66218.0,66219.0,66181.0,66182.0,5.77529396
1772392440.0,66181.0,66181.0,66065.0,66070.0,15.95084019
1772392500.0,66076.0,66119.0,66076.0,66107.0,2.39181161
1772392560.0,66068.0,66076.0,66010.0,66010.0,42.57882172
1772392620.0,66010.0,66041.0,65963.0,65963.0,4.35619958
1772392680.0,65963.0,66011.0,65963.0,65987.0,2.53324541
1772392740.0,65990.0,66067.0,65990.0,66058.0,0.78077064
1772392800.0,66052.0,66052.0,66035.0,66035.0,0.06724867
1772392860.0,66036.0,66041.0,66029.0,66029.0,0.56624997
1772392920.0,66030.0,66061.0,66030.0,66061.0,0.05659228
1772392980.0,66069.0,66069.0,65991.0,65991.0,0.02938213
1772393040.0,65995.0,66023.0,65995.0,66008.0,0.41262885
1772393100.0,66027.0,66027.0,65972.0,65972.0,0.43544737
1772393160.0,65991.0,66010.0,65985.0,65985.0,0.58248223
1772393220.0,65985.0,66009.0,65985.0,66009.0,0.18672358
1772393280.0,66009.0,66028.0,66009.0,66027.0,0.35051726
1772393340.0,66032.0,66038.0,66009.0,66009.0,0.01006464
1772393400.0,66019.0,66102.0,66000.0,66102.0,11.11841253
1772393460.0,66092.0,66120.0,66039.0,66056.0,2.56775737
1772393520.0,66043.0,66043.0,65965.0,65978.0,4.92390638
1772393580.0,65978.0,66042.0,65978.0,66016.0,8.04286053
1772393640.0,66016.0,66016.0,66005.0,66005.0,0.68050583
1772393700.0,66012.0,66036.0,66012.0,66026.0,0.95700714
1772393760.0,66021.0,66047.0,66020.0,66043.0,0.37499067
1772393820.0,66044.0,66048.0,66003.0,66003.0,1.82958992
1772393880.0,66023.0,66025.0,66021.0,66022.0,0.27288291
1772393940.0,66021.0,66057.0,66000.0,66000.0,2.75821345
1772394000.0,65998.0,66036.0,65998.0,66036.0,0.22136078
1772394060.0,66035.0,66038.0,66027.0,66028.0,0.63490733
1772394120.0,66027.0,66028.0,65980.0,65980.0,2.01613402
1772394180.0,65976.0,65976.0,65898.0,65898.0,3.56845579
1772394240.0,65896.0,65896.0,65788.0,65824.0,15.95440953
1772394300.0,65825.0,65872.0,65825.0,65869.0,5.51659331
1772394360.0,65868.0,65902.0,65854.0,65902.0,0.50725518
1772394420.0,65896.0,65919.0,65888.0,65919.0,0.92359986
1772394480.0,65918.0,65947.0,65918.0,65929.0,0.20886381
1772394540.0,65929.0,65929.0,65900.0,65910.0,1.41804911
1772394600.0,65911.0,65911.0,65850.0,65854.0,0.76379882
1772394660.0,65857.0,65860.0,65822.0,65846.0,0.40750545
1772394720.0,65868.0,65882.0,65863.0,65882.0,0.17409247
1772394780.0,65881.0,65881.0,65872.0,65879.0,0.03971191
1772394840.0,65879.0,65916.0,65879.0,65916.0,0.76527388
1772394900.0,65917.0,65942.0,65917.0,65923.0,1.97150935
1772394960.0,65923.0,65961.0,65923.0,65959.0,4.06087751
1772395020.0,65959.0,66008.0,65959.0,65968.0,4.18901175
1772395080.0,65963.0,65963.0,65948.0,65960.0,0.49232369
1772395140.0,65971.0,65971.0,65970.0,65970.0,0.02138725
1772395200.0,65969.0,65969.0,65955.0,65967.0,0.74914367
1772395260.0,65967.0,65967.0,65870.0,65875.0,1.80847697
1772395320.0,65888.0,65888.0,65874.0,65874.0,0.08386043
1772395380.0,65865.0,65865.0,65835.0,65851.0,0.18368124
1772395440.0,65854.0,65931.0,65854.0,65931.0,0.27555601
1772395500.0,65931.0,65958.0,65931.0,65947.0,0.77637852
1772395560.0,65946.0,65946.0,65894.0,65894.0,0.33380003
1772395620.0,65863.0,65864.0,65781.0,65781.0,1.16193924
1772395680.0,65773.0,65834.0,65686.0,65698.0,15.19895006
1772395740.0,65698.0,65730.0,65588.0,65593.0,5.65803492
1772395800.0,65585.0,65597.0,65520.0,65575.0,13.53609014
1772395860.0,65568.0,65568.0,65470.0,65485.0,10.40378397
1772395920.0,65476.0,65483.0,65428.0,65460.0,4.42635882
1772395980.0,65458.0,65505.0,65395.0,65505.0,8.51251205
1772396040.0,65526.0,65558.0,65447.0,65463.0,2.15285601
1772396100.0,65473.0,65565.0,65473.0,65564.0,2.11046592
1772396160.0,65567.0,65618.0,65486.0,65486.0,9.24561577
1772396220.0,65501.0,65509.0,65416.0,65448.0,7.70391605
1772396280.0,65454.0,65495.0,65454.0,65495.0,0.33223715
1772396340.0,65495.0,65523.0,65474.0,65511.0,0.39532084
1772396400.0,65503.0,65538.0,65495.0,65525.0,0.87118248
1772396460.0,65529.0,65557.0,65423.0,65428.0,2.9120147
1772396520.0,65439.0,65457.0,65395.0,65435.0,1.73762304
1772396580.0,65434.0,65439.0,65420.0,65432.0,1.51384211
1772396640.0,65441.0,65455.0,65434.0,65440.0,0.75482179
1772396700.0,65438.0,65480.0,65433.0,65434.0,0.59348204
1772396760.0,65434.0,65451.0,65421.0,65428.0,2.16752559
1772396820.0,65439.0,65461.0,65439.0,65456.0,0.27859705
1772396880.0,65453.0,65453.0,65401.0,65412.0,1.59830314
1772396940.0,65401.0,65413.0,65324.0,65324.0,9.75627641
1772397000.0,65325.0,65368.0,65265.0,65283.0,6.21115075
1772397060.0,65283.0,65366.0,65283.0,65300.0,2.51757777
1772397120.0,65306.0,65306.0,65194.0,65241.0,6.01080638
1772397180.0,65233.0,65290.0,65120.0,65122.0,12.98479287
1772397240.0,65125.0,65241.0,65125.0,65220.0,5.88859943
1772397300.0,65219.0,65232.0,65106.0,65106.0,7.01453695
1772397360.0,65105.0,65281.0,65092.0,65260.0,19.50240708
1772397420.0,65260.0,65264.0,65240.0,65250.0,3.95064613
1772397480.0,65249.0,65276.0,65231.0,65276.0,2.37210729
1772397540.0,65283.0,65284.0,65206.0,65206.0,3.19259349
1772397600.0,65177.0,65238.0,65115.0,65115.0,8.13040025
1772397660.0,65150.0,65188.0,65127.0,65188.0,3.54238857
1772397720.0,65197.0,65215.0,65169.0,65169.0,1.00198587
1772397780.0,65179.0,65192.0,65179.0,65185.0,0.40649856
1772397840.0,65185.0,65273.0,65181.0,65268.0,8.41967883
1772397900.0,65257.0,65312.0,65242.0,65312.0,1.40775371
1772397960.0,65313.0,65315.0,65269.0,65269.0,4.93393645
1772398020.0,65281.0,65285.0,65231.0,65234.0,3.80200252
1772398080.0,65236.0,65256.0,65211.0,65217.0,2.87524442
1772398140.0,65226.0,65226.0,65207.0,65221.0,1.41149686
1772398200.0,65222.0,65256.0,65222.0,65256.0,2.54518407
1772398260.0,65288.0,65351.0,65288.0,65330.0,7.93873854
1772398320.0,65330.0,65393.0,65315.0,65388.0,2.71780176
1772398380.0,65389.0,65389.0,65355.0,65366.0,1.17909249
1772398440.0,65343.0,65351.0,65300.0,65312.0,1.23702748
1772398500.0,65318.0,65318.0,65297.0,65304.0,0.44094253
1772398560.0,65304.0,65353.0,65300.0,65347.0,3.12487701
1772398620.0,65351.0,65352.0,65289.0,65292.0,5.03358196
1772398680.0,65292.0,65390.0,65291.0,65390.0,6.77181127
1772398740.0,65377.0,65379.0,65313.0,65313.0,4.49798832
1772398800.0,65300.0,65335.0,65298.0,65335.0,1.39676376
1772398860.0,65334.0,65369.0,65327.0,65362.0,2.8373976
1772398920.0,65351.0,65378.0,65351.0,65353.0,1.01026713
1772398980.0,65384.0,65409.0,65337.0,65337.0,2.11174028
1772399040.0,65347.0,65356.0,65294.0,65294.0,0.84808704
1772399100.0,65288.0,65340.0,65288.0,65335.0,0.83340435
1772399160.0,65318.0,65351.0,65308.0,65351.0,1.55686433
1772399220.0,65351.0,65352.0,65320.0,65336.0,0.745583
1772399280.0,65336.0,65353.0,65333.0,65353.0,0.27304119
1772399340.0,65358.0,65365.0,65332.0,65335.0,6.49162446
1772399400.0,65335.0,65367.0,65335.0,65367.0,0.54697242
1772399460.0,65367.0,65465.0,65367.0,65461.0,1.87439934
1772399520.0,65468.0,65513.0,65454.0,65505.0,3.81955755
1772399580.0,65501.0,65536.0,65501.0,65519.0,4.53028294
1772399640.0,65509.0,65531.0,65492.0,65518.0,1.27183098
1772399700.0,65516.0,65540.0,65513.0,65540.0,0.52091589
1772399760.0,65540.0,65540.0,65506.0,65515.0,2.22342695
1772399820.0,65515.0,65515.0,65483.0,65501.0,0.42864528
1772399880.0,65490.0,65513.0,65490.0,65501.0,0.46156789
1772399940.0,65521.0,65575.0,65520.0,65575.0,2.30576233
1772400000.0,65575.0,65614.0,65570.0,65614.0,2.30281687
1772400060.0,65631.0,65678.0,65617.0,65662.0,44.70906303
1772400120.0,65667.0,65676.0,65641.0,65641.0,2.56651428
1772400180.0,65659.0,65659.0,65618.0,65618.0,0.64211206
1772400240.0,65605.0,65620.0,65605.0,65614.0,0.46529829
1772400300.0,65614.0,65614.0,65574.0,65574.0,2.67456406
1772400360.0,65581.0,65581.0,65499.0,65499.0,4.19418244
1772400420.0,65523.0,65536.0,65523.0,65535.0,0.27933281
1772400480.0,65545.0,65589.0,65544.0,65575.0,0.47906308
1772400540.0,65574.0,65616.0,65536.0,65610.0,2.49515776
1772400600.0,65578.0,65578.0,65565.0,65571.0,0.45134687
1772400660.0,65563.0,65563.0,65546.0,65546.0,0.25000927
1772400720.0,65543.0,65583.0,65543.0,65583.0,0.47450711
1772400780.0,65595.0,65637.0,65595.0,65637.0,2.08174802
1772400840.0,65641.0,65641.0,65560.0,65560.0,3.22297052
1772400900.0,65566.0,65600.0,65566.0,65600.0,0.19930392
1772400960.0,65628.0,65629.0,65618.0,65629.0,0.20678708
1772401020.0,65625.0,65628.0,65609.0,65614.0,0.23178836
1772401080.0,65622.0,65641.0,65622.0,65641.0,0.03154164
1772401140.0,65644.0,65677.0,65644.0,65677.0,0.02089389
1772401200.0,65672.0,65694.0,65669.0,65691.0,1.58504793
1772401260.0,65690.0,65690.0,65628.0,65638.0,1.53266247
1772401320.0,65638.0,65639.0,65553.0,65569.0,5.84236347
1772401380.0,65576.0,65599.0,65576.0,65599.0,1.97205703
1772401440.0,65599.0,65670.0,65599.0,65669.0,2.9924186
1772401500.0,65678.0,65678.0,65630.0,65630.0,1.29104451
1772401560.0,65631.0,65631.0,65615.0,65615.0,0.06606922
1772401620.0,65609.0,65609.0,65584.0,65584.0,0.01979862
1772401680.0,65596.0,65615.0,65589.0,65601.0,0.48254573
1772401740.0,65620.0,65674.0,65613.0,65674.0,7.91251673
1772401800.0,65670.0,65670.0,65654.0,65664.0,0.27661017
1772401860.0,65677.0,65695.0,65677.0,65686.0,0.41421933
1772401920.0,65686.0,65686.0,65678.0,65683.0,0.3909297
1772401980.0,65687.0,65688.0,65687.0,65688.0,0.01597395
1772402040.0,65692.0,65692.0,65655.0,65666.0,0.21004262
1772402100.0,65667.0,65701.0,65667.0,65686.0,0.28008863
1772402160.0,65702.0,65702.0,65701.0,65702.0,0.59824058
1772402220.0,65710.0,65717.0,65705.0,65705.0,1.90009032
1772402280.0,65706.0,65751.0,65706.0,65746.0,2.43358218
1772402340.0,65741.0,65748.0,65681.0,65682.0,6.87398291
1772402400.0,65675.0,65683.0,65626.0,65652.0,1.38627056
1772402460.0,65669.0,65711.0,65664.0,65694.0,0.67992683
1772402520.0,65698.0,65701.0,65676.0,65701.0,0.12925647
1772402580.0,65719.0,65749.0,65719.0,65749.0,0.2974749
1772402640.0,65770.0,65773.0,65741.0,65741.0,2.66081618
1772402700.0,65737.0,65752.0,65694.0,65694.0,0.48944763
1772402760.0,65699.0,65727.0,65699.0,65719.0,0.04591057
1772402820.0,65707.0,65707.0,65657.0,65657.0,0.20707401
1772402880.0,65671.0,65672.0,65599.0,65605.0,0.14373868
1772402940.0,65609.0,65609.0,65546.0,65546.0,0.81106936
1772403000.0,65534.0,65558.0,65531.0,65556.0,0.31237459
1772403060.0,65563.0,65605.0,65556.0,65605.0,0.05697708
1772403120.0,65608.0,65636.0,65603.0,65636.0,0.29976362
1772403180.0,65652.0,66466.0,65652.0,66273.0,60.22508825
1772403240.0,66270.0,66270.0,66006.0,66006.0,4.23026941
1772403300.0,66034.0,66136.0,66001.0,66109.0,3.82107857
1772403360.0,66104.0,66184.0,65986.0,66143.0,9.76040606
1772403420.0,66039.0,66103.0,66039.0,66085.0,1.65272396
1772403480.0,66096.0,66165.0,66096.0,66154.0,2.01119736
1772403540.0,66190.0,66198.0,66118.0,66118.0,1.88784064
1772403600.0,66090.0,66098.0,66078.0,66085.0,0.55091875
1772403660.0,66085.0,66106.0,66028.0,66028.0,1.54363831
1772403720.0,66022.0,66058.0,66001.0,66058.0,2.24159745
1772403780.0,66055.0,66093.0,66040.0,66087.0,0.47122896
1772403840.0,66088.0,66130.0,66087.0,66130.0,0.50750961
1772403900.0,66122.0,66122.0,66042.0,66042.0,3.08740373
1772403960.0,66051.0,66051.0,65827.0,65827.0,7.48133638
1772404020.0,65822.0,65822.0,65767.0,65781.0,1.47383013
1772404080.0,65780.0,65846.0,65779.0,65833.0,4.58278017
1772404140.0,65838.0,65940.0,65838.0,65895.0,7.90524544
1772404200.0,65899.0,65899.0,65883.0,65895.0,0.05262055
1772404260.0,65901.0,65958.0,65878.0,65878.0,0.83941716
1772404320.0,65878.0,65878.0,65731.0,65753.0,4.29062235
1772404380.0,65727.0,65775.0,65719.0,65760.0,1.11996003
1772404440.0,65731.0,65731.0,65255.0,65297.0,65.68084514
1772404500.0,65301.0,65398.0,65268.0,65390.0,5.28004904
1772404560.0,65402.0,65432.0,65161.0,65197.0,13.8182194
1772404620.0,65199.0,65306.0,65166.0,65267.0,7.74294857
1772404680.0,65262.0,65262.0,65144.0,65190.0,5.86568455
1772404740.0,65206.0,65302.0,65206.0,65301.0,4.74356049
1772404800.0,65302.0,65326.0,65268.0,65326.0,3.31150294
1772404860.0,65352.0,65554.0,65352.0,65497.0,10.88912659
1772404920.0,65496.0,65496.0,65395.0,65441.0,1.84501042
1772404980.0,65436.0,65440.0,65385.0,65422.0,2.78698073
1772405040.0,65424.0,65432.0,65362.0,65383.0,1.8153526
1772405100.0,65397.0,65405.0,65269.0,65281.0,4.56544484
1772405160.0,65294.0,65334.0,65235.0,65262.0,5.31619513
1772405220.0,65263.0,65263.0,65086.0,65107.0,13.72055807
1772405280.0,65118.0,65118.0,65081.0,65083.0,4.77854976
1772405340.0,65074.0,65201.0,65051.0,65138.0,8.59165984
1772405400.0,65152.0,65238.0,65152.0,65205.0,5.96254209
1772405460.0,65228.0,65275.0,65186.0,65240.0,11.54976297
1772405520.0,65259.0,65275.0,65259.0,65264.0,6.00673119
1772405580.0,65261.0,65289.0,65257.0,65289.0,3.34419152
1772405640.0,65290.0,65360.0,65290.0,65344.0,6.77514368
1772405700.0,65345.0,65361.0,65264.0,65291.0,3.72078068
1772405760.0,65269.0,65269.0,65211.0,65255.0,3.06342603
1772405820.0,65256.0,65284.0,65229.0,65283.0,0.28702953
1772405880.0,65263.0,65288.0,65236.0,65236.0,1.6014877
1772405940.0,65238.0,65238.0,65196.0,65238.0,3.19532645
1772406000.0,65245.0,65298.0,65124.0,65298.0,7.69011907
1772406060.0,65297.0,65363.0,65264.0,65363.0,4.66487983
1772406120.0,65364.0,65591.0,65351.0,65572.0,41.52650095
1772406180.0,65571.0,65589.0,65509.0,65563.0,11.70159241
1772406240.0,65574.0,65694.0,65552.0,65690.0,28.17319611
1772406300.0,65694.0,65740.0,65673.0,65729.0,4.55760637
1772406360.0,65721.0,65867.0,65721.0,65850.0,32.41587354
1772406420.0,65846.0,65900.0,65803.0,65834.0,6.88356827
1772406480.0,65831.0,65866.0,65741.0,65749.0,2.07692942
1772406540.0,65747.0,66026.0,65747.0,66026.0,8.91462582
1772406600.0,66025.0,66077.0,65993.0,66013.0,26.60032054
1772406660.0,66010.0,66039.0,65971.0,65993.0,4.01434535
1772406720.0,65985.0,65985.0,65824.0,65853.0,1.53707489
1772406780.0,65862.0,65888.0,65809.0,65809.0,1.71724057
1772406840.0,65827.0,65854.0,65804.0,65836.0,1.16834085
1772406900.0,65797.0,65886.0,65788.0,65803.0,3.32983404
1772406960.0,65814.0,65886.0,65776.0,65794.0,1.63397638
1772407020.0,65788.0,65812.0,65738.0,65782.0,16.82227376
1772407080.0,65782.0,65850.0,65770.0,65770.0,4.57696486
1772407140.0,65770.0,65838.0,65755.0,65838.0,1.96651767
1772407200.0,65823.0,65870.0,65775.0,65828.0,2.08246718
1772407260.0,65824.0,65831.0,65731.0,65734.0,2.9819889
1772407320.0,65699.0,65723.0,65682.0,65723.0,0.48227747
1772407380.0,65726.0,65726.0,65680.0,65687.0,0.9860581
1772407440.0,65687.0,65788.0,65682.0,65788.0,3.27355276
1772407500.0,65788.0,65793.0,65742.0,65772.0,0.43212041
1772407560.0,65772.0,65772.0,65733.0,65758.0,0.26650626
1772407620.0,65759.0,65767.0,65650.0,65650.0,0.78161741
1772407680.0,65650.0,65667.0,65630.0,65652.0,0.19354548
1772407740.0,65653.0,65670.0,65620.0,65635.0,0.37002095
1772407800.0,65635.0,65649.0,65612.0,65649.0,0.03761972
1772407860.0,65649.0,65688.0,65623.0,65687.0,0.39175332
1772407920.0,65689.0,65697.0,65638.0,65645.0,0.77479768
1772407980.0,65645.0,65654.0,65613.0,65627.0,0.20348635
1772408040.0,65615.0,65643.0,65612.0,65612.0,0.55283643
1772408100.0,65634.0,65663.0,65616.0,65625.0,0.06823284
1772408160.0,65624.0,65766.0,65624.0,65758.0,1.57556245
1772408220.0,65765.0,65765.0,65717.0,65764.0,1.57797429
1772408280.0,65763.0,65831.0,65761.0,65811.0,2.30700393
1772408340.0,65816.0,65876.0,65808.0,65857.0,4.252385
1772408400.0,65857.0,65857.0,65725.0,65742.0,2.22704849
1772408460.0,65741.0,65747.0,65729.0,65738.0,0.22451527
1772408520.0,65741.0,65768.0,65692.0,65707.0,2.10216605
1772408580.0,65691.0,65728.0,65668.0,65726.0,0.18708814
1772408640.0,65723.0,65792.0,65723.0,65783.0,1.00913932
1772408700.0,65745.0,65745.0,65679.0,65686.0,1.55966403
1772408760.0,65686.0,65751.0,65686.0,65724.0,0.20358489
1772408820.0,65718.0,65739.0,65709.0,65719.0,0.48743555
1772408880.0,65721.0,65779.0,65721.0,65779.0,1.63072617
1772408940.0,65771.0,65869.0,65771.0,65826.0,4.50683025
1772409000.0,65824.0,65824.0,65740.0,65789.0,1.25149628
1772409060.0,65783.0,65783.0,65704.0,65711.0,0.9722355
1772409120.0,65711.0,65711.0,65670.0,65702.0,0.71301126
1772409180.0,65703.0,65718.0,65692.0,65718.0,0.06262261
1772409240.0,65713.0,65723.0,65698.0,65701.0,0.03139718
1772409300.0,65700.0,65705.0,65669.0,65695.0,2.44759513
1772409360.0,65679.0,65701.0,65679.0,65701.0,0.31116457
1772409420.0,65701.0,65731.0,65680.0,65731.0,0.42328934
1772409480.0,65722.0,65742.0,65720.0,65730.0,1.29865396
1772409540.0,65746.0,65771.0,65746.0,65771.0,1.10936217
